Ar impurity densities (m-3), all charge states (19)
========================================================================================================================================================================================================================================================================================
   time (s)       Z = 0         Z = 1         Z = 2         Z = 3         Z = 4         Z = 5         Z = 6         Z = 7         Z = 8         Z = 9         Z = 10        Z = 11        Z = 12        Z = 13        Z = 14        Z = 15        Z = 16        Z = 17        Z = 18    
========================================================================================================================================================================================================================================================================================
 0.000000e+00  0.000000e+00  0.000000e+00  0.000000e+00  0.000000e+00  0.000000e+00  0.000000e+00  0.000000e+00  0.000000e+00  0.000000e+00  0.000000e+00  0.000000e+00  0.000000e+00  0.000000e+00  0.000000e+00  0.000000e+00  0.000000e+00  0.000000e+00  0.000000e+00  0.000000e+00 
 3.003003e-01  0.000000e+00  0.000000e+00  0.000000e+00  0.000000e+00  0.000000e+00  0.000000e+00  0.000000e+00  0.000000e+00  0.000000e+00  0.000000e+00  0.000000e+00  0.000000e+00  0.000000e+00  0.000000e+00  0.000000e+00  0.000000e+00  0.000000e+00  0.000000e+00  0.000000e+00 
 6.006006e-01  0.000000e+00  0.000000e+00  0.000000e+00  0.000000e+00  0.000000e+00  0.000000e+00  0.000000e+00  0.000000e+00  0.000000e+00  0.000000e+00  0.000000e+00  0.000000e+00  0.000000e+00  0.000000e+00  0.000000e+00  0.000000e+00  0.000000e+00  0.000000e+00  0.000000e+00 
 9.009009e-01  0.000000e+00  0.000000e+00  0.000000e+00  0.000000e+00  0.000000e+00  0.000000e+00  0.000000e+00  0.000000e+00  0.000000e+00  0.000000e+00  0.000000e+00  0.000000e+00  0.000000e+00  0.000000e+00  0.000000e+00  0.000000e+00  0.000000e+00  0.000000e+00  0.000000e+00 
 1.201201e+00  0.000000e+00  0.000000e+00  0.000000e+00  0.000000e+00  0.000000e+00  0.000000e+00  0.000000e+00  0.000000e+00  0.000000e+00  0.000000e+00  0.000000e+00  0.000000e+00  0.000000e+00  0.000000e+00  0.000000e+00  0.000000e+00  0.000000e+00  0.000000e+00  0.000000e+00 
 1.501502e+00  0.000000e+00  0.000000e+00  0.000000e+00  0.000000e+00  0.000000e+00  0.000000e+00  0.000000e+00  0.000000e+00  0.000000e+00  0.000000e+00  0.000000e+00  0.000000e+00  0.000000e+00  0.000000e+00  0.000000e+00  0.000000e+00  0.000000e+00  0.000000e+00  0.000000e+00 
 1.801802e+00  0.000000e+00  0.000000e+00  0.000000e+00  0.000000e+00  0.000000e+00  0.000000e+00  0.000000e+00  0.000000e+00  0.000000e+00  0.000000e+00  0.000000e+00  0.000000e+00  0.000000e+00  0.000000e+00  0.000000e+00  0.000000e+00  0.000000e+00  0.000000e+00  0.000000e+00 
 2.102102e+00  0.000000e+00  0.000000e+00  0.000000e+00  0.000000e+00  0.000000e+00  0.000000e+00  0.000000e+00  0.000000e+00  0.000000e+00  0.000000e+00  0.000000e+00  0.000000e+00  0.000000e+00  0.000000e+00  0.000000e+00  0.000000e+00  0.000000e+00  0.000000e+00  0.000000e+00 
 2.402402e+00  0.000000e+00  0.000000e+00  0.000000e+00  0.000000e+00  0.000000e+00  0.000000e+00  0.000000e+00  0.000000e+00  0.000000e+00  0.000000e+00  0.000000e+00  0.000000e+00  0.000000e+00  0.000000e+00  0.000000e+00  0.000000e+00  0.000000e+00  0.000000e+00  0.000000e+00 
 2.702703e+00  0.000000e+00  0.000000e+00  0.000000e+00  0.000000e+00  0.000000e+00  0.000000e+00  0.000000e+00  0.000000e+00  0.000000e+00  0.000000e+00  0.000000e+00  0.000000e+00  0.000000e+00  0.000000e+00  0.000000e+00  0.000000e+00  0.000000e+00  0.000000e+00  0.000000e+00 
 3.003003e+00  0.000000e+00  0.000000e+00  0.000000e+00  0.000000e+00  0.000000e+00  0.000000e+00  0.000000e+00  0.000000e+00  0.000000e+00  0.000000e+00  0.000000e+00  0.000000e+00  0.000000e+00  0.000000e+00  0.000000e+00  0.000000e+00  0.000000e+00  0.000000e+00  0.000000e+00 
 3.303303e+00  0.000000e+00  0.000000e+00  0.000000e+00  0.000000e+00  0.000000e+00  0.000000e+00  0.000000e+00  0.000000e+00  0.000000e+00  0.000000e+00  0.000000e+00  0.000000e+00  0.000000e+00  0.000000e+00  0.000000e+00  0.000000e+00  0.000000e+00  0.000000e+00  0.000000e+00 
 3.603604e+00  0.000000e+00  0.000000e+00  0.000000e+00  0.000000e+00  0.000000e+00  0.000000e+00  0.000000e+00  0.000000e+00  0.000000e+00  0.000000e+00  0.000000e+00  0.000000e+00  0.000000e+00  0.000000e+00  0.000000e+00  0.000000e+00  0.000000e+00  0.000000e+00  0.000000e+00 
 3.903904e+00  0.000000e+00  0.000000e+00  0.000000e+00  0.000000e+00  0.000000e+00  0.000000e+00  0.000000e+00  0.000000e+00  0.000000e+00  0.000000e+00  0.000000e+00  0.000000e+00  0.000000e+00  0.000000e+00  0.000000e+00  0.000000e+00  0.000000e+00  0.000000e+00  0.000000e+00 
 4.204204e+00  0.000000e+00  0.000000e+00  0.000000e+00  0.000000e+00  0.000000e+00  0.000000e+00  0.000000e+00  0.000000e+00  0.000000e+00  0.000000e+00  0.000000e+00  0.000000e+00  0.000000e+00  0.000000e+00  0.000000e+00  0.000000e+00  0.000000e+00  0.000000e+00  0.000000e+00 
 4.504505e+00  0.000000e+00  0.000000e+00  0.000000e+00  0.000000e+00  0.000000e+00  0.000000e+00  0.000000e+00  0.000000e+00  0.000000e+00  0.000000e+00  0.000000e+00  0.000000e+00  0.000000e+00  0.000000e+00  0.000000e+00  0.000000e+00  0.000000e+00  0.000000e+00  0.000000e+00 
 4.804805e+00  0.000000e+00  0.000000e+00  0.000000e+00  0.000000e+00  0.000000e+00  0.000000e+00  0.000000e+00  0.000000e+00  0.000000e+00  0.000000e+00  0.000000e+00  0.000000e+00  0.000000e+00  0.000000e+00  0.000000e+00  0.000000e+00  0.000000e+00  0.000000e+00  0.000000e+00 
 5.105105e+00  0.000000e+00  0.000000e+00  0.000000e+00  0.000000e+00  0.000000e+00  0.000000e+00  0.000000e+00  0.000000e+00  0.000000e+00  0.000000e+00  0.000000e+00  0.000000e+00  0.000000e+00  0.000000e+00  0.000000e+00  0.000000e+00  0.000000e+00  0.000000e+00  0.000000e+00 
 5.405405e+00  0.000000e+00  0.000000e+00  0.000000e+00  0.000000e+00  0.000000e+00  0.000000e+00  0.000000e+00  0.000000e+00  0.000000e+00  0.000000e+00  0.000000e+00  0.000000e+00  0.000000e+00  0.000000e+00  0.000000e+00  0.000000e+00  0.000000e+00  0.000000e+00  0.000000e+00 
 5.705706e+00  0.000000e+00  0.000000e+00  0.000000e+00  0.000000e+00  0.000000e+00  0.000000e+00  0.000000e+00  0.000000e+00  0.000000e+00  0.000000e+00  0.000000e+00  0.000000e+00  0.000000e+00  0.000000e+00  0.000000e+00  0.000000e+00  0.000000e+00  0.000000e+00  0.000000e+00 
 6.006006e+00  0.000000e+00  0.000000e+00  0.000000e+00  0.000000e+00  0.000000e+00  0.000000e+00  0.000000e+00  0.000000e+00  0.000000e+00  0.000000e+00  0.000000e+00  0.000000e+00  0.000000e+00  0.000000e+00  0.000000e+00  0.000000e+00  0.000000e+00  0.000000e+00  0.000000e+00 
 6.306306e+00  0.000000e+00  0.000000e+00  0.000000e+00  0.000000e+00  0.000000e+00  0.000000e+00  0.000000e+00  0.000000e+00  0.000000e+00  0.000000e+00  0.000000e+00  0.000000e+00  0.000000e+00  0.000000e+00  0.000000e+00  0.000000e+00  0.000000e+00  0.000000e+00  0.000000e+00 
 6.606607e+00  0.000000e+00  0.000000e+00  0.000000e+00  0.000000e+00  0.000000e+00  0.000000e+00  0.000000e+00  0.000000e+00  0.000000e+00  0.000000e+00  0.000000e+00  0.000000e+00  0.000000e+00  0.000000e+00  0.000000e+00  0.000000e+00  0.000000e+00  0.000000e+00  0.000000e+00 
 6.906907e+00  0.000000e+00  0.000000e+00  0.000000e+00  0.000000e+00  0.000000e+00  0.000000e+00  0.000000e+00  0.000000e+00  0.000000e+00  0.000000e+00  0.000000e+00  0.000000e+00  0.000000e+00  0.000000e+00  0.000000e+00  0.000000e+00  0.000000e+00  0.000000e+00  0.000000e+00 
 7.207207e+00  0.000000e+00  0.000000e+00  0.000000e+00  0.000000e+00  0.000000e+00  0.000000e+00  0.000000e+00  0.000000e+00  0.000000e+00  0.000000e+00  0.000000e+00  0.000000e+00  0.000000e+00  0.000000e+00  0.000000e+00  0.000000e+00  0.000000e+00  0.000000e+00  0.000000e+00 
 7.507508e+00  0.000000e+00  0.000000e+00  0.000000e+00  0.000000e+00  0.000000e+00  0.000000e+00  0.000000e+00  0.000000e+00  0.000000e+00  0.000000e+00  0.000000e+00  0.000000e+00  0.000000e+00  0.000000e+00  0.000000e+00  0.000000e+00  0.000000e+00  0.000000e+00  0.000000e+00 
 7.807808e+00  0.000000e+00  0.000000e+00  0.000000e+00  0.000000e+00  0.000000e+00  0.000000e+00  0.000000e+00  0.000000e+00  0.000000e+00  0.000000e+00  0.000000e+00  0.000000e+00  0.000000e+00  0.000000e+00  0.000000e+00  0.000000e+00  0.000000e+00  0.000000e+00  0.000000e+00 
 8.108108e+00  0.000000e+00  0.000000e+00  0.000000e+00  0.000000e+00  0.000000e+00  0.000000e+00  0.000000e+00  0.000000e+00  0.000000e+00  0.000000e+00  0.000000e+00  0.000000e+00  0.000000e+00  0.000000e+00  0.000000e+00  0.000000e+00  0.000000e+00  0.000000e+00  0.000000e+00 
 8.408408e+00  0.000000e+00  0.000000e+00  0.000000e+00  0.000000e+00  0.000000e+00  0.000000e+00  0.000000e+00  0.000000e+00  0.000000e+00  0.000000e+00  0.000000e+00  0.000000e+00  0.000000e+00  0.000000e+00  0.000000e+00  0.000000e+00  0.000000e+00  0.000000e+00  0.000000e+00 
 8.708709e+00  0.000000e+00  0.000000e+00  0.000000e+00  0.000000e+00  0.000000e+00  0.000000e+00  0.000000e+00  0.000000e+00  0.000000e+00  0.000000e+00  0.000000e+00  0.000000e+00  0.000000e+00  0.000000e+00  0.000000e+00  0.000000e+00  0.000000e+00  0.000000e+00  0.000000e+00 
 9.009009e+00  0.000000e+00  0.000000e+00  0.000000e+00  0.000000e+00  0.000000e+00  0.000000e+00  0.000000e+00  0.000000e+00  0.000000e+00  0.000000e+00  0.000000e+00  0.000000e+00  0.000000e+00  0.000000e+00  0.000000e+00  0.000000e+00  0.000000e+00  0.000000e+00  0.000000e+00 
 9.309309e+00  0.000000e+00  0.000000e+00  0.000000e+00  0.000000e+00  0.000000e+00  0.000000e+00  0.000000e+00  0.000000e+00  0.000000e+00  0.000000e+00  0.000000e+00  0.000000e+00  0.000000e+00  0.000000e+00  0.000000e+00  0.000000e+00  0.000000e+00  0.000000e+00  0.000000e+00 
 9.609610e+00  0.000000e+00  0.000000e+00  0.000000e+00  0.000000e+00  0.000000e+00  0.000000e+00  0.000000e+00  0.000000e+00  0.000000e+00  0.000000e+00  0.000000e+00  0.000000e+00  0.000000e+00  0.000000e+00  0.000000e+00  0.000000e+00  0.000000e+00  0.000000e+00  0.000000e+00 
 9.909910e+00  0.000000e+00  0.000000e+00  0.000000e+00  0.000000e+00  0.000000e+00  0.000000e+00  0.000000e+00  0.000000e+00  0.000000e+00  0.000000e+00  0.000000e+00  0.000000e+00  0.000000e+00  0.000000e+00  0.000000e+00  0.000000e+00  0.000000e+00  0.000000e+00  0.000000e+00 
 1.021021e+01  0.000000e+00  0.000000e+00  0.000000e+00  0.000000e+00  0.000000e+00  0.000000e+00  0.000000e+00  0.000000e+00  0.000000e+00  0.000000e+00  0.000000e+00  0.000000e+00  0.000000e+00  0.000000e+00  0.000000e+00  0.000000e+00  0.000000e+00  0.000000e+00  0.000000e+00 
 1.051051e+01  0.000000e+00  0.000000e+00  0.000000e+00  0.000000e+00  0.000000e+00  0.000000e+00  0.000000e+00  0.000000e+00  0.000000e+00  0.000000e+00  0.000000e+00  0.000000e+00  0.000000e+00  0.000000e+00  0.000000e+00  0.000000e+00  0.000000e+00  0.000000e+00  0.000000e+00 
 1.081081e+01  0.000000e+00  0.000000e+00  0.000000e+00  0.000000e+00  0.000000e+00  0.000000e+00  0.000000e+00  0.000000e+00  0.000000e+00  0.000000e+00  0.000000e+00  0.000000e+00  0.000000e+00  0.000000e+00  0.000000e+00  0.000000e+00  0.000000e+00  0.000000e+00  0.000000e+00 
 1.111111e+01  0.000000e+00  0.000000e+00  0.000000e+00  0.000000e+00  0.000000e+00  0.000000e+00  0.000000e+00  0.000000e+00  0.000000e+00  0.000000e+00  0.000000e+00  0.000000e+00  0.000000e+00  0.000000e+00  0.000000e+00  0.000000e+00  0.000000e+00  0.000000e+00  0.000000e+00 
 1.141141e+01  0.000000e+00  0.000000e+00  0.000000e+00  0.000000e+00  0.000000e+00  0.000000e+00  0.000000e+00  0.000000e+00  0.000000e+00  0.000000e+00  0.000000e+00  0.000000e+00  0.000000e+00  0.000000e+00  0.000000e+00  0.000000e+00  0.000000e+00  0.000000e+00  0.000000e+00 
 1.171171e+01  0.000000e+00  0.000000e+00  0.000000e+00  0.000000e+00  0.000000e+00  0.000000e+00  0.000000e+00  0.000000e+00  0.000000e+00  0.000000e+00  0.000000e+00  0.000000e+00  0.000000e+00  0.000000e+00  0.000000e+00  0.000000e+00  0.000000e+00  0.000000e+00  0.000000e+00 
 1.201201e+01  0.000000e+00  0.000000e+00  0.000000e+00  0.000000e+00  0.000000e+00  0.000000e+00  0.000000e+00  0.000000e+00  0.000000e+00  0.000000e+00  0.000000e+00  0.000000e+00  0.000000e+00  0.000000e+00  0.000000e+00  0.000000e+00  0.000000e+00  0.000000e+00  0.000000e+00 
 1.231231e+01  0.000000e+00  0.000000e+00  0.000000e+00  0.000000e+00  0.000000e+00  0.000000e+00  0.000000e+00  0.000000e+00  0.000000e+00  0.000000e+00  0.000000e+00  0.000000e+00  0.000000e+00  0.000000e+00  0.000000e+00  0.000000e+00  0.000000e+00  0.000000e+00  0.000000e+00 
 1.261261e+01  0.000000e+00  0.000000e+00  0.000000e+00  0.000000e+00  0.000000e+00  0.000000e+00  0.000000e+00  0.000000e+00  0.000000e+00  0.000000e+00  0.000000e+00  0.000000e+00  0.000000e+00  0.000000e+00  0.000000e+00  0.000000e+00  0.000000e+00  0.000000e+00  0.000000e+00 
 1.291291e+01  0.000000e+00  0.000000e+00  0.000000e+00  0.000000e+00  0.000000e+00  0.000000e+00  0.000000e+00  0.000000e+00  0.000000e+00  0.000000e+00  0.000000e+00  0.000000e+00  0.000000e+00  0.000000e+00  0.000000e+00  0.000000e+00  0.000000e+00  0.000000e+00  0.000000e+00 
 1.321321e+01  0.000000e+00  0.000000e+00  0.000000e+00  0.000000e+00  0.000000e+00  0.000000e+00  0.000000e+00  0.000000e+00  0.000000e+00  0.000000e+00  0.000000e+00  0.000000e+00  0.000000e+00  0.000000e+00  0.000000e+00  0.000000e+00  0.000000e+00  0.000000e+00  0.000000e+00 
 1.351351e+01  0.000000e+00  0.000000e+00  0.000000e+00  0.000000e+00  0.000000e+00  0.000000e+00  0.000000e+00  0.000000e+00  0.000000e+00  0.000000e+00  0.000000e+00  0.000000e+00  0.000000e+00  0.000000e+00  0.000000e+00  0.000000e+00  0.000000e+00  0.000000e+00  0.000000e+00 
 1.381381e+01  0.000000e+00  0.000000e+00  0.000000e+00  0.000000e+00  0.000000e+00  0.000000e+00  0.000000e+00  0.000000e+00  0.000000e+00  0.000000e+00  0.000000e+00  0.000000e+00  0.000000e+00  0.000000e+00  0.000000e+00  0.000000e+00  0.000000e+00  0.000000e+00  0.000000e+00 
 1.411411e+01  0.000000e+00  0.000000e+00  0.000000e+00  0.000000e+00  0.000000e+00  0.000000e+00  0.000000e+00  0.000000e+00  0.000000e+00  0.000000e+00  0.000000e+00  0.000000e+00  0.000000e+00  0.000000e+00  0.000000e+00  0.000000e+00  0.000000e+00  0.000000e+00  0.000000e+00 
 1.441441e+01  0.000000e+00  0.000000e+00  0.000000e+00  0.000000e+00  0.000000e+00  0.000000e+00  0.000000e+00  0.000000e+00  0.000000e+00  0.000000e+00  0.000000e+00  0.000000e+00  0.000000e+00  0.000000e+00  0.000000e+00  0.000000e+00  0.000000e+00  0.000000e+00  0.000000e+00 
 1.471471e+01  0.000000e+00  0.000000e+00  0.000000e+00  0.000000e+00  0.000000e+00  0.000000e+00  0.000000e+00  0.000000e+00  0.000000e+00  0.000000e+00  0.000000e+00  0.000000e+00  0.000000e+00  0.000000e+00  0.000000e+00  0.000000e+00  0.000000e+00  0.000000e+00  0.000000e+00 
 1.501502e+01  0.000000e+00  0.000000e+00  0.000000e+00  0.000000e+00  0.000000e+00  0.000000e+00  0.000000e+00  0.000000e+00  0.000000e+00  0.000000e+00  0.000000e+00  0.000000e+00  0.000000e+00  0.000000e+00  0.000000e+00  0.000000e+00  0.000000e+00  0.000000e+00  0.000000e+00 
 1.531532e+01  0.000000e+00  0.000000e+00  0.000000e+00  0.000000e+00  0.000000e+00  0.000000e+00  0.000000e+00  0.000000e+00  0.000000e+00  0.000000e+00  0.000000e+00  0.000000e+00  0.000000e+00  0.000000e+00  0.000000e+00  0.000000e+00  0.000000e+00  0.000000e+00  0.000000e+00 
 1.561562e+01  0.000000e+00  0.000000e+00  0.000000e+00  0.000000e+00  0.000000e+00  0.000000e+00  0.000000e+00  0.000000e+00  0.000000e+00  0.000000e+00  0.000000e+00  0.000000e+00  0.000000e+00  0.000000e+00  0.000000e+00  0.000000e+00  0.000000e+00  0.000000e+00  0.000000e+00 
 1.591592e+01  0.000000e+00  0.000000e+00  0.000000e+00  0.000000e+00  0.000000e+00  0.000000e+00  0.000000e+00  0.000000e+00  0.000000e+00  0.000000e+00  0.000000e+00  0.000000e+00  0.000000e+00  0.000000e+00  0.000000e+00  0.000000e+00  0.000000e+00  0.000000e+00  0.000000e+00 
 1.621622e+01  0.000000e+00  0.000000e+00  0.000000e+00  0.000000e+00  0.000000e+00  0.000000e+00  0.000000e+00  0.000000e+00  0.000000e+00  0.000000e+00  0.000000e+00  0.000000e+00  0.000000e+00  0.000000e+00  0.000000e+00  0.000000e+00  0.000000e+00  0.000000e+00  0.000000e+00 
 1.651652e+01  0.000000e+00  0.000000e+00  0.000000e+00  0.000000e+00  0.000000e+00  0.000000e+00  0.000000e+00  0.000000e+00  0.000000e+00  0.000000e+00  0.000000e+00  0.000000e+00  0.000000e+00  0.000000e+00  0.000000e+00  0.000000e+00  0.000000e+00  0.000000e+00  0.000000e+00 
 1.681682e+01  0.000000e+00  0.000000e+00  0.000000e+00  0.000000e+00  0.000000e+00  0.000000e+00  0.000000e+00  0.000000e+00  0.000000e+00  0.000000e+00  0.000000e+00  0.000000e+00  0.000000e+00  0.000000e+00  0.000000e+00  0.000000e+00  0.000000e+00  0.000000e+00  0.000000e+00 
 1.711712e+01  0.000000e+00  0.000000e+00  0.000000e+00  0.000000e+00  0.000000e+00  0.000000e+00  0.000000e+00  0.000000e+00  0.000000e+00  0.000000e+00  0.000000e+00  0.000000e+00  0.000000e+00  0.000000e+00  0.000000e+00  0.000000e+00  0.000000e+00  0.000000e+00  0.000000e+00 
 1.741742e+01  0.000000e+00  0.000000e+00  0.000000e+00  0.000000e+00  0.000000e+00  0.000000e+00  0.000000e+00  0.000000e+00  0.000000e+00  0.000000e+00  0.000000e+00  0.000000e+00  0.000000e+00  0.000000e+00  0.000000e+00  0.000000e+00  0.000000e+00  0.000000e+00  0.000000e+00 
 1.771772e+01  0.000000e+00  0.000000e+00  0.000000e+00  0.000000e+00  0.000000e+00  0.000000e+00  0.000000e+00  0.000000e+00  0.000000e+00  0.000000e+00  0.000000e+00  0.000000e+00  0.000000e+00  0.000000e+00  0.000000e+00  0.000000e+00  0.000000e+00  0.000000e+00  0.000000e+00 
 1.801802e+01  0.000000e+00  0.000000e+00  0.000000e+00  0.000000e+00  0.000000e+00  0.000000e+00  0.000000e+00  0.000000e+00  0.000000e+00  0.000000e+00  0.000000e+00  0.000000e+00  0.000000e+00  0.000000e+00  0.000000e+00  0.000000e+00  0.000000e+00  0.000000e+00  0.000000e+00 
 1.831832e+01  0.000000e+00  0.000000e+00  0.000000e+00  0.000000e+00  0.000000e+00  0.000000e+00  0.000000e+00  0.000000e+00  0.000000e+00  0.000000e+00  0.000000e+00  0.000000e+00  0.000000e+00  0.000000e+00  0.000000e+00  0.000000e+00  0.000000e+00  0.000000e+00  0.000000e+00 
 1.861862e+01  0.000000e+00  0.000000e+00  0.000000e+00  0.000000e+00  0.000000e+00  0.000000e+00  0.000000e+00  0.000000e+00  0.000000e+00  0.000000e+00  0.000000e+00  0.000000e+00  0.000000e+00  0.000000e+00  0.000000e+00  0.000000e+00  0.000000e+00  0.000000e+00  0.000000e+00 
 1.891892e+01  0.000000e+00  0.000000e+00  0.000000e+00  0.000000e+00  0.000000e+00  0.000000e+00  0.000000e+00  0.000000e+00  0.000000e+00  0.000000e+00  0.000000e+00  0.000000e+00  0.000000e+00  0.000000e+00  0.000000e+00  0.000000e+00  0.000000e+00  0.000000e+00  0.000000e+00 
 1.921922e+01  0.000000e+00  0.000000e+00  0.000000e+00  0.000000e+00  0.000000e+00  0.000000e+00  0.000000e+00  0.000000e+00  0.000000e+00  0.000000e+00  0.000000e+00  0.000000e+00  0.000000e+00  0.000000e+00  0.000000e+00  0.000000e+00  0.000000e+00  0.000000e+00  0.000000e+00 
 1.951952e+01  0.000000e+00  0.000000e+00  0.000000e+00  0.000000e+00  0.000000e+00  0.000000e+00  0.000000e+00  0.000000e+00  0.000000e+00  0.000000e+00  0.000000e+00  0.000000e+00  0.000000e+00  0.000000e+00  0.000000e+00  0.000000e+00  0.000000e+00  0.000000e+00  0.000000e+00 
 1.981982e+01  0.000000e+00  0.000000e+00  0.000000e+00  0.000000e+00  0.000000e+00  0.000000e+00  0.000000e+00  0.000000e+00  0.000000e+00  0.000000e+00  0.000000e+00  0.000000e+00  0.000000e+00  0.000000e+00  0.000000e+00  0.000000e+00  0.000000e+00  0.000000e+00  0.000000e+00 
 2.012012e+01  0.000000e+00  0.000000e+00  0.000000e+00  0.000000e+00  0.000000e+00  0.000000e+00  0.000000e+00  0.000000e+00  0.000000e+00  0.000000e+00  0.000000e+00  0.000000e+00  0.000000e+00  0.000000e+00  0.000000e+00  0.000000e+00  0.000000e+00  0.000000e+00  0.000000e+00 
 2.042042e+01  0.000000e+00  0.000000e+00  0.000000e+00  0.000000e+00  0.000000e+00  0.000000e+00  0.000000e+00  0.000000e+00  0.000000e+00  0.000000e+00  0.000000e+00  0.000000e+00  0.000000e+00  0.000000e+00  0.000000e+00  0.000000e+00  0.000000e+00  0.000000e+00  0.000000e+00 
 2.072072e+01  0.000000e+00  0.000000e+00  0.000000e+00  0.000000e+00  0.000000e+00  0.000000e+00  0.000000e+00  0.000000e+00  0.000000e+00  0.000000e+00  0.000000e+00  0.000000e+00  0.000000e+00  0.000000e+00  0.000000e+00  0.000000e+00  0.000000e+00  0.000000e+00  0.000000e+00 
 2.102102e+01  0.000000e+00  0.000000e+00  0.000000e+00  0.000000e+00  0.000000e+00  0.000000e+00  0.000000e+00  0.000000e+00  0.000000e+00  0.000000e+00  0.000000e+00  0.000000e+00  0.000000e+00  0.000000e+00  0.000000e+00  0.000000e+00  0.000000e+00  0.000000e+00  0.000000e+00 
 2.132132e+01  0.000000e+00  0.000000e+00  0.000000e+00  0.000000e+00  0.000000e+00  0.000000e+00  0.000000e+00  0.000000e+00  0.000000e+00  0.000000e+00  0.000000e+00  0.000000e+00  0.000000e+00  0.000000e+00  0.000000e+00  0.000000e+00  0.000000e+00  0.000000e+00  0.000000e+00 
 2.162162e+01  0.000000e+00  0.000000e+00  0.000000e+00  0.000000e+00  0.000000e+00  0.000000e+00  0.000000e+00  0.000000e+00  0.000000e+00  0.000000e+00  0.000000e+00  0.000000e+00  0.000000e+00  0.000000e+00  0.000000e+00  0.000000e+00  0.000000e+00  0.000000e+00  0.000000e+00 
 2.192192e+01  0.000000e+00  0.000000e+00  0.000000e+00  0.000000e+00  0.000000e+00  0.000000e+00  0.000000e+00  0.000000e+00  0.000000e+00  0.000000e+00  0.000000e+00  0.000000e+00  0.000000e+00  0.000000e+00  0.000000e+00  0.000000e+00  0.000000e+00  0.000000e+00  0.000000e+00 
 2.222222e+01  0.000000e+00  0.000000e+00  0.000000e+00  0.000000e+00  0.000000e+00  0.000000e+00  0.000000e+00  0.000000e+00  0.000000e+00  0.000000e+00  0.000000e+00  0.000000e+00  0.000000e+00  0.000000e+00  0.000000e+00  0.000000e+00  0.000000e+00  0.000000e+00  0.000000e+00 
 2.252252e+01  0.000000e+00  0.000000e+00  0.000000e+00  0.000000e+00  0.000000e+00  0.000000e+00  0.000000e+00  0.000000e+00  0.000000e+00  0.000000e+00  0.000000e+00  0.000000e+00  0.000000e+00  0.000000e+00  0.000000e+00  0.000000e+00  0.000000e+00  0.000000e+00  0.000000e+00 
 2.282282e+01  0.000000e+00  0.000000e+00  0.000000e+00  0.000000e+00  0.000000e+00  0.000000e+00  0.000000e+00  0.000000e+00  0.000000e+00  0.000000e+00  0.000000e+00  0.000000e+00  0.000000e+00  0.000000e+00  0.000000e+00  0.000000e+00  0.000000e+00  0.000000e+00  0.000000e+00 
 2.312312e+01  0.000000e+00  0.000000e+00  0.000000e+00  0.000000e+00  0.000000e+00  0.000000e+00  0.000000e+00  0.000000e+00  0.000000e+00  0.000000e+00  0.000000e+00  0.000000e+00  0.000000e+00  0.000000e+00  0.000000e+00  0.000000e+00  0.000000e+00  0.000000e+00  0.000000e+00 
 2.342342e+01  0.000000e+00  0.000000e+00  0.000000e+00  0.000000e+00  0.000000e+00  0.000000e+00  0.000000e+00  0.000000e+00  0.000000e+00  0.000000e+00  0.000000e+00  0.000000e+00  0.000000e+00  0.000000e+00  0.000000e+00  0.000000e+00  0.000000e+00  0.000000e+00  0.000000e+00 
 2.372372e+01  0.000000e+00  0.000000e+00  0.000000e+00  0.000000e+00  0.000000e+00  0.000000e+00  0.000000e+00  0.000000e+00  0.000000e+00  0.000000e+00  0.000000e+00  0.000000e+00  0.000000e+00  0.000000e+00  0.000000e+00  0.000000e+00  0.000000e+00  0.000000e+00  0.000000e+00 
 2.402402e+01  0.000000e+00  0.000000e+00  0.000000e+00  0.000000e+00  0.000000e+00  0.000000e+00  0.000000e+00  0.000000e+00  0.000000e+00  0.000000e+00  0.000000e+00  0.000000e+00  0.000000e+00  0.000000e+00  0.000000e+00  0.000000e+00  0.000000e+00  0.000000e+00  0.000000e+00 
 2.432432e+01  0.000000e+00  0.000000e+00  0.000000e+00  0.000000e+00  0.000000e+00  0.000000e+00  0.000000e+00  0.000000e+00  0.000000e+00  0.000000e+00  0.000000e+00  0.000000e+00  0.000000e+00  0.000000e+00  0.000000e+00  0.000000e+00  0.000000e+00  0.000000e+00  0.000000e+00 
 2.462462e+01  0.000000e+00  0.000000e+00  0.000000e+00  0.000000e+00  0.000000e+00  0.000000e+00  0.000000e+00  0.000000e+00  0.000000e+00  0.000000e+00  0.000000e+00  0.000000e+00  0.000000e+00  0.000000e+00  0.000000e+00  0.000000e+00  0.000000e+00  0.000000e+00  0.000000e+00 
 2.492492e+01  0.000000e+00  0.000000e+00  0.000000e+00  0.000000e+00  0.000000e+00  0.000000e+00  0.000000e+00  0.000000e+00  0.000000e+00  0.000000e+00  0.000000e+00  0.000000e+00  0.000000e+00  0.000000e+00  0.000000e+00  0.000000e+00  0.000000e+00  0.000000e+00  0.000000e+00 
 2.522523e+01  0.000000e+00  0.000000e+00  0.000000e+00  0.000000e+00  0.000000e+00  0.000000e+00  0.000000e+00  0.000000e+00  0.000000e+00  0.000000e+00  0.000000e+00  0.000000e+00  0.000000e+00  0.000000e+00  0.000000e+00  0.000000e+00  0.000000e+00  0.000000e+00  0.000000e+00 
 2.552553e+01  0.000000e+00  0.000000e+00  0.000000e+00  0.000000e+00  0.000000e+00  0.000000e+00  0.000000e+00  0.000000e+00  0.000000e+00  0.000000e+00  0.000000e+00  0.000000e+00  0.000000e+00  0.000000e+00  0.000000e+00  0.000000e+00  0.000000e+00  0.000000e+00  0.000000e+00 
 2.582583e+01  0.000000e+00  0.000000e+00  0.000000e+00  0.000000e+00  0.000000e+00  0.000000e+00  0.000000e+00  0.000000e+00  0.000000e+00  0.000000e+00  0.000000e+00  0.000000e+00  0.000000e+00  0.000000e+00  0.000000e+00  0.000000e+00  0.000000e+00  0.000000e+00  0.000000e+00 
 2.612613e+01  0.000000e+00  0.000000e+00  0.000000e+00  0.000000e+00  0.000000e+00  0.000000e+00  0.000000e+00  0.000000e+00  0.000000e+00  0.000000e+00  0.000000e+00  0.000000e+00  0.000000e+00  0.000000e+00  0.000000e+00  0.000000e+00  0.000000e+00  0.000000e+00  0.000000e+00 
 2.642643e+01  0.000000e+00  0.000000e+00  0.000000e+00  0.000000e+00  0.000000e+00  0.000000e+00  0.000000e+00  0.000000e+00  0.000000e+00  0.000000e+00  0.000000e+00  0.000000e+00  0.000000e+00  0.000000e+00  0.000000e+00  0.000000e+00  0.000000e+00  0.000000e+00  0.000000e+00 
 2.672673e+01  0.000000e+00  0.000000e+00  0.000000e+00  0.000000e+00  0.000000e+00  0.000000e+00  0.000000e+00  0.000000e+00  0.000000e+00  0.000000e+00  0.000000e+00  0.000000e+00  0.000000e+00  0.000000e+00  0.000000e+00  0.000000e+00  0.000000e+00  0.000000e+00  0.000000e+00 
 2.702703e+01  0.000000e+00  0.000000e+00  0.000000e+00  0.000000e+00  0.000000e+00  0.000000e+00  0.000000e+00  0.000000e+00  0.000000e+00  0.000000e+00  0.000000e+00  0.000000e+00  0.000000e+00  0.000000e+00  0.000000e+00  0.000000e+00  0.000000e+00  0.000000e+00  0.000000e+00 
 2.732733e+01  0.000000e+00  0.000000e+00  0.000000e+00  0.000000e+00  0.000000e+00  0.000000e+00  0.000000e+00  0.000000e+00  0.000000e+00  0.000000e+00  0.000000e+00  0.000000e+00  0.000000e+00  0.000000e+00  0.000000e+00  0.000000e+00  0.000000e+00  0.000000e+00  0.000000e+00 
 2.762763e+01  0.000000e+00  0.000000e+00  0.000000e+00  0.000000e+00  0.000000e+00  0.000000e+00  0.000000e+00  0.000000e+00  0.000000e+00  0.000000e+00  0.000000e+00  0.000000e+00  0.000000e+00  0.000000e+00  0.000000e+00  0.000000e+00  0.000000e+00  0.000000e+00  0.000000e+00 
 2.792793e+01  0.000000e+00  0.000000e+00  0.000000e+00  0.000000e+00  0.000000e+00  0.000000e+00  0.000000e+00  0.000000e+00  0.000000e+00  0.000000e+00  0.000000e+00  0.000000e+00  0.000000e+00  0.000000e+00  0.000000e+00  0.000000e+00  0.000000e+00  0.000000e+00  0.000000e+00 
 2.822823e+01  0.000000e+00  0.000000e+00  0.000000e+00  0.000000e+00  0.000000e+00  0.000000e+00  0.000000e+00  0.000000e+00  0.000000e+00  0.000000e+00  0.000000e+00  0.000000e+00  0.000000e+00  0.000000e+00  0.000000e+00  0.000000e+00  0.000000e+00  0.000000e+00  0.000000e+00 
 2.852853e+01  0.000000e+00  0.000000e+00  0.000000e+00  0.000000e+00  0.000000e+00  0.000000e+00  0.000000e+00  0.000000e+00  0.000000e+00  0.000000e+00  0.000000e+00  0.000000e+00  0.000000e+00  0.000000e+00  0.000000e+00  0.000000e+00  0.000000e+00  0.000000e+00  0.000000e+00 
 2.882883e+01  0.000000e+00  0.000000e+00  0.000000e+00  0.000000e+00  0.000000e+00  0.000000e+00  0.000000e+00  0.000000e+00  0.000000e+00  0.000000e+00  0.000000e+00  0.000000e+00  0.000000e+00  0.000000e+00  0.000000e+00  0.000000e+00  0.000000e+00  0.000000e+00  0.000000e+00 
 2.912913e+01  0.000000e+00  0.000000e+00  0.000000e+00  0.000000e+00  0.000000e+00  0.000000e+00  0.000000e+00  0.000000e+00  0.000000e+00  0.000000e+00  0.000000e+00  0.000000e+00  0.000000e+00  0.000000e+00  0.000000e+00  0.000000e+00  0.000000e+00  0.000000e+00  0.000000e+00 
 2.942943e+01  0.000000e+00  0.000000e+00  0.000000e+00  0.000000e+00  0.000000e+00  0.000000e+00  0.000000e+00  0.000000e+00  0.000000e+00  0.000000e+00  0.000000e+00  0.000000e+00  0.000000e+00  0.000000e+00  0.000000e+00  0.000000e+00  0.000000e+00  0.000000e+00  0.000000e+00 
 2.972973e+01  0.000000e+00  0.000000e+00  0.000000e+00  0.000000e+00  0.000000e+00  0.000000e+00  0.000000e+00  0.000000e+00  0.000000e+00  0.000000e+00  0.000000e+00  0.000000e+00  0.000000e+00  0.000000e+00  0.000000e+00  0.000000e+00  0.000000e+00  0.000000e+00  0.000000e+00 
 3.003003e+01  0.000000e+00  0.000000e+00  0.000000e+00  0.000000e+00  0.000000e+00  0.000000e+00  0.000000e+00  0.000000e+00  0.000000e+00  0.000000e+00  0.000000e+00  0.000000e+00  0.000000e+00  0.000000e+00  0.000000e+00  0.000000e+00  0.000000e+00  0.000000e+00  0.000000e+00 
 3.033033e+01  0.000000e+00  0.000000e+00  0.000000e+00  0.000000e+00  0.000000e+00  0.000000e+00  0.000000e+00  0.000000e+00  0.000000e+00  0.000000e+00  0.000000e+00  0.000000e+00  0.000000e+00  0.000000e+00  0.000000e+00  0.000000e+00  0.000000e+00  0.000000e+00  0.000000e+00 
 3.063063e+01  0.000000e+00  0.000000e+00  0.000000e+00  0.000000e+00  0.000000e+00  0.000000e+00  0.000000e+00  0.000000e+00  0.000000e+00  0.000000e+00  0.000000e+00  0.000000e+00  0.000000e+00  0.000000e+00  0.000000e+00  0.000000e+00  0.000000e+00  0.000000e+00  0.000000e+00 
 3.093093e+01  0.000000e+00  0.000000e+00  0.000000e+00  0.000000e+00  0.000000e+00  0.000000e+00  0.000000e+00  0.000000e+00  0.000000e+00  0.000000e+00  0.000000e+00  0.000000e+00  0.000000e+00  0.000000e+00  0.000000e+00  0.000000e+00  0.000000e+00  0.000000e+00  0.000000e+00 
 3.123123e+01  0.000000e+00  0.000000e+00  0.000000e+00  0.000000e+00  0.000000e+00  0.000000e+00  0.000000e+00  0.000000e+00  0.000000e+00  0.000000e+00  0.000000e+00  0.000000e+00  0.000000e+00  0.000000e+00  0.000000e+00  0.000000e+00  0.000000e+00  0.000000e+00  0.000000e+00 
 3.153153e+01  0.000000e+00  0.000000e+00  0.000000e+00  0.000000e+00  0.000000e+00  0.000000e+00  0.000000e+00  0.000000e+00  0.000000e+00  0.000000e+00  0.000000e+00  0.000000e+00  0.000000e+00  0.000000e+00  0.000000e+00  0.000000e+00  0.000000e+00  0.000000e+00  0.000000e+00 
 3.183183e+01  0.000000e+00  0.000000e+00  0.000000e+00  0.000000e+00  0.000000e+00  0.000000e+00  0.000000e+00  0.000000e+00  0.000000e+00  0.000000e+00  0.000000e+00  0.000000e+00  0.000000e+00  0.000000e+00  0.000000e+00  0.000000e+00  0.000000e+00  0.000000e+00  0.000000e+00 
 3.213213e+01  0.000000e+00  0.000000e+00  0.000000e+00  0.000000e+00  0.000000e+00  0.000000e+00  0.000000e+00  0.000000e+00  0.000000e+00  0.000000e+00  0.000000e+00  0.000000e+00  0.000000e+00  0.000000e+00  0.000000e+00  0.000000e+00  0.000000e+00  0.000000e+00  0.000000e+00 
 3.243243e+01  0.000000e+00  0.000000e+00  0.000000e+00  0.000000e+00  0.000000e+00  0.000000e+00  0.000000e+00  0.000000e+00  0.000000e+00  0.000000e+00  0.000000e+00  0.000000e+00  0.000000e+00  0.000000e+00  0.000000e+00  0.000000e+00  0.000000e+00  0.000000e+00  0.000000e+00 
 3.273273e+01  0.000000e+00  0.000000e+00  0.000000e+00  0.000000e+00  0.000000e+00  0.000000e+00  0.000000e+00  0.000000e+00  0.000000e+00  0.000000e+00  0.000000e+00  0.000000e+00  0.000000e+00  0.000000e+00  0.000000e+00  0.000000e+00  0.000000e+00  0.000000e+00  0.000000e+00 
 3.303303e+01  0.000000e+00  0.000000e+00  0.000000e+00  0.000000e+00  0.000000e+00  0.000000e+00  0.000000e+00  0.000000e+00  0.000000e+00  0.000000e+00  0.000000e+00  0.000000e+00  0.000000e+00  0.000000e+00  0.000000e+00  0.000000e+00  0.000000e+00  0.000000e+00  0.000000e+00 
 3.333333e+01  0.000000e+00  0.000000e+00  0.000000e+00  0.000000e+00  0.000000e+00  0.000000e+00  0.000000e+00  0.000000e+00  0.000000e+00  0.000000e+00  0.000000e+00  0.000000e+00  0.000000e+00  0.000000e+00  0.000000e+00  0.000000e+00  0.000000e+00  0.000000e+00  0.000000e+00 
 3.363363e+01  0.000000e+00  0.000000e+00  0.000000e+00  0.000000e+00  0.000000e+00  0.000000e+00  0.000000e+00  0.000000e+00  0.000000e+00  0.000000e+00  0.000000e+00  0.000000e+00  0.000000e+00  0.000000e+00  0.000000e+00  0.000000e+00  0.000000e+00  0.000000e+00  0.000000e+00 
 3.393393e+01  0.000000e+00  0.000000e+00  0.000000e+00  0.000000e+00  0.000000e+00  0.000000e+00  0.000000e+00  0.000000e+00  0.000000e+00  0.000000e+00  0.000000e+00  0.000000e+00  0.000000e+00  0.000000e+00  0.000000e+00  0.000000e+00  0.000000e+00  0.000000e+00  0.000000e+00 
 3.423423e+01  0.000000e+00  0.000000e+00  0.000000e+00  0.000000e+00  0.000000e+00  0.000000e+00  0.000000e+00  0.000000e+00  0.000000e+00  0.000000e+00  0.000000e+00  0.000000e+00  0.000000e+00  0.000000e+00  0.000000e+00  0.000000e+00  0.000000e+00  0.000000e+00  0.000000e+00 
 3.453453e+01  0.000000e+00  0.000000e+00  0.000000e+00  0.000000e+00  0.000000e+00  0.000000e+00  0.000000e+00  0.000000e+00  0.000000e+00  0.000000e+00  0.000000e+00  0.000000e+00  0.000000e+00  0.000000e+00  0.000000e+00  0.000000e+00  0.000000e+00  0.000000e+00  0.000000e+00 
 3.483483e+01  0.000000e+00  0.000000e+00  0.000000e+00  0.000000e+00  0.000000e+00  0.000000e+00  0.000000e+00  0.000000e+00  0.000000e+00  0.000000e+00  0.000000e+00  0.000000e+00  0.000000e+00  0.000000e+00  0.000000e+00  0.000000e+00  0.000000e+00  0.000000e+00  0.000000e+00 
 3.513514e+01  0.000000e+00  0.000000e+00  0.000000e+00  0.000000e+00  0.000000e+00  0.000000e+00  0.000000e+00  0.000000e+00  0.000000e+00  0.000000e+00  0.000000e+00  0.000000e+00  0.000000e+00  0.000000e+00  0.000000e+00  0.000000e+00  0.000000e+00  0.000000e+00  0.000000e+00 
 3.543544e+01  0.000000e+00  0.000000e+00  0.000000e+00  0.000000e+00  0.000000e+00  0.000000e+00  0.000000e+00  0.000000e+00  0.000000e+00  0.000000e+00  0.000000e+00  0.000000e+00  0.000000e+00  0.000000e+00  0.000000e+00  0.000000e+00  0.000000e+00  0.000000e+00  0.000000e+00 
 3.573574e+01  0.000000e+00  0.000000e+00  0.000000e+00  0.000000e+00  0.000000e+00  0.000000e+00  0.000000e+00  0.000000e+00  0.000000e+00  0.000000e+00  0.000000e+00  0.000000e+00  0.000000e+00  0.000000e+00  0.000000e+00  0.000000e+00  0.000000e+00  0.000000e+00  0.000000e+00 
 3.603604e+01  0.000000e+00  0.000000e+00  0.000000e+00  0.000000e+00  0.000000e+00  0.000000e+00  0.000000e+00  0.000000e+00  0.000000e+00  0.000000e+00  0.000000e+00  0.000000e+00  0.000000e+00  0.000000e+00  0.000000e+00  0.000000e+00  0.000000e+00  0.000000e+00  0.000000e+00 
 3.633634e+01  0.000000e+00  0.000000e+00  0.000000e+00  0.000000e+00  0.000000e+00  0.000000e+00  0.000000e+00  0.000000e+00  0.000000e+00  0.000000e+00  0.000000e+00  0.000000e+00  0.000000e+00  0.000000e+00  0.000000e+00  0.000000e+00  0.000000e+00  0.000000e+00  0.000000e+00 
 3.663664e+01  0.000000e+00  0.000000e+00  0.000000e+00  0.000000e+00  0.000000e+00  0.000000e+00  0.000000e+00  0.000000e+00  0.000000e+00  0.000000e+00  0.000000e+00  0.000000e+00  0.000000e+00  0.000000e+00  0.000000e+00  0.000000e+00  0.000000e+00  0.000000e+00  0.000000e+00 
 3.693694e+01  0.000000e+00  0.000000e+00  0.000000e+00  0.000000e+00  0.000000e+00  0.000000e+00  0.000000e+00  0.000000e+00  0.000000e+00  0.000000e+00  0.000000e+00  0.000000e+00  0.000000e+00  0.000000e+00  0.000000e+00  0.000000e+00  0.000000e+00  0.000000e+00  0.000000e+00 
 3.723724e+01  0.000000e+00  0.000000e+00  0.000000e+00  0.000000e+00  0.000000e+00  0.000000e+00  0.000000e+00  0.000000e+00  0.000000e+00  0.000000e+00  0.000000e+00  0.000000e+00  0.000000e+00  0.000000e+00  0.000000e+00  0.000000e+00  0.000000e+00  0.000000e+00  0.000000e+00 
 3.753754e+01  0.000000e+00  0.000000e+00  0.000000e+00  0.000000e+00  0.000000e+00  0.000000e+00  0.000000e+00  0.000000e+00  0.000000e+00  0.000000e+00  0.000000e+00  0.000000e+00  0.000000e+00  0.000000e+00  0.000000e+00  0.000000e+00  0.000000e+00  0.000000e+00  0.000000e+00 
 3.783784e+01  0.000000e+00  0.000000e+00  0.000000e+00  0.000000e+00  0.000000e+00  0.000000e+00  0.000000e+00  0.000000e+00  0.000000e+00  0.000000e+00  0.000000e+00  0.000000e+00  0.000000e+00  0.000000e+00  0.000000e+00  0.000000e+00  0.000000e+00  0.000000e+00  0.000000e+00 
 3.813814e+01  0.000000e+00  0.000000e+00  0.000000e+00  0.000000e+00  0.000000e+00  0.000000e+00  0.000000e+00  0.000000e+00  0.000000e+00  0.000000e+00  0.000000e+00  0.000000e+00  0.000000e+00  0.000000e+00  0.000000e+00  0.000000e+00  0.000000e+00  0.000000e+00  0.000000e+00 
 3.843844e+01  0.000000e+00  0.000000e+00  0.000000e+00  0.000000e+00  0.000000e+00  0.000000e+00  0.000000e+00  0.000000e+00  0.000000e+00  0.000000e+00  0.000000e+00  0.000000e+00  0.000000e+00  0.000000e+00  0.000000e+00  0.000000e+00  0.000000e+00  0.000000e+00  0.000000e+00 
 3.873874e+01  0.000000e+00  0.000000e+00  0.000000e+00  0.000000e+00  0.000000e+00  0.000000e+00  0.000000e+00  0.000000e+00  0.000000e+00  0.000000e+00  0.000000e+00  0.000000e+00  0.000000e+00  0.000000e+00  0.000000e+00  0.000000e+00  0.000000e+00  0.000000e+00  0.000000e+00 
 3.903904e+01  0.000000e+00  0.000000e+00  0.000000e+00  0.000000e+00  0.000000e+00  0.000000e+00  0.000000e+00  0.000000e+00  0.000000e+00  0.000000e+00  0.000000e+00  0.000000e+00  0.000000e+00  0.000000e+00  0.000000e+00  0.000000e+00  0.000000e+00  0.000000e+00  0.000000e+00 
 3.933934e+01  0.000000e+00  0.000000e+00  0.000000e+00  0.000000e+00  0.000000e+00  0.000000e+00  0.000000e+00  0.000000e+00  0.000000e+00  0.000000e+00  0.000000e+00  0.000000e+00  0.000000e+00  0.000000e+00  0.000000e+00  0.000000e+00  0.000000e+00  0.000000e+00  0.000000e+00 
 3.963964e+01  0.000000e+00  0.000000e+00  0.000000e+00  0.000000e+00  0.000000e+00  0.000000e+00  0.000000e+00  0.000000e+00  0.000000e+00  0.000000e+00  0.000000e+00  0.000000e+00  0.000000e+00  0.000000e+00  0.000000e+00  0.000000e+00  0.000000e+00  0.000000e+00  0.000000e+00 
 3.993994e+01  0.000000e+00  0.000000e+00  0.000000e+00  0.000000e+00  0.000000e+00  0.000000e+00  0.000000e+00  0.000000e+00  0.000000e+00  0.000000e+00  0.000000e+00  0.000000e+00  0.000000e+00  0.000000e+00  0.000000e+00  0.000000e+00  0.000000e+00  0.000000e+00  0.000000e+00 
 4.024024e+01  0.000000e+00  0.000000e+00  0.000000e+00  0.000000e+00  0.000000e+00  0.000000e+00  0.000000e+00  0.000000e+00  0.000000e+00  0.000000e+00  0.000000e+00  0.000000e+00  0.000000e+00  0.000000e+00  0.000000e+00  0.000000e+00  0.000000e+00  0.000000e+00  0.000000e+00 
 4.054054e+01  0.000000e+00  0.000000e+00  0.000000e+00  0.000000e+00  0.000000e+00  0.000000e+00  0.000000e+00  0.000000e+00  0.000000e+00  0.000000e+00  0.000000e+00  0.000000e+00  0.000000e+00  0.000000e+00  0.000000e+00  0.000000e+00  0.000000e+00  0.000000e+00  0.000000e+00 
 4.084084e+01  0.000000e+00  0.000000e+00  0.000000e+00  0.000000e+00  0.000000e+00  0.000000e+00  0.000000e+00  0.000000e+00  0.000000e+00  0.000000e+00  0.000000e+00  0.000000e+00  0.000000e+00  0.000000e+00  0.000000e+00  0.000000e+00  0.000000e+00  0.000000e+00  0.000000e+00 
 4.114114e+01  0.000000e+00  0.000000e+00  0.000000e+00  0.000000e+00  0.000000e+00  0.000000e+00  0.000000e+00  0.000000e+00  0.000000e+00  0.000000e+00  0.000000e+00  0.000000e+00  0.000000e+00  0.000000e+00  0.000000e+00  0.000000e+00  0.000000e+00  0.000000e+00  0.000000e+00 
 4.144144e+01  0.000000e+00  0.000000e+00  0.000000e+00  0.000000e+00  0.000000e+00  0.000000e+00  0.000000e+00  0.000000e+00  0.000000e+00  0.000000e+00  0.000000e+00  0.000000e+00  0.000000e+00  0.000000e+00  0.000000e+00  0.000000e+00  0.000000e+00  0.000000e+00  0.000000e+00 
 4.174174e+01  0.000000e+00  0.000000e+00  0.000000e+00  0.000000e+00  0.000000e+00  0.000000e+00  0.000000e+00  0.000000e+00  0.000000e+00  0.000000e+00  0.000000e+00  0.000000e+00  0.000000e+00  0.000000e+00  0.000000e+00  0.000000e+00  0.000000e+00  0.000000e+00  0.000000e+00 
 4.204204e+01  0.000000e+00  0.000000e+00  0.000000e+00  0.000000e+00  0.000000e+00  0.000000e+00  0.000000e+00  0.000000e+00  0.000000e+00  0.000000e+00  0.000000e+00  0.000000e+00  0.000000e+00  0.000000e+00  0.000000e+00  0.000000e+00  0.000000e+00  0.000000e+00  0.000000e+00 
 4.234234e+01  0.000000e+00  0.000000e+00  0.000000e+00  0.000000e+00  0.000000e+00  0.000000e+00  0.000000e+00  0.000000e+00  0.000000e+00  0.000000e+00  0.000000e+00  0.000000e+00  0.000000e+00  0.000000e+00  0.000000e+00  0.000000e+00  0.000000e+00  0.000000e+00  0.000000e+00 
 4.264264e+01  0.000000e+00  0.000000e+00  0.000000e+00  0.000000e+00  0.000000e+00  0.000000e+00  0.000000e+00  0.000000e+00  0.000000e+00  0.000000e+00  0.000000e+00  0.000000e+00  0.000000e+00  0.000000e+00  0.000000e+00  0.000000e+00  0.000000e+00  0.000000e+00  0.000000e+00 
 4.294294e+01  0.000000e+00  0.000000e+00  0.000000e+00  0.000000e+00  0.000000e+00  0.000000e+00  0.000000e+00  0.000000e+00  0.000000e+00  0.000000e+00  0.000000e+00  0.000000e+00  0.000000e+00  0.000000e+00  0.000000e+00  0.000000e+00  0.000000e+00  0.000000e+00  0.000000e+00 
 4.324324e+01  0.000000e+00  0.000000e+00  0.000000e+00  0.000000e+00  0.000000e+00  0.000000e+00  0.000000e+00  0.000000e+00  0.000000e+00  0.000000e+00  0.000000e+00  0.000000e+00  0.000000e+00  0.000000e+00  0.000000e+00  0.000000e+00  0.000000e+00  0.000000e+00  0.000000e+00 
 4.354354e+01  0.000000e+00  0.000000e+00  0.000000e+00  0.000000e+00  0.000000e+00  0.000000e+00  0.000000e+00  0.000000e+00  0.000000e+00  0.000000e+00  0.000000e+00  0.000000e+00  0.000000e+00  0.000000e+00  0.000000e+00  0.000000e+00  0.000000e+00  0.000000e+00  0.000000e+00 
 4.384384e+01  0.000000e+00  0.000000e+00  0.000000e+00  0.000000e+00  0.000000e+00  0.000000e+00  0.000000e+00  0.000000e+00  0.000000e+00  0.000000e+00  0.000000e+00  0.000000e+00  0.000000e+00  0.000000e+00  0.000000e+00  0.000000e+00  0.000000e+00  0.000000e+00  0.000000e+00 
 4.414414e+01  0.000000e+00  0.000000e+00  0.000000e+00  0.000000e+00  0.000000e+00  0.000000e+00  0.000000e+00  0.000000e+00  0.000000e+00  0.000000e+00  0.000000e+00  0.000000e+00  0.000000e+00  0.000000e+00  0.000000e+00  0.000000e+00  0.000000e+00  0.000000e+00  0.000000e+00 
 4.444444e+01  0.000000e+00  0.000000e+00  0.000000e+00  0.000000e+00  0.000000e+00  0.000000e+00  0.000000e+00  0.000000e+00  0.000000e+00  0.000000e+00  0.000000e+00  0.000000e+00  0.000000e+00  0.000000e+00  0.000000e+00  0.000000e+00  0.000000e+00  0.000000e+00  0.000000e+00 
 4.474474e+01  0.000000e+00  0.000000e+00  0.000000e+00  0.000000e+00  0.000000e+00  0.000000e+00  0.000000e+00  0.000000e+00  0.000000e+00  0.000000e+00  0.000000e+00  0.000000e+00  0.000000e+00  0.000000e+00  0.000000e+00  0.000000e+00  0.000000e+00  0.000000e+00  0.000000e+00 
 4.504505e+01  0.000000e+00  0.000000e+00  0.000000e+00  0.000000e+00  0.000000e+00  0.000000e+00  0.000000e+00  0.000000e+00  0.000000e+00  0.000000e+00  0.000000e+00  0.000000e+00  0.000000e+00  0.000000e+00  0.000000e+00  0.000000e+00  0.000000e+00  0.000000e+00  0.000000e+00 
 4.534535e+01  0.000000e+00  0.000000e+00  0.000000e+00  0.000000e+00  0.000000e+00  0.000000e+00  0.000000e+00  0.000000e+00  0.000000e+00  0.000000e+00  0.000000e+00  0.000000e+00  0.000000e+00  0.000000e+00  0.000000e+00  0.000000e+00  0.000000e+00  0.000000e+00  0.000000e+00 
 4.564565e+01  0.000000e+00  0.000000e+00  0.000000e+00  0.000000e+00  0.000000e+00  0.000000e+00  0.000000e+00  0.000000e+00  0.000000e+00  0.000000e+00  0.000000e+00  0.000000e+00  0.000000e+00  0.000000e+00  0.000000e+00  0.000000e+00  0.000000e+00  0.000000e+00  0.000000e+00 
 4.594595e+01  0.000000e+00  0.000000e+00  0.000000e+00  0.000000e+00  0.000000e+00  0.000000e+00  0.000000e+00  0.000000e+00  0.000000e+00  0.000000e+00  0.000000e+00  0.000000e+00  0.000000e+00  0.000000e+00  0.000000e+00  0.000000e+00  0.000000e+00  0.000000e+00  0.000000e+00 
 4.624625e+01  0.000000e+00  0.000000e+00  0.000000e+00  0.000000e+00  0.000000e+00  0.000000e+00  0.000000e+00  0.000000e+00  0.000000e+00  0.000000e+00  0.000000e+00  0.000000e+00  0.000000e+00  0.000000e+00  0.000000e+00  0.000000e+00  0.000000e+00  0.000000e+00  0.000000e+00 
 4.654655e+01  0.000000e+00  0.000000e+00  0.000000e+00  0.000000e+00  0.000000e+00  0.000000e+00  0.000000e+00  0.000000e+00  0.000000e+00  0.000000e+00  0.000000e+00  0.000000e+00  0.000000e+00  0.000000e+00  0.000000e+00  0.000000e+00  0.000000e+00  0.000000e+00  0.000000e+00 
 4.684685e+01  0.000000e+00  0.000000e+00  0.000000e+00  0.000000e+00  0.000000e+00  0.000000e+00  0.000000e+00  0.000000e+00  0.000000e+00  0.000000e+00  0.000000e+00  0.000000e+00  0.000000e+00  0.000000e+00  0.000000e+00  0.000000e+00  0.000000e+00  0.000000e+00  0.000000e+00 
 4.714715e+01  0.000000e+00  0.000000e+00  0.000000e+00  0.000000e+00  0.000000e+00  0.000000e+00  0.000000e+00  0.000000e+00  0.000000e+00  0.000000e+00  0.000000e+00  0.000000e+00  0.000000e+00  0.000000e+00  0.000000e+00  0.000000e+00  0.000000e+00  0.000000e+00  0.000000e+00 
 4.744745e+01  0.000000e+00  0.000000e+00  0.000000e+00  0.000000e+00  0.000000e+00  0.000000e+00  0.000000e+00  0.000000e+00  0.000000e+00  0.000000e+00  0.000000e+00  0.000000e+00  0.000000e+00  0.000000e+00  0.000000e+00  0.000000e+00  0.000000e+00  0.000000e+00  0.000000e+00 
 4.774775e+01  0.000000e+00  0.000000e+00  0.000000e+00  0.000000e+00  0.000000e+00  0.000000e+00  0.000000e+00  0.000000e+00  0.000000e+00  0.000000e+00  0.000000e+00  0.000000e+00  0.000000e+00  0.000000e+00  0.000000e+00  0.000000e+00  0.000000e+00  0.000000e+00  0.000000e+00 
 4.804805e+01  0.000000e+00  0.000000e+00  0.000000e+00  0.000000e+00  0.000000e+00  0.000000e+00  0.000000e+00  0.000000e+00  0.000000e+00  0.000000e+00  0.000000e+00  0.000000e+00  0.000000e+00  0.000000e+00  0.000000e+00  0.000000e+00  0.000000e+00  0.000000e+00  0.000000e+00 
 4.834835e+01  0.000000e+00  0.000000e+00  0.000000e+00  0.000000e+00  0.000000e+00  0.000000e+00  0.000000e+00  0.000000e+00  0.000000e+00  0.000000e+00  0.000000e+00  0.000000e+00  0.000000e+00  0.000000e+00  0.000000e+00  0.000000e+00  0.000000e+00  0.000000e+00  0.000000e+00 
 4.864865e+01  0.000000e+00  0.000000e+00  0.000000e+00  0.000000e+00  0.000000e+00  0.000000e+00  0.000000e+00  0.000000e+00  0.000000e+00  0.000000e+00  0.000000e+00  0.000000e+00  0.000000e+00  0.000000e+00  0.000000e+00  0.000000e+00  0.000000e+00  0.000000e+00  0.000000e+00 
 4.894895e+01  0.000000e+00  0.000000e+00  0.000000e+00  0.000000e+00  0.000000e+00  0.000000e+00  0.000000e+00  0.000000e+00  0.000000e+00  0.000000e+00  0.000000e+00  0.000000e+00  0.000000e+00  0.000000e+00  0.000000e+00  0.000000e+00  0.000000e+00  0.000000e+00  0.000000e+00 
 4.924925e+01  0.000000e+00  0.000000e+00  0.000000e+00  0.000000e+00  0.000000e+00  0.000000e+00  0.000000e+00  0.000000e+00  0.000000e+00  0.000000e+00  0.000000e+00  0.000000e+00  0.000000e+00  0.000000e+00  0.000000e+00  0.000000e+00  0.000000e+00  0.000000e+00  0.000000e+00 
 4.954955e+01  0.000000e+00  0.000000e+00  0.000000e+00  0.000000e+00  0.000000e+00  0.000000e+00  0.000000e+00  0.000000e+00  0.000000e+00  0.000000e+00  0.000000e+00  0.000000e+00  0.000000e+00  0.000000e+00  0.000000e+00  0.000000e+00  0.000000e+00  0.000000e+00  0.000000e+00 
 4.984985e+01  0.000000e+00  0.000000e+00  0.000000e+00  0.000000e+00  0.000000e+00  0.000000e+00  0.000000e+00  0.000000e+00  0.000000e+00  0.000000e+00  0.000000e+00  0.000000e+00  0.000000e+00  0.000000e+00  0.000000e+00  0.000000e+00  0.000000e+00  0.000000e+00  0.000000e+00 
 5.015015e+01  0.000000e+00  0.000000e+00  0.000000e+00  0.000000e+00  0.000000e+00  0.000000e+00  0.000000e+00  0.000000e+00  0.000000e+00  0.000000e+00  0.000000e+00  0.000000e+00  0.000000e+00  0.000000e+00  0.000000e+00  0.000000e+00  0.000000e+00  0.000000e+00  0.000000e+00 
 5.045045e+01  0.000000e+00  0.000000e+00  0.000000e+00  0.000000e+00  0.000000e+00  0.000000e+00  0.000000e+00  0.000000e+00  0.000000e+00  0.000000e+00  0.000000e+00  0.000000e+00  0.000000e+00  0.000000e+00  0.000000e+00  0.000000e+00  0.000000e+00  0.000000e+00  0.000000e+00 
 5.075075e+01  0.000000e+00  0.000000e+00  0.000000e+00  0.000000e+00  0.000000e+00  0.000000e+00  0.000000e+00  0.000000e+00  0.000000e+00  0.000000e+00  0.000000e+00  0.000000e+00  0.000000e+00  0.000000e+00  0.000000e+00  0.000000e+00  0.000000e+00  0.000000e+00  0.000000e+00 
 5.105105e+01  0.000000e+00  0.000000e+00  0.000000e+00  0.000000e+00  0.000000e+00  0.000000e+00  0.000000e+00  0.000000e+00  0.000000e+00  0.000000e+00  0.000000e+00  0.000000e+00  0.000000e+00  0.000000e+00  0.000000e+00  0.000000e+00  0.000000e+00  0.000000e+00  0.000000e+00 
 5.135135e+01  0.000000e+00  0.000000e+00  0.000000e+00  0.000000e+00  0.000000e+00  0.000000e+00  0.000000e+00  0.000000e+00  0.000000e+00  0.000000e+00  0.000000e+00  0.000000e+00  0.000000e+00  0.000000e+00  0.000000e+00  0.000000e+00  0.000000e+00  0.000000e+00  0.000000e+00 
 5.165165e+01  0.000000e+00  0.000000e+00  0.000000e+00  0.000000e+00  0.000000e+00  0.000000e+00  0.000000e+00  0.000000e+00  0.000000e+00  0.000000e+00  0.000000e+00  0.000000e+00  0.000000e+00  0.000000e+00  0.000000e+00  0.000000e+00  0.000000e+00  0.000000e+00  0.000000e+00 
 5.195195e+01  0.000000e+00  0.000000e+00  0.000000e+00  0.000000e+00  0.000000e+00  0.000000e+00  0.000000e+00  0.000000e+00  0.000000e+00  0.000000e+00  0.000000e+00  0.000000e+00  0.000000e+00  0.000000e+00  0.000000e+00  0.000000e+00  0.000000e+00  0.000000e+00  0.000000e+00 
 5.225225e+01  0.000000e+00  0.000000e+00  0.000000e+00  0.000000e+00  0.000000e+00  0.000000e+00  0.000000e+00  0.000000e+00  0.000000e+00  0.000000e+00  0.000000e+00  0.000000e+00  0.000000e+00  0.000000e+00  0.000000e+00  0.000000e+00  0.000000e+00  0.000000e+00  0.000000e+00 
 5.255255e+01  0.000000e+00  0.000000e+00  0.000000e+00  0.000000e+00  0.000000e+00  0.000000e+00  0.000000e+00  0.000000e+00  0.000000e+00  0.000000e+00  0.000000e+00  0.000000e+00  0.000000e+00  0.000000e+00  0.000000e+00  0.000000e+00  0.000000e+00  0.000000e+00  0.000000e+00 
 5.285285e+01  0.000000e+00  0.000000e+00  0.000000e+00  0.000000e+00  0.000000e+00  0.000000e+00  0.000000e+00  0.000000e+00  0.000000e+00  0.000000e+00  0.000000e+00  0.000000e+00  0.000000e+00  0.000000e+00  0.000000e+00  0.000000e+00  0.000000e+00  0.000000e+00  0.000000e+00 
 5.315315e+01  0.000000e+00  0.000000e+00  0.000000e+00  0.000000e+00  0.000000e+00  0.000000e+00  0.000000e+00  0.000000e+00  0.000000e+00  0.000000e+00  0.000000e+00  0.000000e+00  0.000000e+00  0.000000e+00  0.000000e+00  0.000000e+00  0.000000e+00  0.000000e+00  0.000000e+00 
 5.345345e+01  0.000000e+00  0.000000e+00  0.000000e+00  0.000000e+00  0.000000e+00  0.000000e+00  0.000000e+00  0.000000e+00  0.000000e+00  0.000000e+00  0.000000e+00  0.000000e+00  0.000000e+00  0.000000e+00  0.000000e+00  0.000000e+00  0.000000e+00  0.000000e+00  0.000000e+00 
 5.375375e+01  0.000000e+00  0.000000e+00  0.000000e+00  0.000000e+00  0.000000e+00  0.000000e+00  0.000000e+00  0.000000e+00  0.000000e+00  0.000000e+00  0.000000e+00  0.000000e+00  0.000000e+00  0.000000e+00  0.000000e+00  0.000000e+00  0.000000e+00  0.000000e+00  0.000000e+00 
 5.405405e+01  0.000000e+00  0.000000e+00  0.000000e+00  0.000000e+00  0.000000e+00  0.000000e+00  0.000000e+00  0.000000e+00  0.000000e+00  0.000000e+00  0.000000e+00  0.000000e+00  0.000000e+00  0.000000e+00  0.000000e+00  0.000000e+00  0.000000e+00  0.000000e+00  0.000000e+00 
 5.435435e+01  0.000000e+00  0.000000e+00  0.000000e+00  0.000000e+00  0.000000e+00  0.000000e+00  0.000000e+00  0.000000e+00  0.000000e+00  0.000000e+00  0.000000e+00  0.000000e+00  0.000000e+00  0.000000e+00  0.000000e+00  0.000000e+00  0.000000e+00  0.000000e+00  0.000000e+00 
 5.465465e+01  0.000000e+00  0.000000e+00  0.000000e+00  0.000000e+00  0.000000e+00  0.000000e+00  0.000000e+00  0.000000e+00  0.000000e+00  0.000000e+00  0.000000e+00  0.000000e+00  0.000000e+00  0.000000e+00  0.000000e+00  0.000000e+00  0.000000e+00  0.000000e+00  0.000000e+00 
 5.495495e+01  0.000000e+00  0.000000e+00  0.000000e+00  0.000000e+00  0.000000e+00  0.000000e+00  0.000000e+00  0.000000e+00  0.000000e+00  0.000000e+00  0.000000e+00  0.000000e+00  0.000000e+00  0.000000e+00  0.000000e+00  0.000000e+00  0.000000e+00  0.000000e+00  0.000000e+00 
 5.525526e+01  0.000000e+00  0.000000e+00  0.000000e+00  0.000000e+00  0.000000e+00  0.000000e+00  0.000000e+00  0.000000e+00  0.000000e+00  0.000000e+00  0.000000e+00  0.000000e+00  0.000000e+00  0.000000e+00  0.000000e+00  0.000000e+00  0.000000e+00  0.000000e+00  0.000000e+00 
 5.555556e+01  0.000000e+00  0.000000e+00  0.000000e+00  0.000000e+00  0.000000e+00  0.000000e+00  0.000000e+00  0.000000e+00  0.000000e+00  0.000000e+00  0.000000e+00  0.000000e+00  0.000000e+00  0.000000e+00  0.000000e+00  0.000000e+00  0.000000e+00  0.000000e+00  0.000000e+00 
 5.585586e+01  0.000000e+00  0.000000e+00  0.000000e+00  0.000000e+00  0.000000e+00  0.000000e+00  0.000000e+00  0.000000e+00  0.000000e+00  0.000000e+00  0.000000e+00  0.000000e+00  0.000000e+00  0.000000e+00  0.000000e+00  0.000000e+00  0.000000e+00  0.000000e+00  0.000000e+00 
 5.615616e+01  0.000000e+00  0.000000e+00  0.000000e+00  0.000000e+00  0.000000e+00  0.000000e+00  0.000000e+00  0.000000e+00  0.000000e+00  0.000000e+00  0.000000e+00  0.000000e+00  0.000000e+00  0.000000e+00  0.000000e+00  0.000000e+00  0.000000e+00  0.000000e+00  0.000000e+00 
 5.645646e+01  0.000000e+00  0.000000e+00  0.000000e+00  0.000000e+00  0.000000e+00  0.000000e+00  0.000000e+00  0.000000e+00  0.000000e+00  0.000000e+00  0.000000e+00  0.000000e+00  0.000000e+00  0.000000e+00  0.000000e+00  0.000000e+00  0.000000e+00  0.000000e+00  0.000000e+00 
 5.675676e+01  0.000000e+00  0.000000e+00  0.000000e+00  0.000000e+00  0.000000e+00  0.000000e+00  0.000000e+00  0.000000e+00  0.000000e+00  0.000000e+00  0.000000e+00  0.000000e+00  0.000000e+00  0.000000e+00  0.000000e+00  0.000000e+00  0.000000e+00  0.000000e+00  0.000000e+00 
 5.705706e+01  0.000000e+00  0.000000e+00  0.000000e+00  0.000000e+00  0.000000e+00  0.000000e+00  0.000000e+00  0.000000e+00  0.000000e+00  0.000000e+00  0.000000e+00  0.000000e+00  0.000000e+00  0.000000e+00  0.000000e+00  0.000000e+00  0.000000e+00  0.000000e+00  0.000000e+00 
 5.735736e+01  0.000000e+00  0.000000e+00  0.000000e+00  0.000000e+00  0.000000e+00  0.000000e+00  0.000000e+00  0.000000e+00  0.000000e+00  0.000000e+00  0.000000e+00  0.000000e+00  0.000000e+00  0.000000e+00  0.000000e+00  0.000000e+00  0.000000e+00  0.000000e+00  0.000000e+00 
 5.765766e+01  0.000000e+00  0.000000e+00  0.000000e+00  0.000000e+00  0.000000e+00  0.000000e+00  0.000000e+00  0.000000e+00  0.000000e+00  0.000000e+00  0.000000e+00  0.000000e+00  0.000000e+00  0.000000e+00  0.000000e+00  0.000000e+00  0.000000e+00  0.000000e+00  0.000000e+00 
 5.795796e+01  0.000000e+00  0.000000e+00  0.000000e+00  0.000000e+00  0.000000e+00  0.000000e+00  0.000000e+00  0.000000e+00  0.000000e+00  0.000000e+00  0.000000e+00  0.000000e+00  0.000000e+00  0.000000e+00  0.000000e+00  0.000000e+00  0.000000e+00  0.000000e+00  0.000000e+00 
 5.825826e+01  0.000000e+00  0.000000e+00  0.000000e+00  0.000000e+00  0.000000e+00  0.000000e+00  0.000000e+00  0.000000e+00  0.000000e+00  0.000000e+00  0.000000e+00  0.000000e+00  0.000000e+00  0.000000e+00  0.000000e+00  0.000000e+00  0.000000e+00  0.000000e+00  0.000000e+00 
 5.855856e+01  0.000000e+00  0.000000e+00  0.000000e+00  0.000000e+00  0.000000e+00  0.000000e+00  0.000000e+00  0.000000e+00  0.000000e+00  0.000000e+00  0.000000e+00  0.000000e+00  0.000000e+00  0.000000e+00  0.000000e+00  0.000000e+00  0.000000e+00  0.000000e+00  0.000000e+00 
 5.885886e+01  0.000000e+00  0.000000e+00  0.000000e+00  0.000000e+00  0.000000e+00  0.000000e+00  0.000000e+00  0.000000e+00  0.000000e+00  0.000000e+00  0.000000e+00  0.000000e+00  0.000000e+00  0.000000e+00  0.000000e+00  0.000000e+00  0.000000e+00  0.000000e+00  0.000000e+00 
 5.915916e+01  0.000000e+00  0.000000e+00  0.000000e+00  0.000000e+00  0.000000e+00  0.000000e+00  0.000000e+00  0.000000e+00  0.000000e+00  0.000000e+00  0.000000e+00  0.000000e+00  0.000000e+00  0.000000e+00  0.000000e+00  0.000000e+00  0.000000e+00  0.000000e+00  0.000000e+00 
 5.945946e+01  0.000000e+00  0.000000e+00  0.000000e+00  0.000000e+00  0.000000e+00  0.000000e+00  0.000000e+00  0.000000e+00  0.000000e+00  0.000000e+00  0.000000e+00  0.000000e+00  0.000000e+00  0.000000e+00  0.000000e+00  0.000000e+00  0.000000e+00  0.000000e+00  0.000000e+00 
 5.975976e+01  0.000000e+00  0.000000e+00  0.000000e+00  0.000000e+00  0.000000e+00  0.000000e+00  0.000000e+00  0.000000e+00  0.000000e+00  0.000000e+00  0.000000e+00  0.000000e+00  0.000000e+00  0.000000e+00  0.000000e+00  0.000000e+00  0.000000e+00  0.000000e+00  0.000000e+00 
 6.006006e+01  0.000000e+00  0.000000e+00  0.000000e+00  0.000000e+00  0.000000e+00  0.000000e+00  0.000000e+00  0.000000e+00  0.000000e+00  0.000000e+00  0.000000e+00  0.000000e+00  0.000000e+00  0.000000e+00  0.000000e+00  0.000000e+00  0.000000e+00  0.000000e+00  0.000000e+00 
 6.036036e+01  0.000000e+00  0.000000e+00  0.000000e+00  0.000000e+00  0.000000e+00  0.000000e+00  0.000000e+00  0.000000e+00  0.000000e+00  0.000000e+00  0.000000e+00  0.000000e+00  0.000000e+00  0.000000e+00  0.000000e+00  0.000000e+00  0.000000e+00  0.000000e+00  0.000000e+00 
 6.066066e+01  0.000000e+00  0.000000e+00  0.000000e+00  0.000000e+00  0.000000e+00  0.000000e+00  0.000000e+00  0.000000e+00  0.000000e+00  0.000000e+00  0.000000e+00  0.000000e+00  0.000000e+00  0.000000e+00  0.000000e+00  0.000000e+00  0.000000e+00  0.000000e+00  0.000000e+00 
 6.096096e+01  0.000000e+00  0.000000e+00  0.000000e+00  0.000000e+00  0.000000e+00  0.000000e+00  0.000000e+00  0.000000e+00  0.000000e+00  0.000000e+00  0.000000e+00  0.000000e+00  0.000000e+00  0.000000e+00  0.000000e+00  0.000000e+00  0.000000e+00  0.000000e+00  0.000000e+00 
 6.126126e+01  0.000000e+00  0.000000e+00  0.000000e+00  0.000000e+00  0.000000e+00  0.000000e+00  0.000000e+00  0.000000e+00  0.000000e+00  0.000000e+00  0.000000e+00  0.000000e+00  0.000000e+00  0.000000e+00  0.000000e+00  0.000000e+00  0.000000e+00  0.000000e+00  0.000000e+00 
 6.156156e+01  0.000000e+00  0.000000e+00  0.000000e+00  0.000000e+00  0.000000e+00  0.000000e+00  0.000000e+00  0.000000e+00  0.000000e+00  0.000000e+00  0.000000e+00  0.000000e+00  0.000000e+00  0.000000e+00  0.000000e+00  0.000000e+00  0.000000e+00  0.000000e+00  0.000000e+00 
 6.186186e+01  0.000000e+00  0.000000e+00  0.000000e+00  0.000000e+00  0.000000e+00  0.000000e+00  0.000000e+00  0.000000e+00  0.000000e+00  0.000000e+00  0.000000e+00  0.000000e+00  0.000000e+00  0.000000e+00  0.000000e+00  0.000000e+00  0.000000e+00  0.000000e+00  0.000000e+00 
 6.216216e+01  0.000000e+00  0.000000e+00  0.000000e+00  0.000000e+00  0.000000e+00  0.000000e+00  0.000000e+00  0.000000e+00  0.000000e+00  0.000000e+00  0.000000e+00  0.000000e+00  0.000000e+00  0.000000e+00  0.000000e+00  0.000000e+00  0.000000e+00  0.000000e+00  0.000000e+00 
 6.246246e+01  0.000000e+00  0.000000e+00  0.000000e+00  0.000000e+00  0.000000e+00  0.000000e+00  0.000000e+00  0.000000e+00  0.000000e+00  0.000000e+00  0.000000e+00  0.000000e+00  0.000000e+00  0.000000e+00  0.000000e+00  0.000000e+00  0.000000e+00  0.000000e+00  0.000000e+00 
 6.276276e+01  0.000000e+00  0.000000e+00  0.000000e+00  0.000000e+00  0.000000e+00  0.000000e+00  0.000000e+00  0.000000e+00  0.000000e+00  0.000000e+00  0.000000e+00  0.000000e+00  0.000000e+00  0.000000e+00  0.000000e+00  0.000000e+00  0.000000e+00  0.000000e+00  0.000000e+00 
 6.306306e+01  0.000000e+00  0.000000e+00  0.000000e+00  0.000000e+00  0.000000e+00  0.000000e+00  0.000000e+00  0.000000e+00  0.000000e+00  0.000000e+00  0.000000e+00  0.000000e+00  0.000000e+00  0.000000e+00  0.000000e+00  0.000000e+00  0.000000e+00  0.000000e+00  0.000000e+00 
 6.336336e+01  0.000000e+00  0.000000e+00  0.000000e+00  0.000000e+00  0.000000e+00  0.000000e+00  0.000000e+00  0.000000e+00  0.000000e+00  0.000000e+00  0.000000e+00  0.000000e+00  0.000000e+00  0.000000e+00  0.000000e+00  0.000000e+00  0.000000e+00  0.000000e+00  0.000000e+00 
 6.366366e+01  0.000000e+00  0.000000e+00  0.000000e+00  0.000000e+00  0.000000e+00  0.000000e+00  0.000000e+00  0.000000e+00  0.000000e+00  0.000000e+00  0.000000e+00  0.000000e+00  0.000000e+00  0.000000e+00  0.000000e+00  0.000000e+00  0.000000e+00  0.000000e+00  0.000000e+00 
 6.396396e+01  0.000000e+00  0.000000e+00  0.000000e+00  0.000000e+00  0.000000e+00  0.000000e+00  0.000000e+00  0.000000e+00  0.000000e+00  0.000000e+00  0.000000e+00  0.000000e+00  0.000000e+00  0.000000e+00  0.000000e+00  0.000000e+00  0.000000e+00  0.000000e+00  0.000000e+00 
 6.426426e+01  0.000000e+00  0.000000e+00  0.000000e+00  0.000000e+00  0.000000e+00  0.000000e+00  0.000000e+00  0.000000e+00  0.000000e+00  0.000000e+00  0.000000e+00  0.000000e+00  0.000000e+00  0.000000e+00  0.000000e+00  0.000000e+00  0.000000e+00  0.000000e+00  0.000000e+00 
 6.456456e+01  0.000000e+00  0.000000e+00  0.000000e+00  0.000000e+00  0.000000e+00  0.000000e+00  0.000000e+00  0.000000e+00  0.000000e+00  0.000000e+00  0.000000e+00  0.000000e+00  0.000000e+00  0.000000e+00  0.000000e+00  0.000000e+00  0.000000e+00  0.000000e+00  0.000000e+00 
 6.486486e+01  0.000000e+00  0.000000e+00  0.000000e+00  0.000000e+00  0.000000e+00  0.000000e+00  0.000000e+00  0.000000e+00  0.000000e+00  0.000000e+00  0.000000e+00  0.000000e+00  0.000000e+00  0.000000e+00  0.000000e+00  0.000000e+00  0.000000e+00  0.000000e+00  0.000000e+00 
 6.516517e+01  0.000000e+00  0.000000e+00  0.000000e+00  0.000000e+00  0.000000e+00  0.000000e+00  0.000000e+00  0.000000e+00  0.000000e+00  0.000000e+00  0.000000e+00  0.000000e+00  0.000000e+00  0.000000e+00  0.000000e+00  0.000000e+00  0.000000e+00  0.000000e+00  0.000000e+00 
 6.546547e+01  0.000000e+00  0.000000e+00  0.000000e+00  0.000000e+00  0.000000e+00  0.000000e+00  0.000000e+00  0.000000e+00  0.000000e+00  0.000000e+00  0.000000e+00  0.000000e+00  0.000000e+00  0.000000e+00  0.000000e+00  0.000000e+00  0.000000e+00  0.000000e+00  0.000000e+00 
 6.576577e+01  0.000000e+00  0.000000e+00  0.000000e+00  0.000000e+00  0.000000e+00  0.000000e+00  0.000000e+00  0.000000e+00  0.000000e+00  0.000000e+00  0.000000e+00  0.000000e+00  0.000000e+00  0.000000e+00  0.000000e+00  0.000000e+00  0.000000e+00  0.000000e+00  0.000000e+00 
 6.606607e+01  0.000000e+00  0.000000e+00  0.000000e+00  0.000000e+00  0.000000e+00  0.000000e+00  0.000000e+00  0.000000e+00  0.000000e+00  0.000000e+00  0.000000e+00  0.000000e+00  0.000000e+00  0.000000e+00  0.000000e+00  0.000000e+00  0.000000e+00  0.000000e+00  0.000000e+00 
 6.636637e+01  0.000000e+00  0.000000e+00  0.000000e+00  0.000000e+00  0.000000e+00  0.000000e+00  0.000000e+00  0.000000e+00  0.000000e+00  0.000000e+00  0.000000e+00  0.000000e+00  0.000000e+00  0.000000e+00  0.000000e+00  0.000000e+00  0.000000e+00  0.000000e+00  0.000000e+00 
 6.666667e+01  0.000000e+00  0.000000e+00  0.000000e+00  0.000000e+00  0.000000e+00  0.000000e+00  0.000000e+00  0.000000e+00  0.000000e+00  0.000000e+00  0.000000e+00  0.000000e+00  0.000000e+00  0.000000e+00  0.000000e+00  0.000000e+00  0.000000e+00  0.000000e+00  0.000000e+00 
 6.696697e+01  0.000000e+00  0.000000e+00  0.000000e+00  0.000000e+00  0.000000e+00  0.000000e+00  0.000000e+00  0.000000e+00  0.000000e+00  0.000000e+00  0.000000e+00  0.000000e+00  0.000000e+00  0.000000e+00  0.000000e+00  0.000000e+00  0.000000e+00  0.000000e+00  0.000000e+00 
 6.726727e+01  0.000000e+00  0.000000e+00  0.000000e+00  0.000000e+00  0.000000e+00  0.000000e+00  0.000000e+00  0.000000e+00  0.000000e+00  0.000000e+00  0.000000e+00  0.000000e+00  0.000000e+00  0.000000e+00  0.000000e+00  0.000000e+00  0.000000e+00  0.000000e+00  0.000000e+00 
 6.756757e+01  0.000000e+00  0.000000e+00  0.000000e+00  0.000000e+00  0.000000e+00  0.000000e+00  0.000000e+00  0.000000e+00  0.000000e+00  0.000000e+00  0.000000e+00  0.000000e+00  0.000000e+00  0.000000e+00  0.000000e+00  0.000000e+00  0.000000e+00  0.000000e+00  0.000000e+00 
 6.786787e+01  0.000000e+00  0.000000e+00  0.000000e+00  0.000000e+00  0.000000e+00  0.000000e+00  0.000000e+00  0.000000e+00  0.000000e+00  0.000000e+00  0.000000e+00  0.000000e+00  0.000000e+00  0.000000e+00  0.000000e+00  0.000000e+00  0.000000e+00  0.000000e+00  0.000000e+00 
 6.816817e+01  0.000000e+00  0.000000e+00  0.000000e+00  0.000000e+00  0.000000e+00  0.000000e+00  0.000000e+00  0.000000e+00  0.000000e+00  0.000000e+00  0.000000e+00  0.000000e+00  0.000000e+00  0.000000e+00  0.000000e+00  0.000000e+00  0.000000e+00  0.000000e+00  0.000000e+00 
 6.846847e+01  0.000000e+00  0.000000e+00  0.000000e+00  0.000000e+00  0.000000e+00  0.000000e+00  0.000000e+00  0.000000e+00  0.000000e+00  0.000000e+00  0.000000e+00  0.000000e+00  0.000000e+00  0.000000e+00  0.000000e+00  0.000000e+00  0.000000e+00  0.000000e+00  0.000000e+00 
 6.876877e+01  0.000000e+00  0.000000e+00  0.000000e+00  0.000000e+00  0.000000e+00  0.000000e+00  0.000000e+00  0.000000e+00  0.000000e+00  0.000000e+00  0.000000e+00  0.000000e+00  0.000000e+00  0.000000e+00  0.000000e+00  0.000000e+00  0.000000e+00  0.000000e+00  0.000000e+00 
 6.906907e+01  0.000000e+00  0.000000e+00  0.000000e+00  0.000000e+00  0.000000e+00  0.000000e+00  0.000000e+00  0.000000e+00  0.000000e+00  0.000000e+00  0.000000e+00  0.000000e+00  0.000000e+00  0.000000e+00  0.000000e+00  0.000000e+00  0.000000e+00  0.000000e+00  0.000000e+00 
 6.936937e+01  0.000000e+00  0.000000e+00  0.000000e+00  0.000000e+00  0.000000e+00  0.000000e+00  0.000000e+00  0.000000e+00  0.000000e+00  0.000000e+00  0.000000e+00  0.000000e+00  0.000000e+00  0.000000e+00  0.000000e+00  0.000000e+00  0.000000e+00  0.000000e+00  0.000000e+00 
 6.966967e+01  0.000000e+00  0.000000e+00  0.000000e+00  0.000000e+00  0.000000e+00  0.000000e+00  0.000000e+00  0.000000e+00  0.000000e+00  0.000000e+00  0.000000e+00  0.000000e+00  0.000000e+00  0.000000e+00  0.000000e+00  0.000000e+00  0.000000e+00  0.000000e+00  0.000000e+00 
 6.996997e+01  0.000000e+00  0.000000e+00  0.000000e+00  0.000000e+00  0.000000e+00  0.000000e+00  0.000000e+00  0.000000e+00  0.000000e+00  0.000000e+00  0.000000e+00  0.000000e+00  0.000000e+00  0.000000e+00  0.000000e+00  0.000000e+00  0.000000e+00  0.000000e+00  0.000000e+00 
 7.027027e+01  0.000000e+00  0.000000e+00  0.000000e+00  0.000000e+00  0.000000e+00  0.000000e+00  0.000000e+00  0.000000e+00  0.000000e+00  0.000000e+00  0.000000e+00  0.000000e+00  0.000000e+00  0.000000e+00  0.000000e+00  0.000000e+00  0.000000e+00  0.000000e+00  0.000000e+00 
 7.057057e+01  0.000000e+00  0.000000e+00  0.000000e+00  0.000000e+00  0.000000e+00  0.000000e+00  0.000000e+00  0.000000e+00  0.000000e+00  0.000000e+00  0.000000e+00  0.000000e+00  0.000000e+00  0.000000e+00  0.000000e+00  0.000000e+00  0.000000e+00  0.000000e+00  0.000000e+00 
 7.087087e+01  0.000000e+00  0.000000e+00  0.000000e+00  0.000000e+00  0.000000e+00  0.000000e+00  0.000000e+00  0.000000e+00  0.000000e+00  0.000000e+00  0.000000e+00  0.000000e+00  0.000000e+00  0.000000e+00  0.000000e+00  0.000000e+00  0.000000e+00  0.000000e+00  0.000000e+00 
 7.117117e+01  0.000000e+00  0.000000e+00  0.000000e+00  0.000000e+00  0.000000e+00  0.000000e+00  0.000000e+00  0.000000e+00  0.000000e+00  0.000000e+00  0.000000e+00  0.000000e+00  0.000000e+00  0.000000e+00  0.000000e+00  0.000000e+00  0.000000e+00  0.000000e+00  0.000000e+00 
 7.147147e+01  0.000000e+00  0.000000e+00  0.000000e+00  0.000000e+00  0.000000e+00  0.000000e+00  0.000000e+00  0.000000e+00  0.000000e+00  0.000000e+00  0.000000e+00  0.000000e+00  0.000000e+00  0.000000e+00  0.000000e+00  0.000000e+00  0.000000e+00  0.000000e+00  0.000000e+00 
 7.177177e+01  0.000000e+00  0.000000e+00  0.000000e+00  0.000000e+00  0.000000e+00  0.000000e+00  0.000000e+00  0.000000e+00  0.000000e+00  0.000000e+00  0.000000e+00  0.000000e+00  0.000000e+00  0.000000e+00  0.000000e+00  0.000000e+00  0.000000e+00  0.000000e+00  0.000000e+00 
 7.207207e+01  0.000000e+00  0.000000e+00  0.000000e+00  0.000000e+00  0.000000e+00  0.000000e+00  0.000000e+00  0.000000e+00  0.000000e+00  0.000000e+00  0.000000e+00  0.000000e+00  0.000000e+00  0.000000e+00  0.000000e+00  0.000000e+00  0.000000e+00  0.000000e+00  0.000000e+00 
 7.237237e+01  0.000000e+00  0.000000e+00  0.000000e+00  0.000000e+00  0.000000e+00  0.000000e+00  0.000000e+00  0.000000e+00  0.000000e+00  0.000000e+00  0.000000e+00  0.000000e+00  0.000000e+00  0.000000e+00  0.000000e+00  0.000000e+00  0.000000e+00  0.000000e+00  0.000000e+00 
 7.267267e+01  0.000000e+00  0.000000e+00  0.000000e+00  0.000000e+00  0.000000e+00  0.000000e+00  0.000000e+00  0.000000e+00  0.000000e+00  0.000000e+00  0.000000e+00  0.000000e+00  0.000000e+00  0.000000e+00  0.000000e+00  0.000000e+00  0.000000e+00  0.000000e+00  0.000000e+00 
 7.297297e+01  0.000000e+00  0.000000e+00  0.000000e+00  0.000000e+00  0.000000e+00  0.000000e+00  0.000000e+00  0.000000e+00  0.000000e+00  0.000000e+00  0.000000e+00  0.000000e+00  0.000000e+00  0.000000e+00  0.000000e+00  0.000000e+00  0.000000e+00  0.000000e+00  0.000000e+00 
 7.327327e+01  0.000000e+00  0.000000e+00  0.000000e+00  0.000000e+00  0.000000e+00  0.000000e+00  0.000000e+00  0.000000e+00  0.000000e+00  0.000000e+00  0.000000e+00  0.000000e+00  0.000000e+00  0.000000e+00  0.000000e+00  0.000000e+00  0.000000e+00  0.000000e+00  0.000000e+00 
 7.357357e+01  0.000000e+00  0.000000e+00  0.000000e+00  0.000000e+00  0.000000e+00  0.000000e+00  0.000000e+00  0.000000e+00  0.000000e+00  0.000000e+00  0.000000e+00  0.000000e+00  0.000000e+00  0.000000e+00  0.000000e+00  0.000000e+00  0.000000e+00  0.000000e+00  0.000000e+00 
 7.387387e+01  0.000000e+00  0.000000e+00  0.000000e+00  0.000000e+00  0.000000e+00  0.000000e+00  0.000000e+00  0.000000e+00  0.000000e+00  0.000000e+00  0.000000e+00  0.000000e+00  0.000000e+00  0.000000e+00  0.000000e+00  0.000000e+00  0.000000e+00  0.000000e+00  0.000000e+00 
 7.417417e+01  0.000000e+00  0.000000e+00  0.000000e+00  0.000000e+00  0.000000e+00  0.000000e+00  0.000000e+00  0.000000e+00  0.000000e+00  0.000000e+00  0.000000e+00  0.000000e+00  0.000000e+00  0.000000e+00  0.000000e+00  0.000000e+00  0.000000e+00  0.000000e+00  0.000000e+00 
 7.447447e+01  0.000000e+00  0.000000e+00  0.000000e+00  0.000000e+00  0.000000e+00  0.000000e+00  0.000000e+00  0.000000e+00  0.000000e+00  0.000000e+00  0.000000e+00  0.000000e+00  0.000000e+00  0.000000e+00  0.000000e+00  0.000000e+00  0.000000e+00  0.000000e+00  0.000000e+00 
 7.477477e+01  0.000000e+00  0.000000e+00  0.000000e+00  0.000000e+00  0.000000e+00  0.000000e+00  0.000000e+00  0.000000e+00  0.000000e+00  0.000000e+00  0.000000e+00  0.000000e+00  0.000000e+00  0.000000e+00  0.000000e+00  0.000000e+00  0.000000e+00  0.000000e+00  0.000000e+00 
 7.507508e+01  0.000000e+00  0.000000e+00  0.000000e+00  0.000000e+00  0.000000e+00  0.000000e+00  0.000000e+00  0.000000e+00  0.000000e+00  0.000000e+00  0.000000e+00  0.000000e+00  0.000000e+00  0.000000e+00  0.000000e+00  0.000000e+00  0.000000e+00  0.000000e+00  0.000000e+00 
 7.537538e+01  0.000000e+00  0.000000e+00  0.000000e+00  0.000000e+00  0.000000e+00  0.000000e+00  0.000000e+00  0.000000e+00  0.000000e+00  0.000000e+00  0.000000e+00  0.000000e+00  0.000000e+00  0.000000e+00  0.000000e+00  0.000000e+00  0.000000e+00  0.000000e+00  0.000000e+00 
 7.567568e+01  0.000000e+00  0.000000e+00  0.000000e+00  0.000000e+00  0.000000e+00  0.000000e+00  0.000000e+00  0.000000e+00  0.000000e+00  0.000000e+00  0.000000e+00  0.000000e+00  0.000000e+00  0.000000e+00  0.000000e+00  0.000000e+00  0.000000e+00  0.000000e+00  0.000000e+00 
 7.597598e+01  0.000000e+00  0.000000e+00  0.000000e+00  0.000000e+00  0.000000e+00  0.000000e+00  0.000000e+00  0.000000e+00  0.000000e+00  0.000000e+00  0.000000e+00  0.000000e+00  0.000000e+00  0.000000e+00  0.000000e+00  0.000000e+00  0.000000e+00  0.000000e+00  0.000000e+00 
 7.627628e+01  0.000000e+00  0.000000e+00  0.000000e+00  0.000000e+00  0.000000e+00  0.000000e+00  0.000000e+00  0.000000e+00  0.000000e+00  0.000000e+00  0.000000e+00  0.000000e+00  0.000000e+00  0.000000e+00  0.000000e+00  0.000000e+00  0.000000e+00  0.000000e+00  0.000000e+00 
 7.657658e+01  0.000000e+00  0.000000e+00  0.000000e+00  0.000000e+00  0.000000e+00  0.000000e+00  0.000000e+00  0.000000e+00  0.000000e+00  0.000000e+00  0.000000e+00  0.000000e+00  0.000000e+00  0.000000e+00  0.000000e+00  0.000000e+00  0.000000e+00  0.000000e+00  0.000000e+00 
 7.687688e+01  0.000000e+00  0.000000e+00  0.000000e+00  0.000000e+00  0.000000e+00  0.000000e+00  0.000000e+00  0.000000e+00  0.000000e+00  0.000000e+00  0.000000e+00  0.000000e+00  0.000000e+00  0.000000e+00  0.000000e+00  0.000000e+00  0.000000e+00  0.000000e+00  0.000000e+00 
 7.717718e+01  0.000000e+00  0.000000e+00  0.000000e+00  0.000000e+00  0.000000e+00  0.000000e+00  0.000000e+00  0.000000e+00  0.000000e+00  0.000000e+00  0.000000e+00  0.000000e+00  0.000000e+00  0.000000e+00  0.000000e+00  0.000000e+00  0.000000e+00  0.000000e+00  0.000000e+00 
 7.747748e+01  0.000000e+00  0.000000e+00  0.000000e+00  0.000000e+00  0.000000e+00  0.000000e+00  0.000000e+00  0.000000e+00  0.000000e+00  0.000000e+00  0.000000e+00  0.000000e+00  0.000000e+00  0.000000e+00  0.000000e+00  0.000000e+00  0.000000e+00  0.000000e+00  0.000000e+00 
 7.777778e+01  0.000000e+00  0.000000e+00  0.000000e+00  0.000000e+00  0.000000e+00  0.000000e+00  0.000000e+00  0.000000e+00  0.000000e+00  0.000000e+00  0.000000e+00  0.000000e+00  0.000000e+00  0.000000e+00  0.000000e+00  0.000000e+00  0.000000e+00  0.000000e+00  0.000000e+00 
 7.807808e+01  0.000000e+00  0.000000e+00  0.000000e+00  0.000000e+00  0.000000e+00  0.000000e+00  0.000000e+00  0.000000e+00  0.000000e+00  0.000000e+00  0.000000e+00  0.000000e+00  0.000000e+00  0.000000e+00  0.000000e+00  0.000000e+00  0.000000e+00  0.000000e+00  0.000000e+00 
 7.837838e+01  0.000000e+00  0.000000e+00  0.000000e+00  0.000000e+00  0.000000e+00  0.000000e+00  0.000000e+00  0.000000e+00  0.000000e+00  0.000000e+00  0.000000e+00  0.000000e+00  0.000000e+00  0.000000e+00  0.000000e+00  0.000000e+00  0.000000e+00  0.000000e+00  0.000000e+00 
 7.867868e+01  0.000000e+00  0.000000e+00  0.000000e+00  0.000000e+00  0.000000e+00  0.000000e+00  0.000000e+00  0.000000e+00  0.000000e+00  0.000000e+00  0.000000e+00  0.000000e+00  0.000000e+00  0.000000e+00  0.000000e+00  0.000000e+00  0.000000e+00  0.000000e+00  0.000000e+00 
 7.897898e+01  0.000000e+00  0.000000e+00  0.000000e+00  0.000000e+00  0.000000e+00  0.000000e+00  0.000000e+00  0.000000e+00  0.000000e+00  0.000000e+00  0.000000e+00  0.000000e+00  0.000000e+00  0.000000e+00  0.000000e+00  0.000000e+00  0.000000e+00  0.000000e+00  0.000000e+00 
 7.927928e+01  0.000000e+00  0.000000e+00  0.000000e+00  0.000000e+00  0.000000e+00  0.000000e+00  0.000000e+00  0.000000e+00  0.000000e+00  0.000000e+00  0.000000e+00  0.000000e+00  0.000000e+00  0.000000e+00  0.000000e+00  0.000000e+00  0.000000e+00  0.000000e+00  0.000000e+00 
 7.957958e+01  0.000000e+00  0.000000e+00  0.000000e+00  0.000000e+00  0.000000e+00  0.000000e+00  0.000000e+00  0.000000e+00  0.000000e+00  0.000000e+00  0.000000e+00  0.000000e+00  0.000000e+00  0.000000e+00  0.000000e+00  0.000000e+00  0.000000e+00  0.000000e+00  0.000000e+00 
 7.987988e+01  0.000000e+00  0.000000e+00  0.000000e+00  0.000000e+00  0.000000e+00  0.000000e+00  0.000000e+00  0.000000e+00  0.000000e+00  0.000000e+00  0.000000e+00  0.000000e+00  0.000000e+00  0.000000e+00  0.000000e+00  0.000000e+00  0.000000e+00  0.000000e+00  0.000000e+00 
 8.018018e+01  0.000000e+00  0.000000e+00  0.000000e+00  0.000000e+00  0.000000e+00  0.000000e+00  0.000000e+00  0.000000e+00  0.000000e+00  0.000000e+00  0.000000e+00  0.000000e+00  0.000000e+00  0.000000e+00  0.000000e+00  0.000000e+00  0.000000e+00  0.000000e+00  0.000000e+00 
 8.048048e+01  0.000000e+00  0.000000e+00  0.000000e+00  0.000000e+00  0.000000e+00  0.000000e+00  0.000000e+00  0.000000e+00  0.000000e+00  0.000000e+00  0.000000e+00  0.000000e+00  0.000000e+00  0.000000e+00  0.000000e+00  0.000000e+00  0.000000e+00  0.000000e+00  0.000000e+00 
 8.078078e+01  0.000000e+00  0.000000e+00  0.000000e+00  0.000000e+00  0.000000e+00  0.000000e+00  0.000000e+00  0.000000e+00  0.000000e+00  0.000000e+00  0.000000e+00  0.000000e+00  0.000000e+00  0.000000e+00  0.000000e+00  0.000000e+00  0.000000e+00  0.000000e+00  0.000000e+00 
 8.108108e+01  0.000000e+00  0.000000e+00  0.000000e+00  0.000000e+00  0.000000e+00  0.000000e+00  0.000000e+00  0.000000e+00  0.000000e+00  0.000000e+00  0.000000e+00  0.000000e+00  0.000000e+00  0.000000e+00  0.000000e+00  0.000000e+00  0.000000e+00  0.000000e+00  0.000000e+00 
 8.138138e+01  0.000000e+00  0.000000e+00  0.000000e+00  0.000000e+00  0.000000e+00  0.000000e+00  0.000000e+00  0.000000e+00  0.000000e+00  0.000000e+00  0.000000e+00  0.000000e+00  0.000000e+00  0.000000e+00  0.000000e+00  0.000000e+00  0.000000e+00  0.000000e+00  0.000000e+00 
 8.168168e+01  0.000000e+00  0.000000e+00  0.000000e+00  0.000000e+00  0.000000e+00  0.000000e+00  0.000000e+00  0.000000e+00  0.000000e+00  0.000000e+00  0.000000e+00  0.000000e+00  0.000000e+00  0.000000e+00  0.000000e+00  0.000000e+00  0.000000e+00  0.000000e+00  0.000000e+00 
 8.198198e+01  0.000000e+00  0.000000e+00  0.000000e+00  0.000000e+00  0.000000e+00  0.000000e+00  0.000000e+00  0.000000e+00  0.000000e+00  0.000000e+00  0.000000e+00  0.000000e+00  0.000000e+00  0.000000e+00  0.000000e+00  0.000000e+00  0.000000e+00  0.000000e+00  0.000000e+00 
 8.228228e+01  0.000000e+00  0.000000e+00  0.000000e+00  0.000000e+00  0.000000e+00  0.000000e+00  0.000000e+00  0.000000e+00  0.000000e+00  0.000000e+00  0.000000e+00  0.000000e+00  0.000000e+00  0.000000e+00  0.000000e+00  0.000000e+00  0.000000e+00  0.000000e+00  0.000000e+00 
 8.258258e+01  0.000000e+00  0.000000e+00  0.000000e+00  0.000000e+00  0.000000e+00  0.000000e+00  0.000000e+00  0.000000e+00  0.000000e+00  0.000000e+00  0.000000e+00  0.000000e+00  0.000000e+00  0.000000e+00  0.000000e+00  0.000000e+00  0.000000e+00  0.000000e+00  0.000000e+00 
 8.288288e+01  0.000000e+00  0.000000e+00  0.000000e+00  0.000000e+00  0.000000e+00  0.000000e+00  0.000000e+00  0.000000e+00  0.000000e+00  0.000000e+00  0.000000e+00  0.000000e+00  0.000000e+00  0.000000e+00  0.000000e+00  0.000000e+00  0.000000e+00  0.000000e+00  0.000000e+00 
 8.318318e+01  0.000000e+00  0.000000e+00  0.000000e+00  0.000000e+00  0.000000e+00  0.000000e+00  0.000000e+00  0.000000e+00  0.000000e+00  0.000000e+00  0.000000e+00  0.000000e+00  0.000000e+00  0.000000e+00  0.000000e+00  0.000000e+00  0.000000e+00  0.000000e+00  0.000000e+00 
 8.348348e+01  0.000000e+00  0.000000e+00  0.000000e+00  0.000000e+00  0.000000e+00  0.000000e+00  0.000000e+00  0.000000e+00  0.000000e+00  0.000000e+00  0.000000e+00  0.000000e+00  0.000000e+00  0.000000e+00  0.000000e+00  0.000000e+00  0.000000e+00  0.000000e+00  0.000000e+00 
 8.378378e+01  0.000000e+00  0.000000e+00  0.000000e+00  0.000000e+00  0.000000e+00  0.000000e+00  0.000000e+00  0.000000e+00  0.000000e+00  0.000000e+00  0.000000e+00  0.000000e+00  0.000000e+00  0.000000e+00  0.000000e+00  0.000000e+00  0.000000e+00  0.000000e+00  0.000000e+00 
 8.408408e+01  0.000000e+00  0.000000e+00  0.000000e+00  0.000000e+00  0.000000e+00  0.000000e+00  0.000000e+00  0.000000e+00  0.000000e+00  0.000000e+00  0.000000e+00  0.000000e+00  0.000000e+00  0.000000e+00  0.000000e+00  0.000000e+00  0.000000e+00  0.000000e+00  0.000000e+00 
 8.438438e+01  0.000000e+00  0.000000e+00  0.000000e+00  0.000000e+00  0.000000e+00  0.000000e+00  0.000000e+00  0.000000e+00  0.000000e+00  0.000000e+00  0.000000e+00  0.000000e+00  0.000000e+00  0.000000e+00  0.000000e+00  0.000000e+00  0.000000e+00  0.000000e+00  0.000000e+00 
 8.468468e+01  0.000000e+00  0.000000e+00  0.000000e+00  0.000000e+00  0.000000e+00  0.000000e+00  0.000000e+00  0.000000e+00  0.000000e+00  0.000000e+00  0.000000e+00  0.000000e+00  0.000000e+00  0.000000e+00  0.000000e+00  0.000000e+00  0.000000e+00  0.000000e+00  0.000000e+00 
 8.498498e+01  0.000000e+00  0.000000e+00  0.000000e+00  0.000000e+00  0.000000e+00  0.000000e+00  0.000000e+00  0.000000e+00  0.000000e+00  0.000000e+00  0.000000e+00  0.000000e+00  0.000000e+00  0.000000e+00  0.000000e+00  0.000000e+00  0.000000e+00  0.000000e+00  0.000000e+00 
 8.528529e+01  0.000000e+00  0.000000e+00  0.000000e+00  0.000000e+00  0.000000e+00  0.000000e+00  0.000000e+00  0.000000e+00  0.000000e+00  0.000000e+00  0.000000e+00  0.000000e+00  0.000000e+00  0.000000e+00  0.000000e+00  0.000000e+00  0.000000e+00  0.000000e+00  0.000000e+00 
 8.558559e+01  0.000000e+00  0.000000e+00  0.000000e+00  0.000000e+00  0.000000e+00  0.000000e+00  0.000000e+00  0.000000e+00  0.000000e+00  0.000000e+00  0.000000e+00  0.000000e+00  0.000000e+00  0.000000e+00  0.000000e+00  0.000000e+00  0.000000e+00  0.000000e+00  0.000000e+00 
 8.588589e+01  0.000000e+00  0.000000e+00  0.000000e+00  0.000000e+00  0.000000e+00  0.000000e+00  0.000000e+00  0.000000e+00  0.000000e+00  0.000000e+00  0.000000e+00  0.000000e+00  0.000000e+00  0.000000e+00  0.000000e+00  0.000000e+00  0.000000e+00  0.000000e+00  0.000000e+00 
 8.618619e+01  0.000000e+00  0.000000e+00  0.000000e+00  0.000000e+00  0.000000e+00  0.000000e+00  0.000000e+00  0.000000e+00  0.000000e+00  0.000000e+00  0.000000e+00  0.000000e+00  0.000000e+00  0.000000e+00  0.000000e+00  0.000000e+00  0.000000e+00  0.000000e+00  0.000000e+00 
 8.648649e+01  0.000000e+00  0.000000e+00  0.000000e+00  0.000000e+00  0.000000e+00  0.000000e+00  0.000000e+00  0.000000e+00  0.000000e+00  0.000000e+00  0.000000e+00  0.000000e+00  0.000000e+00  0.000000e+00  0.000000e+00  0.000000e+00  0.000000e+00  0.000000e+00  0.000000e+00 
 8.678679e+01  0.000000e+00  0.000000e+00  0.000000e+00  0.000000e+00  0.000000e+00  0.000000e+00  0.000000e+00  0.000000e+00  0.000000e+00  0.000000e+00  0.000000e+00  0.000000e+00  0.000000e+00  0.000000e+00  0.000000e+00  0.000000e+00  0.000000e+00  0.000000e+00  0.000000e+00 
 8.708709e+01  0.000000e+00  0.000000e+00  0.000000e+00  0.000000e+00  0.000000e+00  0.000000e+00  0.000000e+00  0.000000e+00  0.000000e+00  0.000000e+00  0.000000e+00  0.000000e+00  0.000000e+00  0.000000e+00  0.000000e+00  0.000000e+00  0.000000e+00  0.000000e+00  0.000000e+00 
 8.738739e+01  0.000000e+00  0.000000e+00  0.000000e+00  0.000000e+00  0.000000e+00  0.000000e+00  0.000000e+00  0.000000e+00  0.000000e+00  0.000000e+00  0.000000e+00  0.000000e+00  0.000000e+00  0.000000e+00  0.000000e+00  0.000000e+00  0.000000e+00  0.000000e+00  0.000000e+00 
 8.768769e+01  0.000000e+00  0.000000e+00  0.000000e+00  0.000000e+00  0.000000e+00  0.000000e+00  0.000000e+00  0.000000e+00  0.000000e+00  0.000000e+00  0.000000e+00  0.000000e+00  0.000000e+00  0.000000e+00  0.000000e+00  0.000000e+00  0.000000e+00  0.000000e+00  0.000000e+00 
 8.798799e+01  0.000000e+00  0.000000e+00  0.000000e+00  0.000000e+00  0.000000e+00  0.000000e+00  0.000000e+00  0.000000e+00  0.000000e+00  0.000000e+00  0.000000e+00  0.000000e+00  0.000000e+00  0.000000e+00  0.000000e+00  0.000000e+00  0.000000e+00  0.000000e+00  0.000000e+00 
 8.828829e+01  0.000000e+00  0.000000e+00  0.000000e+00  0.000000e+00  0.000000e+00  0.000000e+00  0.000000e+00  0.000000e+00  0.000000e+00  0.000000e+00  0.000000e+00  0.000000e+00  0.000000e+00  0.000000e+00  0.000000e+00  0.000000e+00  0.000000e+00  0.000000e+00  0.000000e+00 
 8.858859e+01  0.000000e+00  0.000000e+00  0.000000e+00  0.000000e+00  0.000000e+00  0.000000e+00  0.000000e+00  0.000000e+00  0.000000e+00  0.000000e+00  0.000000e+00  0.000000e+00  0.000000e+00  0.000000e+00  0.000000e+00  0.000000e+00  0.000000e+00  0.000000e+00  0.000000e+00 
 8.888889e+01  0.000000e+00  0.000000e+00  0.000000e+00  0.000000e+00  0.000000e+00  0.000000e+00  0.000000e+00  0.000000e+00  0.000000e+00  0.000000e+00  0.000000e+00  0.000000e+00  0.000000e+00  0.000000e+00  0.000000e+00  0.000000e+00  0.000000e+00  0.000000e+00  0.000000e+00 
 8.918919e+01  0.000000e+00  0.000000e+00  0.000000e+00  0.000000e+00  0.000000e+00  0.000000e+00  0.000000e+00  0.000000e+00  0.000000e+00  0.000000e+00  0.000000e+00  0.000000e+00  0.000000e+00  0.000000e+00  0.000000e+00  0.000000e+00  0.000000e+00  0.000000e+00  0.000000e+00 
 8.948949e+01  0.000000e+00  0.000000e+00  0.000000e+00  0.000000e+00  0.000000e+00  0.000000e+00  0.000000e+00  0.000000e+00  0.000000e+00  0.000000e+00  0.000000e+00  0.000000e+00  0.000000e+00  0.000000e+00  0.000000e+00  0.000000e+00  0.000000e+00  0.000000e+00  0.000000e+00 
 8.978979e+01  0.000000e+00  0.000000e+00  0.000000e+00  0.000000e+00  0.000000e+00  0.000000e+00  0.000000e+00  0.000000e+00  0.000000e+00  0.000000e+00  0.000000e+00  0.000000e+00  0.000000e+00  0.000000e+00  0.000000e+00  0.000000e+00  0.000000e+00  0.000000e+00  0.000000e+00 
 9.009009e+01  0.000000e+00  0.000000e+00  0.000000e+00  0.000000e+00  0.000000e+00  0.000000e+00  0.000000e+00  0.000000e+00  0.000000e+00  0.000000e+00  0.000000e+00  0.000000e+00  0.000000e+00  0.000000e+00  0.000000e+00  0.000000e+00  0.000000e+00  0.000000e+00  0.000000e+00 
 9.039039e+01  0.000000e+00  0.000000e+00  0.000000e+00  0.000000e+00  0.000000e+00  0.000000e+00  0.000000e+00  0.000000e+00  0.000000e+00  0.000000e+00  0.000000e+00  0.000000e+00  0.000000e+00  0.000000e+00  0.000000e+00  0.000000e+00  0.000000e+00  0.000000e+00  0.000000e+00 
 9.069069e+01  0.000000e+00  0.000000e+00  0.000000e+00  0.000000e+00  0.000000e+00  0.000000e+00  0.000000e+00  0.000000e+00  0.000000e+00  0.000000e+00  0.000000e+00  0.000000e+00  0.000000e+00  0.000000e+00  0.000000e+00  0.000000e+00  0.000000e+00  0.000000e+00  0.000000e+00 
 9.099099e+01  0.000000e+00  0.000000e+00  0.000000e+00  0.000000e+00  0.000000e+00  0.000000e+00  0.000000e+00  0.000000e+00  0.000000e+00  0.000000e+00  0.000000e+00  0.000000e+00  0.000000e+00  0.000000e+00  0.000000e+00  0.000000e+00  0.000000e+00  0.000000e+00  0.000000e+00 
 9.129129e+01  0.000000e+00  0.000000e+00  0.000000e+00  0.000000e+00  0.000000e+00  0.000000e+00  0.000000e+00  0.000000e+00  0.000000e+00  0.000000e+00  0.000000e+00  0.000000e+00  0.000000e+00  0.000000e+00  0.000000e+00  0.000000e+00  0.000000e+00  0.000000e+00  0.000000e+00 
 9.159159e+01  0.000000e+00  0.000000e+00  0.000000e+00  0.000000e+00  0.000000e+00  0.000000e+00  0.000000e+00  0.000000e+00  0.000000e+00  0.000000e+00  0.000000e+00  0.000000e+00  0.000000e+00  0.000000e+00  0.000000e+00  0.000000e+00  0.000000e+00  0.000000e+00  0.000000e+00 
 9.189189e+01  0.000000e+00  0.000000e+00  0.000000e+00  0.000000e+00  0.000000e+00  0.000000e+00  0.000000e+00  0.000000e+00  0.000000e+00  0.000000e+00  0.000000e+00  0.000000e+00  0.000000e+00  0.000000e+00  0.000000e+00  0.000000e+00  0.000000e+00  0.000000e+00  0.000000e+00 
 9.219219e+01  0.000000e+00  0.000000e+00  0.000000e+00  0.000000e+00  0.000000e+00  0.000000e+00  0.000000e+00  0.000000e+00  0.000000e+00  0.000000e+00  0.000000e+00  0.000000e+00  0.000000e+00  0.000000e+00  0.000000e+00  0.000000e+00  0.000000e+00  0.000000e+00  0.000000e+00 
 9.249249e+01  0.000000e+00  0.000000e+00  0.000000e+00  0.000000e+00  0.000000e+00  0.000000e+00  0.000000e+00  0.000000e+00  0.000000e+00  0.000000e+00  0.000000e+00  0.000000e+00  0.000000e+00  0.000000e+00  0.000000e+00  0.000000e+00  0.000000e+00  0.000000e+00  0.000000e+00 
 9.279279e+01  0.000000e+00  0.000000e+00  0.000000e+00  0.000000e+00  0.000000e+00  0.000000e+00  0.000000e+00  0.000000e+00  0.000000e+00  0.000000e+00  0.000000e+00  0.000000e+00  0.000000e+00  0.000000e+00  0.000000e+00  0.000000e+00  0.000000e+00  0.000000e+00  0.000000e+00 
 9.309309e+01  0.000000e+00  0.000000e+00  0.000000e+00  0.000000e+00  0.000000e+00  0.000000e+00  0.000000e+00  0.000000e+00  0.000000e+00  0.000000e+00  0.000000e+00  0.000000e+00  0.000000e+00  0.000000e+00  0.000000e+00  0.000000e+00  0.000000e+00  0.000000e+00  0.000000e+00 
 9.339339e+01  0.000000e+00  0.000000e+00  0.000000e+00  0.000000e+00  0.000000e+00  0.000000e+00  0.000000e+00  0.000000e+00  0.000000e+00  0.000000e+00  0.000000e+00  0.000000e+00  0.000000e+00  0.000000e+00  0.000000e+00  0.000000e+00  0.000000e+00  0.000000e+00  0.000000e+00 
 9.369369e+01  0.000000e+00  0.000000e+00  0.000000e+00  0.000000e+00  0.000000e+00  0.000000e+00  0.000000e+00  0.000000e+00  0.000000e+00  0.000000e+00  0.000000e+00  0.000000e+00  0.000000e+00  0.000000e+00  0.000000e+00  0.000000e+00  0.000000e+00  0.000000e+00  0.000000e+00 
 9.399399e+01  0.000000e+00  0.000000e+00  0.000000e+00  0.000000e+00  0.000000e+00  0.000000e+00  0.000000e+00  0.000000e+00  0.000000e+00  0.000000e+00  0.000000e+00  0.000000e+00  0.000000e+00  0.000000e+00  0.000000e+00  0.000000e+00  0.000000e+00  0.000000e+00  0.000000e+00 
 9.429429e+01  0.000000e+00  0.000000e+00  0.000000e+00  0.000000e+00  0.000000e+00  0.000000e+00  0.000000e+00  0.000000e+00  0.000000e+00  0.000000e+00  0.000000e+00  0.000000e+00  0.000000e+00  0.000000e+00  0.000000e+00  0.000000e+00  0.000000e+00  0.000000e+00  0.000000e+00 
 9.459459e+01  0.000000e+00  0.000000e+00  0.000000e+00  0.000000e+00  0.000000e+00  0.000000e+00  0.000000e+00  0.000000e+00  0.000000e+00  0.000000e+00  0.000000e+00  0.000000e+00  0.000000e+00  0.000000e+00  0.000000e+00  0.000000e+00  0.000000e+00  0.000000e+00  0.000000e+00 
 9.489489e+01  0.000000e+00  0.000000e+00  0.000000e+00  0.000000e+00  0.000000e+00  0.000000e+00  0.000000e+00  0.000000e+00  0.000000e+00  0.000000e+00  0.000000e+00  0.000000e+00  0.000000e+00  0.000000e+00  0.000000e+00  0.000000e+00  0.000000e+00  0.000000e+00  0.000000e+00 
 9.519520e+01  0.000000e+00  0.000000e+00  0.000000e+00  0.000000e+00  0.000000e+00  0.000000e+00  0.000000e+00  0.000000e+00  0.000000e+00  0.000000e+00  0.000000e+00  0.000000e+00  0.000000e+00  0.000000e+00  0.000000e+00  0.000000e+00  0.000000e+00  0.000000e+00  0.000000e+00 
 9.549550e+01  0.000000e+00  0.000000e+00  0.000000e+00  0.000000e+00  0.000000e+00  0.000000e+00  0.000000e+00  0.000000e+00  0.000000e+00  0.000000e+00  0.000000e+00  0.000000e+00  0.000000e+00  0.000000e+00  0.000000e+00  0.000000e+00  0.000000e+00  0.000000e+00  0.000000e+00 
 9.579580e+01  0.000000e+00  0.000000e+00  0.000000e+00  0.000000e+00  0.000000e+00  0.000000e+00  0.000000e+00  0.000000e+00  0.000000e+00  0.000000e+00  0.000000e+00  0.000000e+00  0.000000e+00  0.000000e+00  0.000000e+00  0.000000e+00  0.000000e+00  0.000000e+00  0.000000e+00 
 9.609610e+01  0.000000e+00  0.000000e+00  0.000000e+00  0.000000e+00  0.000000e+00  0.000000e+00  0.000000e+00  0.000000e+00  0.000000e+00  0.000000e+00  0.000000e+00  0.000000e+00  0.000000e+00  0.000000e+00  0.000000e+00  0.000000e+00  0.000000e+00  0.000000e+00  0.000000e+00 
 9.639640e+01  0.000000e+00  0.000000e+00  0.000000e+00  0.000000e+00  0.000000e+00  0.000000e+00  0.000000e+00  0.000000e+00  0.000000e+00  0.000000e+00  0.000000e+00  0.000000e+00  0.000000e+00  0.000000e+00  0.000000e+00  0.000000e+00  0.000000e+00  0.000000e+00  0.000000e+00 
 9.669670e+01  0.000000e+00  0.000000e+00  0.000000e+00  0.000000e+00  0.000000e+00  0.000000e+00  0.000000e+00  0.000000e+00  0.000000e+00  0.000000e+00  0.000000e+00  0.000000e+00  0.000000e+00  0.000000e+00  0.000000e+00  0.000000e+00  0.000000e+00  0.000000e+00  0.000000e+00 
 9.699700e+01  0.000000e+00  0.000000e+00  0.000000e+00  0.000000e+00  0.000000e+00  0.000000e+00  0.000000e+00  0.000000e+00  0.000000e+00  0.000000e+00  0.000000e+00  0.000000e+00  0.000000e+00  0.000000e+00  0.000000e+00  0.000000e+00  0.000000e+00  0.000000e+00  0.000000e+00 
 9.729730e+01  0.000000e+00  0.000000e+00  0.000000e+00  0.000000e+00  0.000000e+00  0.000000e+00  0.000000e+00  0.000000e+00  0.000000e+00  0.000000e+00  0.000000e+00  0.000000e+00  0.000000e+00  0.000000e+00  0.000000e+00  0.000000e+00  0.000000e+00  0.000000e+00  0.000000e+00 
 9.759760e+01  0.000000e+00  0.000000e+00  0.000000e+00  0.000000e+00  0.000000e+00  0.000000e+00  0.000000e+00  0.000000e+00  0.000000e+00  0.000000e+00  0.000000e+00  0.000000e+00  0.000000e+00  0.000000e+00  0.000000e+00  0.000000e+00  0.000000e+00  0.000000e+00  0.000000e+00 
 9.789790e+01  0.000000e+00  0.000000e+00  0.000000e+00  0.000000e+00  0.000000e+00  0.000000e+00  0.000000e+00  0.000000e+00  0.000000e+00  0.000000e+00  0.000000e+00  0.000000e+00  0.000000e+00  0.000000e+00  0.000000e+00  0.000000e+00  0.000000e+00  0.000000e+00  0.000000e+00 
 9.819820e+01  0.000000e+00  0.000000e+00  0.000000e+00  0.000000e+00  0.000000e+00  0.000000e+00  0.000000e+00  0.000000e+00  0.000000e+00  0.000000e+00  0.000000e+00  0.000000e+00  0.000000e+00  0.000000e+00  0.000000e+00  0.000000e+00  0.000000e+00  0.000000e+00  0.000000e+00 
 9.849850e+01  0.000000e+00  0.000000e+00  0.000000e+00  0.000000e+00  0.000000e+00  0.000000e+00  0.000000e+00  0.000000e+00  0.000000e+00  0.000000e+00  0.000000e+00  0.000000e+00  0.000000e+00  0.000000e+00  0.000000e+00  0.000000e+00  0.000000e+00  0.000000e+00  0.000000e+00 
 9.879880e+01  0.000000e+00  0.000000e+00  0.000000e+00  0.000000e+00  0.000000e+00  0.000000e+00  0.000000e+00  0.000000e+00  0.000000e+00  0.000000e+00  0.000000e+00  0.000000e+00  0.000000e+00  0.000000e+00  0.000000e+00  0.000000e+00  0.000000e+00  0.000000e+00  0.000000e+00 
 9.909910e+01  0.000000e+00  0.000000e+00  0.000000e+00  0.000000e+00  0.000000e+00  0.000000e+00  0.000000e+00  0.000000e+00  0.000000e+00  0.000000e+00  0.000000e+00  0.000000e+00  0.000000e+00  0.000000e+00  0.000000e+00  0.000000e+00  0.000000e+00  0.000000e+00  0.000000e+00 
 9.939940e+01  0.000000e+00  0.000000e+00  0.000000e+00  0.000000e+00  0.000000e+00  0.000000e+00  0.000000e+00  0.000000e+00  0.000000e+00  0.000000e+00  0.000000e+00  0.000000e+00  0.000000e+00  0.000000e+00  0.000000e+00  0.000000e+00  0.000000e+00  0.000000e+00  0.000000e+00 
 9.969970e+01  0.000000e+00  0.000000e+00  0.000000e+00  0.000000e+00  0.000000e+00  0.000000e+00  0.000000e+00  0.000000e+00  0.000000e+00  0.000000e+00  0.000000e+00  0.000000e+00  0.000000e+00  0.000000e+00  0.000000e+00  0.000000e+00  0.000000e+00  0.000000e+00  0.000000e+00 
 1.000000e+02  3.696315e-06  1.120870e-11  2.268094e-16  2.479092e-21  8.359597e-27  1.196423e-32  7.800209e-39  3.786550e-45  1.160483e-51  3.739383e-58  1.213778e-64  2.802277e-71  3.883815e-78  3.196029e-85  1.542695e-92 4.793733e-100 8.233188e-108 2.704509e-116 4.124215e-125 
 1.003003e+02  1.481771e+08  3.018111e+08  5.161366e+08  9.488665e+08  1.572685e+09  2.650411e+09  2.933933e+09  4.659264e+09  6.317848e+09  8.503743e+09  1.163460e+10  1.661729e+10  2.394769e+10  3.658676e+10  5.596749e+10  1.151736e+11  9.145929e+11  1.307344e+13  2.739072e+14 
 1.006006e+02  1.566954e+08  3.191612e+08  5.458075e+08  1.003413e+09  1.663092e+09  2.802771e+09  3.102587e+09  4.927093e+09  6.681010e+09  8.992551e+09  1.230337e+10  1.757247e+10  2.532422e+10  3.868979e+10  5.918483e+10  1.224227e+11  1.170208e+12  2.485581e+13  5.499108e+14 
 1.009009e+02  1.652286e+08  3.365417e+08  5.755301e+08  1.058055e+09  1.753656e+09  2.955397e+09  3.271535e+09  5.195389e+09  7.044805e+09  9.482211e+09  1.297330e+10  1.852931e+10  2.670315e+10  4.079648e+10  6.240775e+10  1.296827e+11  1.425727e+12  3.663036e+13  8.257492e+14 
 1.012012e+02  1.737763e+08  3.539517e+08  6.053033e+08  1.112789e+09  1.844375e+09  3.108282e+09  3.440770e+09  5.464141e+09  7.409218e+09  9.972703e+09  1.364438e+10  1.948777e+10  2.808441e+10  4.290675e+10  6.563615e+10  1.369534e+11  1.681150e+12  4.839716e+13  1.101423e+15 
 1.015015e+02  1.823383e+08  3.713907e+08  6.351260e+08  1.167615e+09  1.935244e+09  3.261421e+09  3.610286e+09  5.733339e+09  7.774234e+09  1.046401e+10  1.431656e+10  2.044782e+10  2.946797e+10  4.502051e+10  6.886988e+10  1.442344e+11  1.936480e+12  6.015628e+13  1.376931e+15 
 1.018018e+02  1.909140e+08  3.888578e+08  6.649969e+08  1.222529e+09  2.026260e+09  3.414807e+09  3.780075e+09  6.002971e+09  8.139841e+09  1.095611e+10  1.498983e+10  2.140943e+10  3.085376e+10  4.713768e+10  7.210883e+10  1.515255e+11  2.191717e+12  7.190779e+13  1.652274e+15 
 1.021021e+02  1.995033e+08  4.063525e+08  6.949148e+08  1.277530e+09  2.117419e+09  3.568435e+09  3.950132e+09  6.273028e+09  8.506021e+09  1.144898e+10  1.566416e+10  2.237254e+10  3.224172e+10  4.925818e+10  7.535286e+10  1.588265e+11  2.446863e+12  8.365177e+13  1.927453e+15 
 1.024024e+02  2.081058e+08  4.238740e+08  7.248786e+08  1.332614e+09  2.208718e+09  3.722298e+09  4.120449e+09  6.543498e+09  8.872763e+09  1.194260e+10  1.633952e+10  2.333713e+10  3.363181e+10  5.138192e+10  7.860186e+10  1.661371e+11  2.701918e+12  9.538828e+13  2.202467e+15 
 1.027027e+02  2.167211e+08  4.414217e+08  7.548872e+08  1.387782e+09  2.300154e+09  3.876391e+09  4.291021e+09  6.814372e+09  9.240052e+09  1.243696e+10  1.701589e+10  2.430315e+10  3.502397e+10  5.350882e+10  8.185569e+10  1.734572e+11  2.956883e+12  1.071173e+14  2.477315e+15 
 1.030030e+02  2.253489e+08  4.589949e+08  7.849393e+08  1.443029e+09  2.391722e+09  4.030708e+09  4.461840e+09  7.085639e+09  9.607873e+09  1.293204e+10  1.769324e+10  2.527058e+10  3.641815e+10  5.563881e+10  8.511424e+10  1.807863e+11  3.211757e+12  1.188390e+14  2.751999e+15 
 1.033033e+02  2.339889e+08  4.765929e+08  8.150340e+08  1.498355e+09  2.483420e+09  4.185244e+09  4.632901e+09  7.357289e+09  9.976214e+09  1.342782e+10  1.837154e+10  2.623937e+10  3.781430e+10  5.777181e+10  8.837739e+10  1.881244e+11  3.466541e+12  1.305533e+14  3.026519e+15 
 1.036036e+02  2.426409e+08  4.942152e+08  8.451701e+08  1.553756e+09  2.575244e+09  4.339992e+09  4.804197e+09  7.629313e+09  1.034506e+10  1.392428e+10  1.905078e+10  2.720949e+10  3.921237e+10  5.990774e+10  9.164501e+10  1.954712e+11  3.721234e+12  1.422603e+14  3.300873e+15 
 1.039039e+02  2.513045e+08  5.118611e+08  8.753467e+08  1.609232e+09  2.667191e+09  4.494947e+09  4.975723e+09  7.901702e+09  1.071440e+10  1.442141e+10  1.973093e+10  2.818092e+10  4.061231e+10  6.204653e+10  9.491701e+10  2.028265e+11  3.975835e+12  1.539599e+14  3.575064e+15 
 1.042042e+02  2.599793e+08  5.295301e+08  9.055627e+08  1.664781e+09  2.759258e+09  4.650105e+09  5.147472e+09  8.174445e+09  1.108423e+10  1.491918e+10  2.041197e+10  2.915361e+10  4.201407e+10  6.418810e+10  9.819327e+10  2.101899e+11  4.230344e+12  1.656523e+14  3.849089e+15 
 1.045045e+02  2.686652e+08  5.472215e+08  9.358170e+08  1.720400e+09  2.851443e+09  4.805459e+09  5.319439e+09  8.447535e+09  1.145452e+10  1.541759e+10  2.109386e+10  3.012753e+10  4.341761e+10  6.633239e+10  1.014737e+11  2.175614e+11  4.484761e+12  1.773373e+14  4.122951e+15 
 1.048048e+02  2.773618e+08  5.649348e+08  9.661086e+08  1.776087e+09  2.943740e+09  4.961006e+09  5.491619e+09  8.720961e+09  1.182527e+10  1.591660e+10  2.177660e+10  3.110265e+10  4.482287e+10  6.847931e+10  1.047581e+11  2.249407e+11  4.739084e+12  1.890152e+14  4.396648e+15 
 1.051051e+02  2.860689e+08  5.826692e+08  9.964365e+08  1.831841e+09  3.036149e+09  5.116738e+09  5.664004e+09  8.994715e+09  1.219646e+10  1.641622e+10  2.246015e+10  3.207893e+10  4.622982e+10  7.062880e+10  1.080465e+11  2.323275e+11  4.993314e+12  2.006857e+14  4.670181e+15 
 1.054054e+02  2.947860e+08  6.004243e+08  1.026800e+09  1.887660e+09  3.128664e+09  5.272651e+09  5.836589e+09  9.268786e+09  1.256808e+10  1.691641e+10  2.314450e+10  3.305635e+10  4.763840e+10  7.278079e+10  1.113386e+11  2.397217e+11  5.247450e+12  2.123491e+14  4.943549e+15 
 1.057057e+02  3.035130e+08  6.181994e+08  1.057197e+09  1.943542e+09  3.221284e+09  5.428740e+09  6.009369e+09  9.543165e+09  1.294012e+10  1.741717e+10  2.382961e+10  3.403487e+10  4.904856e+10  7.493519e+10  1.146345e+11  2.471229e+11  5.501490e+12  2.240053e+14  5.216754e+15 
 1.060060e+02  3.122495e+08  6.359938e+08  1.087628e+09  1.999485e+09  3.314005e+09  5.584999e+09  6.182337e+09  9.817844e+09  1.331257e+10  1.791847e+10  2.451548e+10  3.501445e+10  5.046025e+10  7.709193e+10  1.179340e+11  2.545310e+11  5.755436e+12  2.356543e+14  5.489795e+15 
 1.063063e+02  3.209952e+08  6.538071e+08  1.118090e+09  2.055487e+09  3.406823e+09  5.741423e+09  6.355487e+09  1.009281e+10  1.368540e+10  1.842030e+10  2.520206e+10  3.599506e+10  5.187344e+10  7.925095e+10  1.212369e+11  2.619458e+11  6.009286e+12  2.472962e+14  5.762672e+15 
 1.066066e+02  3.297498e+08  6.716385e+08  1.148584e+09  2.111546e+09  3.499737e+09  5.898007e+09  6.528814e+09  1.036806e+10  1.405862e+10  1.892264e+10  2.588934e+10  3.697668e+10  5.328806e+10  8.141217e+10  1.245432e+11  2.693670e+11  6.263039e+12  2.589309e+14  6.035385e+15 
 1.069069e+02  3.385130e+08  6.894873e+08  1.179107e+09  2.167660e+09  3.592741e+09  6.054743e+09  6.702310e+09  1.064358e+10  1.443221e+10  1.942548e+10  2.657730e+10  3.795925e+10  5.470407e+10  8.357550e+10  1.278527e+11  2.767945e+11  6.516711e+12  2.705589e+14  6.307934e+15 
 1.072072e+02  3.472847e+08  7.073535e+08  1.209661e+09  2.223828e+09  3.685835e+09  6.211632e+09  6.875976e+09  1.091936e+10  1.480615e+10  1.992880e+10  2.726593e+10  3.894278e+10  5.612145e+10  8.574094e+10  1.311655e+11  2.842281e+11  6.770278e+12  2.821796e+14  6.580319e+15 
 1.075075e+02  3.560648e+08  7.252368e+08  1.240243e+09  2.280050e+09  3.779018e+09  6.368670e+09  7.049806e+09  1.119541e+10  1.518045e+10  2.043260e+10  2.795520e+10  3.992724e+10  5.754017e+10  8.790842e+10  1.344813e+11  2.916676e+11  7.023734e+12  2.937929e+14  6.852542e+15 
 1.078078e+02  3.648528e+08  7.431361e+08  1.270853e+09  2.336322e+09  3.872286e+09  6.525850e+09  7.223792e+09  1.147171e+10  1.555509e+10  2.093685e+10  2.864510e+10  4.091258e+10  5.896017e+10  9.007785e+10  1.378002e+11  2.991127e+11  7.277089e+12  3.053991e+14  7.124601e+15 
 1.081081e+02  3.736484e+08  7.610509e+08  1.301489e+09  2.392643e+09  3.965633e+09  6.683165e+09  7.397928e+09  1.174824e+10  1.593005e+10  2.144153e+10  2.933559e+10  4.189878e+10  6.038139e+10  9.224915e+10  1.411219e+11  3.065632e+11  7.530352e+12  3.169984e+14  7.396496e+15 
 1.084084e+02  3.824514e+08  7.789808e+08  1.332151e+09  2.449012e+09  4.059060e+09  6.840613e+09  7.572212e+09  1.202501e+10  1.630533e+10  2.194665e+10  3.002667e+10  4.288580e+10  6.180381e+10  9.442228e+10  1.444464e+11  3.140191e+11  7.783510e+12  3.285906e+14  7.668229e+15 
 1.087087e+02  3.912616e+08  7.969254e+08  1.362838e+09  2.505426e+09  4.152562e+09  6.998190e+09  7.746637e+09  1.230200e+10  1.668091e+10  2.245217e+10  3.071830e+10  4.387363e+10  6.322739e+10  9.659717e+10  1.477736e+11  3.214800e+11  8.036565e+12  3.401757e+14  7.939798e+15 
 1.090090e+02  4.000787e+08  8.148840e+08  1.393550e+09  2.561885e+09  4.246138e+09  7.155889e+09  7.921199e+09  1.257921e+10  1.705678e+10  2.295809e+10  3.141048e+10  4.486223e+10  6.465208e+10  9.877377e+10  1.511034e+11  3.289457e+11  8.289516e+12  3.517537e+14  8.211204e+15 
 1.093093e+02  4.089025e+08  8.328562e+08  1.424284e+09  2.618387e+09  4.339784e+09  7.313708e+09  8.095893e+09  1.285663e+10  1.743294e+10  2.346439e+10  3.210318e+10  4.585158e+10  6.607785e+10  1.009520e+11  1.544357e+11  3.364162e+11  8.542363e+12  3.633246e+14  8.482448e+15 
 1.096096e+02  4.177327e+08  8.508415e+08  1.455041e+09  2.674929e+09  4.433499e+09  7.471642e+09  8.270714e+09  1.313425e+10  1.780938e+10  2.397106e+10  3.279638e+10  4.684164e+10  6.750465e+10  1.031318e+11  1.577704e+11  3.438912e+11  8.795106e+12  3.748885e+14  8.753528e+15 
 1.099099e+02  4.274997e+08  8.707347e+08  1.489060e+09  2.737467e+09  4.537144e+09  7.646294e+09  8.464020e+09  1.344117e+10  1.822545e+10  2.453090e+10  3.356202e+10  4.793450e+10  6.907821e+10  1.055327e+11  1.614358e+11  3.520015e+11  9.048542e+12  3.863436e+14  9.022023e+15 
 1.102102e+02  2.840114e+08  5.784765e+08  9.892637e+08  1.818649e+09  3.014277e+09  5.079870e+09  5.623140e+09  8.929781e+09  1.210832e+10  1.629755e+10  2.229776e+10  3.184694e+10  4.589547e+10  7.011804e+10  1.072704e+11  2.413888e+11  8.427984e+12  3.880061e+14  9.094878e+15 
 1.105105e+02  2.841108e+08  5.786786e+08  9.896088e+08  1.819283e+09  3.015326e+09  5.081635e+09  5.625085e+09  8.932863e+09  1.211248e+10  1.630315e+10  2.230541e+10  3.185785e+10  4.591116e+10  7.014197e+10  1.073069e+11  2.414461e+11  8.423405e+12  3.877563e+14  9.089433e+15 
 1.108108e+02  2.842074e+08  5.788749e+08  9.899439e+08  1.819898e+09  3.016344e+09  5.083349e+09  5.626973e+09  8.935854e+09  1.211652e+10  1.630858e+10  2.231282e+10  3.186841e+10  4.592637e+10  7.016517e+10  1.073422e+11  2.415009e+11  8.418772e+12  3.875055e+14  9.083993e+15 
 1.111111e+02  2.843011e+08  5.790653e+08  9.902691e+08  1.820495e+09  3.017332e+09  5.085012e+09  5.628804e+09  8.938754e+09  1.212044e+10  1.631384e+10  2.232001e+10  3.187866e+10  4.594111e+10  7.018765e+10  1.073763e+11  2.415533e+11  8.414100e+12  3.872542e+14  9.078556e+15 
 1.114114e+02  2.843919e+08  5.792501e+08  9.905845e+08  1.821073e+09  3.018290e+09  5.086624e+09  5.630578e+09  8.941563e+09  1.212423e+10  1.631893e+10  2.232697e+10  3.188858e+10  4.595538e+10  7.020941e+10  1.074094e+11  2.416034e+11  8.409394e+12  3.870024e+14  9.073124e+15 
 1.117117e+02  2.844800e+08  5.794290e+08  9.908900e+08  1.821634e+09  3.019218e+09  5.088186e+09  5.632297e+09  8.944283e+09  1.212790e+10  1.632386e+10  2.233370e+10  3.189817e+10  4.596918e+10  7.023046e+10  1.074414e+11  2.416511e+11  8.404654e+12  3.867501e+14  9.067695e+15 
 1.120120e+02  2.845653e+08  5.796024e+08  9.911859e+08  1.822177e+09  3.020116e+09  5.089698e+09  5.633959e+09  8.946915e+09  1.213144e+10  1.632863e+10  2.234021e+10  3.190745e+10  4.598253e+10  7.025081e+10  1.074723e+11  2.416965e+11  8.399883e+12  3.864975e+14  9.062270e+15 
 1.123123e+02  2.846479e+08  5.797701e+08  9.914721e+08  1.822702e+09  3.020985e+09  5.091160e+09  5.635567e+09  8.949459e+09  1.213487e+10  1.633324e+10  2.234650e+10  3.191641e+10  4.599542e+10  7.027046e+10  1.075022e+11  2.417396e+11  8.395083e+12  3.862445e+14  9.056849e+15 
 1.126126e+02  2.847277e+08  5.799322e+08  9.917488e+08  1.823209e+09  3.021825e+09  5.092573e+09  5.637120e+09  8.951916e+09  1.213819e+10  1.633768e+10  2.235257e+10  3.192506e+10  4.600786e+10  7.028942e+10  1.075310e+11  2.417804e+11  8.390254e+12  3.859912e+14  9.051432e+15 
 1.129129e+02  2.848048e+08  5.800889e+08  9.920161e+08  1.823699e+09  3.022635e+09  5.093937e+09  5.638618e+09  8.954287e+09  1.214138e+10  1.634197e+10  2.235843e+10  3.193341e+10  4.601985e+10  7.030770e+10  1.075587e+11  2.418191e+11  8.385399e+12  3.857376e+14  9.046019e+15 
 1.132132e+02  2.848793e+08  5.802400e+08  9.922739e+08  1.824172e+09  3.023418e+09  5.095253e+09  5.640063e+09  8.956573e+09  1.214446e+10  1.634611e+10  2.236407e+10  3.194144e+10  4.603140e+10  7.032531e+10  1.075854e+11  2.418556e+11  8.380519e+12  3.854837e+14  9.040609e+15 
 1.135135e+02  2.849510e+08  5.803857e+08  9.925225e+08  1.824628e+09  3.024171e+09  5.096521e+09  5.641455e+09  8.958774e+09  1.214742e+10  1.635009e+10  2.236950e+10  3.194917e+10  4.604252e+10  7.034224e+10  1.076111e+11  2.418899e+11  8.375617e+12  3.852297e+14  9.035203e+15 
 1.138138e+02  2.850201e+08  5.805260e+08  9.927618e+08  1.825067e+09  3.024897e+09  5.097742e+09  5.642795e+09  8.960891e+09  1.215027e+10  1.635391e+10  2.237472e+10  3.195661e+10  4.605320e+10  7.035852e+10  1.076357e+11  2.419220e+11  8.370692e+12  3.849755e+14  9.029800e+15 
 1.141141e+02  2.850866e+08  5.806610e+08  9.929921e+08  1.825489e+09  3.025595e+09  5.098915e+09  5.644082e+09  8.962926e+09  1.215301e+10  1.635759e+10  2.237973e+10  3.196374e+10  4.606346e+10  7.037414e+10  1.076594e+11  2.419521e+11  8.365749e+12  3.847211e+14  9.024401e+15 
 1.144144e+02  2.851506e+08  5.807907e+08  9.932132e+08  1.825894e+09  3.026265e+09  5.100042e+09  5.645318e+09  8.964878e+09  1.215563e+10  1.636111e+10  2.238454e+10  3.197058e+10  4.607329e+10  7.038911e+10  1.076821e+11  2.419801e+11  8.360787e+12  3.844667e+14  9.019006e+15 
 1.147147e+02  2.852119e+08  5.809152e+08  9.934255e+08  1.826283e+09  3.026908e+09  5.101123e+09  5.646502e+09  8.966750e+09  1.215815e+10  1.636448e+10  2.238914e+10  3.197713e+10  4.608270e+10  7.040344e+10  1.077037e+11  2.420061e+11  8.355809e+12  3.842122e+14  9.013613e+15 
 1.150150e+02  2.852707e+08  5.810345e+08  9.936288e+08  1.826655e+09  3.027524e+09  5.102159e+09  5.647636e+09  8.968540e+09  1.216055e+10  1.636771e+10  2.239354e+10  3.198340e+10  4.609169e+10  7.041714e+10  1.077245e+11  2.420301e+11  8.350816e+12  3.839577e+14  9.008225e+15 
 1.153153e+02  2.853270e+08  5.811486e+08  9.938233e+08  1.827012e+09  3.028113e+09  5.103149e+09  5.648720e+09  8.970251e+09  1.216285e+10  1.637080e+10  2.239775e+10  3.198937e+10  4.610028e+10  7.043021e+10  1.077442e+11  2.420521e+11  8.345810e+12  3.837033e+14  9.002839e+15 
 1.156156e+02  2.853800e+08  5.812561e+08  9.940064e+08  1.827347e+09  3.028667e+09  5.104080e+09  5.649738e+09  8.971859e+09  1.216501e+10  1.637369e+10  2.240169e+10  3.199498e+10  4.610833e+10  7.044246e+10  1.077627e+11  2.420714e+11  8.340782e+12  3.834487e+14  8.997461e+15 
 1.159159e+02  2.854300e+08  5.813575e+08  9.941793e+08  1.827663e+09  3.029190e+09  5.104959e+09  5.650698e+09  8.973373e+09  1.216704e+10  1.637641e+10  2.240540e+10  3.200026e+10  4.611590e+10  7.045398e+10  1.077801e+11  2.420885e+11  8.335736e+12  3.831942e+14  8.992087e+15 
 1.162162e+02  2.854778e+08  5.814544e+08  9.943442e+08  1.827965e+09  3.029688e+09  5.105797e+09  5.651613e+09  8.974816e+09  1.216897e+10  1.637900e+10  2.240893e+10  3.200527e+10  4.612310e+10  7.046493e+10  1.077966e+11  2.421038e+11  8.330683e+12  3.829398e+14  8.986717e+15 
 1.165165e+02  2.855233e+08  5.815466e+08  9.945012e+08  1.828252e+09  3.030163e+09  5.106594e+09  5.652483e+09  8.976188e+09  1.217081e+10  1.638146e+10  2.241229e+10  3.201004e+10  4.612994e+10  7.047533e+10  1.078122e+11  2.421174e+11  8.325623e+12  3.826856e+14  8.981349e+15 
 1.168168e+02  2.855666e+08  5.816342e+08  9.946505e+08  1.828525e+09  3.030614e+09  5.107352e+09  5.653309e+09  8.977489e+09  1.217255e+10  1.638380e+10  2.241546e+10  3.201455e+10  4.613641e+10  7.048517e+10  1.078270e+11  2.421292e+11  8.320556e+12  3.824314e+14  8.975984e+15 
 1.171171e+02  2.856077e+08  5.817173e+08  9.947919e+08  1.828784e+09  3.031041e+09  5.108069e+09  5.654091e+09  8.978720e+09  1.217420e+10  1.638600e+10  2.241847e+10  3.201882e+10  4.614253e+10  7.049447e+10  1.078410e+11  2.421393e+11  8.315481e+12  3.821774e+14  8.970622e+15 
 1.174174e+02  2.856465e+08  5.817960e+08  9.949257e+08  1.829029e+09  3.031445e+09  5.108747e+09  5.654829e+09  8.979882e+09  1.217575e+10  1.638808e+10  2.242130e+10  3.202283e+10  4.614829e+10  7.050322e+10  1.078541e+11  2.421478e+11  8.310400e+12  3.819235e+14  8.965262e+15 
 1.177177e+02  2.856832e+08  5.818701e+08  9.950519e+08  1.829259e+09  3.031826e+09  5.109386e+09  5.655523e+09  8.980975e+09  1.217721e+10  1.639004e+10  2.242395e+10  3.202661e+10  4.615369e+10  7.051143e+10  1.078664e+11  2.421546e+11  8.305312e+12  3.816698e+14  8.959906e+15 
 1.180180e+02  2.857177e+08  5.819399e+08  9.951705e+08  1.829476e+09  3.032183e+09  5.109987e+09  5.656175e+09  8.982000e+09  1.217857e+10  1.639186e+10  2.242644e+10  3.203013e+10  4.615875e+10  7.051910e+10  1.078779e+11  2.421597e+11  8.300217e+12  3.814162e+14  8.954552e+15 
 1.183183e+02  2.857500e+08  5.820053e+08  9.952817e+08  1.829679e+09  3.032518e+09  5.110548e+09  5.656784e+09  8.982957e+09  1.217985e+10  1.639357e+10  2.242876e+10  3.203342e+10  4.616345e+10  7.052624e+10  1.078886e+11  2.421631e+11  8.295116e+12  3.811627e+14  8.949201e+15 
 1.186186e+02  2.857802e+08  5.820663e+08  9.953854e+08  1.829868e+09  3.032830e+09  5.111072e+09  5.657351e+09  8.983847e+09  1.218103e+10  1.639515e+10  2.243091e+10  3.203647e+10  4.616782e+10  7.053286e+10  1.078985e+11  2.421650e+11  8.290008e+12  3.809093e+14  8.943853e+15 
 1.189189e+02  2.858083e+08  5.821230e+08  9.954817e+08  1.830044e+09  3.033120e+09  5.111558e+09  5.657876e+09  8.984671e+09  1.218213e+10  1.639662e+10  2.243290e+10  3.203928e+10  4.617184e+10  7.053895e+10  1.079076e+11  2.421652e+11  8.284894e+12  3.806561e+14  8.938508e+15 
 1.192192e+02  2.858343e+08  5.821755e+08  9.955708e+08  1.830207e+09  3.033387e+09  5.112006e+09  5.658360e+09  8.985429e+09  1.218313e+10  1.639796e+10  2.243472e+10  3.204186e+10  4.617552e+10  7.054453e+10  1.079158e+11  2.421638e+11  8.279774e+12  3.804030e+14  8.933166e+15 
 1.195195e+02  2.858582e+08  5.822237e+08  9.956526e+08  1.830356e+09  3.033633e+09  5.112417e+09  5.658802e+09  8.986121e+09  1.218405e+10  1.639918e+10  2.243638e+10  3.204420e+10  4.617887e+10  7.054959e+10  1.079233e+11  2.421608e+11  8.274647e+12  3.801501e+14  8.927826e+15 
 1.198198e+02  2.858801e+08  5.822677e+08  9.957272e+08  1.830491e+09  3.033856e+09  5.112791e+09  5.659204e+09  8.986749e+09  1.218488e+10  1.640028e+10  2.243787e+10  3.204631e+10  4.618188e+10  7.055415e+10  1.079301e+11  2.421562e+11  8.269515e+12  3.798973e+14  8.922490e+15 
 1.201201e+02  2.858999e+08  5.823076e+08  9.957947e+08  1.830614e+09  3.034058e+09  5.113129e+09  5.659566e+09  8.987313e+09  1.218562e+10  1.640127e+10  2.243921e+10  3.204820e+10  4.618456e+10  7.055820e+10  1.079360e+11  2.421501e+11  8.264377e+12  3.796447e+14  8.917156e+15 
 1.204204e+02  2.859177e+08  5.823434e+08  9.958552e+08  1.830724e+09  3.034239e+09  5.113431e+09  5.659887e+09  8.987813e+09  1.218627e+10  1.640214e+10  2.244039e+10  3.204985e+10  4.618692e+10  7.056175e+10  1.079412e+11  2.421424e+11  8.259232e+12  3.793921e+14  8.911826e+15 
 1.207207e+02  2.859335e+08  5.823751e+08  9.959087e+08  1.830821e+09  3.034398e+09  5.113697e+09  5.660169e+09  8.988250e+09  1.218684e+10  1.640290e+10  2.244141e+10  3.205128e+10  4.618896e+10  7.056481e+10  1.079456e+11  2.421332e+11  8.254083e+12  3.791398e+14  8.906499e+15 
 1.210210e+02  2.859473e+08  5.824027e+08  9.959553e+08  1.830905e+09  3.034536e+09  5.113927e+09  5.660411e+09  8.988625e+09  1.218733e+10  1.640354e+10  2.244227e+10  3.205249e+10  4.619067e+10  7.056738e+10  1.079493e+11  2.421225e+11  8.248927e+12  3.788875e+14  8.901174e+15 
 1.213213e+02  2.859592e+08  5.824263e+08  9.959951e+08  1.830977e+09  3.034654e+09  5.114122e+09  5.660614e+09  8.988938e+09  1.218773e+10  1.640407e+10  2.244298e+10  3.205348e+10  4.619206e+10  7.056947e+10  1.079522e+11  2.421103e+11  8.243766e+12  3.786354e+14  8.895853e+15 
 1.216216e+02  2.859691e+08  5.824460e+08  9.960280e+08  1.831036e+09  3.034750e+09  5.114282e+09  5.660779e+09  8.989189e+09  1.218805e+10  1.640449e+10  2.244354e+10  3.205425e+10  4.619315e+10  7.057107e+10  1.079544e+11  2.420966e+11  8.238600e+12  3.783835e+14  8.890534e+15 
 1.219219e+02  2.859770e+08  5.824617e+08  9.960543e+08  1.831083e+09  3.034826e+09  5.114408e+09  5.660906e+09  8.989380e+09  1.218828e+10  1.640480e+10  2.244394e+10  3.205481e+10  4.619391e+10  7.057219e+10  1.079559e+11  2.420814e+11  8.233429e+12  3.781317e+14  8.885219e+15 
 1.222222e+02  2.859831e+08  5.824736e+08  9.960738e+08  1.831118e+09  3.034882e+09  5.114500e+09  5.660995e+09  8.989511e+09  1.218844e+10  1.640499e+10  2.244420e+10  3.205515e+10  4.619437e+10  7.057285e+10  1.079567e+11  2.420647e+11  8.228252e+12  3.778801e+14  8.879907e+15 
 1.225225e+02  2.859872e+08  5.824815e+08  9.960868e+08  1.831140e+09  3.034918e+09  5.114557e+09  5.661046e+09  8.989582e+09  1.218851e+10  1.640508e+10  2.244431e+10  3.205528e+10  4.619453e+10  7.057304e+10  1.079567e+11  2.420466e+11  8.223071e+12  3.776286e+14  8.874598e+15 
 1.228228e+02  2.859895e+08  5.824857e+08  9.960933e+08  1.831151e+09  3.034934e+09  5.114582e+09  5.661060e+09  8.989595e+09  1.218851e+10  1.640506e+10  2.244427e+10  3.205520e+10  4.619438e+10  7.057276e+10  1.079560e+11  2.420271e+11  8.217884e+12  3.773773e+14  8.869292e+15 
 1.231231e+02  2.859900e+08  5.824861e+08  9.960932e+08  1.831150e+09  3.034930e+09  5.114573e+09  5.661037e+09  8.989549e+09  1.218842e+10  1.640494e+10  2.244408e+10  3.205490e+10  4.619393e+10  7.057203e+10  1.079547e+11  2.420061e+11  8.212693e+12  3.771261e+14  8.863990e+15 
 1.234234e+02  2.859885e+08  5.824827e+08  9.960868e+08  1.831136e+09  3.034906e+09  5.114531e+09  5.660979e+09  8.989445e+09  1.218826e+10  1.640471e+10  2.244375e+10  3.205441e+10  4.619319e+10  7.057084e+10  1.079526e+11  2.419837e+11  8.207497e+12  3.768751e+14  8.858690e+15 
 1.237237e+02  2.859853e+08  5.824756e+08  9.960741e+08  1.831112e+09  3.034864e+09  5.114456e+09  5.660884e+09  8.989284e+09  1.218802e+10  1.640437e+10  2.244328e+10  3.205371e+10  4.619215e+10  7.056921e+10  1.079499e+11  2.419600e+11  8.202297e+12  3.766242e+14  8.853394e+15 
 1.240240e+02  2.859803e+08  5.824649e+08  9.960550e+08  1.831075e+09  3.034802e+09  5.114350e+09  5.660753e+09  8.989067e+09  1.218770e+10  1.640394e+10  2.244266e+10  3.205281e+10  4.619082e+10  7.056713e+10  1.079464e+11  2.419349e+11  8.197092e+12  3.763735e+14  8.848101e+15 
 1.243243e+02  2.859735e+08  5.824505e+08  9.960298e+08  1.831028e+09  3.034721e+09  5.114211e+09  5.660587e+09  8.988793e+09  1.218730e+10  1.640340e+10  2.244191e+10  3.205171e+10  4.618920e+10  7.056461e+10  1.079423e+11  2.419084e+11  8.191882e+12  3.761229e+14  8.842811e+15 
 1.246246e+02  2.859649e+08  5.824325e+08  9.959984e+08  1.830968e+09  3.034621e+09  5.114041e+09  5.660386e+09  8.988464e+09  1.218683e+10  1.640275e+10  2.244102e+10  3.205041e+10  4.618730e+10  7.056165e+10  1.079376e+11  2.418806e+11  8.186669e+12  3.758725e+14  8.837525e+15 
 1.249249e+02  2.859546e+08  5.824110e+08  9.959609e+08  1.830898e+09  3.034503e+09  5.113840e+09  5.660151e+09  8.988081e+09  1.218629e+10  1.640201e+10  2.243999e+10  3.204891e+10  4.618511e+10  7.055827e+10  1.079321e+11  2.418514e+11  8.181451e+12  3.756223e+14  8.832241e+15 
 1.252252e+02  2.859425e+08  5.823859e+08  9.959174e+08  1.830817e+09  3.034367e+09  5.113608e+09  5.659881e+09  8.987643e+09  1.218567e+10  1.640117e+10  2.243882e+10  3.204722e+10  4.618265e+10  7.055445e+10  1.079260e+11  2.418209e+11  8.176230e+12  3.753722e+14  8.826961e+15 
 1.255255e+02  2.859287e+08  5.823574e+08  9.958679e+08  1.830725e+09  3.034213e+09  5.113345e+09  5.659578e+09  8.987151e+09  1.218498e+10  1.640023e+10  2.243752e+10  3.204534e+10  4.617991e+10  7.055022e+10  1.079193e+11  2.417891e+11  8.171004e+12  3.751223e+14  8.821685e+15 
 1.258258e+02  2.859133e+08  5.823254e+08  9.958126e+08  1.830622e+09  3.034040e+09  5.113052e+09  5.659241e+09  8.986606e+09  1.218422e+10  1.639920e+10  2.243609e+10  3.204327e+10  4.617690e+10  7.054557e+10  1.079120e+11  2.417561e+11  8.165775e+12  3.748726e+14  8.816412e+15 
 1.261261e+02  2.858962e+08  5.822900e+08  9.957514e+08  1.830508e+09  3.033850e+09  5.112729e+09  5.658871e+09  8.986008e+09  1.218339e+10  1.639806e+10  2.243453e+10  3.204102e+10  4.617362e+10  7.054051e+10  1.079040e+11  2.417217e+11  8.160542e+12  3.746230e+14  8.811142e+15 
 1.264264e+02  2.858774e+08  5.822513e+08  9.956845e+08  1.830384e+09  3.033642e+09  5.112376e+09  5.658468e+09  8.985359e+09  1.218249e+10  1.639684e+10  2.243283e+10  3.203857e+10  4.617007e+10  7.053504e+10  1.078954e+11  2.416861e+11  8.155306e+12  3.743736e+14  8.805875e+15 
 1.267267e+02  2.858569e+08  5.822092e+08  9.956119e+08  1.830249e+09  3.033417e+09  5.111995e+09  5.658033e+09  8.984658e+09  1.218151e+10  1.639552e+10  2.243101e+10  3.203595e+10  4.616625e+10  7.052916e+10  1.078861e+11  2.416493e+11  8.150066e+12  3.741244e+14  8.800612e+15 
 1.270270e+02  2.858349e+08  5.821638e+08  9.955336e+08  1.830103e+09  3.033175e+09  5.111584e+09  5.657566e+09  8.983906e+09  1.218047e+10  1.639410e+10  2.242907e+10  3.203314e+10  4.616218e+10  7.052289e+10  1.078763e+11  2.416112e+11  8.144823e+12  3.738753e+14  8.795352e+15 
 1.273273e+02  2.858113e+08  5.821152e+08  9.954497e+08  1.829948e+09  3.032915e+09  5.111145e+09  5.657067e+09  8.983104e+09  1.217936e+10  1.639260e+10  2.242699e+10  3.203016e+10  4.615784e+10  7.051622e+10  1.078658e+11  2.415719e+11  8.139576e+12  3.736265e+14  8.790096e+15 
 1.276276e+02  2.857860e+08  5.820633e+08  9.953604e+08  1.829782e+09  3.032639e+09  5.110677e+09  5.656537e+09  8.982253e+09  1.217818e+10  1.639100e+10  2.242480e+10  3.202699e+10  4.615326e+10  7.050917e+10  1.078548e+11  2.415314e+11  8.134327e+12  3.733777e+14  8.784843e+15 
 1.279279e+02  2.857593e+08  5.820082e+08  9.952656e+08  1.829607e+09  3.032347e+09  5.110181e+09  5.655976e+09  8.981352e+09  1.217694e+10  1.638932e+10  2.242248e+10  3.202366e+10  4.614842e+10  7.050172e+10  1.078432e+11  2.414897e+11  8.129074e+12  3.731292e+14  8.779594e+15 
 1.282282e+02  2.857309e+08  5.819500e+08  9.951654e+08  1.829421e+09  3.032038e+09  5.109658e+09  5.655385e+09  8.980403e+09  1.217563e+10  1.638755e+10  2.242004e+10  3.202015e+10  4.614333e+10  7.049390e+10  1.078310e+11  2.414468e+11  8.123819e+12  3.728808e+14  8.774348e+15 
 1.285285e+02  2.857011e+08  5.818887e+08  9.950599e+08  1.829226e+09  3.031712e+09  5.109108e+09  5.654763e+09  8.979406e+09  1.217425e+10  1.638568e+10  2.241747e+10  3.201646e+10  4.613799e+10  7.048570e+10  1.078182e+11  2.414028e+11  8.118561e+12  3.726326e+14  8.769106e+15 
 1.288288e+02  2.856697e+08  5.818244e+08  9.949492e+08  1.829021e+09  3.031371e+09  5.108531e+09  5.654112e+09  8.978361e+09  1.217281e+10  1.638374e+10  2.241480e+10  3.201261e+10  4.613242e+10  7.047713e+10  1.078048e+11  2.413577e+11  8.113300e+12  3.723846e+14  8.763867e+15 
 1.291291e+02  2.856368e+08  5.817570e+08  9.948332e+08  1.828807e+09  3.031014e+09  5.107927e+09  5.653431e+09  8.977270e+09  1.217131e+10  1.638170e+10  2.241200e+10  3.200860e+10  4.612660e+10  7.046820e+10  1.077909e+11  2.413114e+11  8.108036e+12  3.721368e+14  8.758632e+15 
 1.294294e+02  2.856025e+08  5.816865e+08  9.947122e+08  1.828583e+09  3.030641e+09  5.107296e+09  5.652721e+09  8.976133e+09  1.216975e+10  1.637959e+10  2.240909e+10  3.200442e+10  4.612054e+10  7.045890e+10  1.077764e+11  2.412639e+11  8.102771e+12  3.718891e+14  8.753400e+15 
 1.297297e+02  2.855667e+08  5.816132e+08  9.945860e+08  1.828350e+09  3.030253e+09  5.106640e+09  5.651982e+09  8.974950e+09  1.216812e+10  1.637739e+10  2.240607e+10  3.200007e+10  4.611425e+10  7.044924e+10  1.077614e+11  2.412154e+11  8.097503e+12  3.716417e+14  8.748172e+15 
 1.300300e+02  2.855295e+08  5.815369e+08  9.944549e+08  1.828108e+09  3.029850e+09  5.105958e+09  5.651215e+09  8.973722e+09  1.216643e+10  1.637510e+10  2.240293e+10  3.199557e+10  4.610773e+10  7.043923e+10  1.077459e+11  2.411658e+11  8.092232e+12  3.713944e+14  8.742948e+15 
 1.303303e+02  2.854909e+08  5.814577e+08  9.943189e+08  1.827856e+09  3.029432e+09  5.105251e+09  5.650419e+09  8.972450e+09  1.216468e+10  1.637274e+10  2.239968e+10  3.199091e+10  4.610098e+10  7.042887e+10  1.077298e+11  2.411152e+11  8.086960e+12  3.711473e+14  8.737727e+15 
 1.306306e+02  2.854509e+08  5.813757e+08  9.941780e+08  1.827596e+09  3.028998e+09  5.104519e+09  5.649597e+09  8.971133e+09  1.216287e+10  1.637030e+10  2.239633e+10  3.198609e+10  4.609401e+10  7.041817e+10  1.077132e+11  2.410634e+11  8.081685e+12  3.709004e+14  8.732510e+15 
 1.309309e+02  2.854095e+08  5.812909e+08  9.940323e+08  1.827327e+09  3.028551e+09  5.103762e+09  5.648747e+09  8.969774e+09  1.216101e+10  1.636778e+10  2.239286e+10  3.198111e+10  4.608681e+10  7.040713e+10  1.076960e+11  2.410106e+11  8.076409e+12  3.706537e+14  8.727296e+15 
 1.312312e+02  2.853667e+08  5.812032e+08  9.938818e+08  1.827049e+09  3.028088e+09  5.102981e+09  5.647870e+09  8.968372e+09  1.215908e+10  1.636517e+10  2.238929e+10  3.197599e+10  4.607939e+10  7.039575e+10  1.076784e+11  2.409568e+11  8.071131e+12  3.704071e+14  8.722087e+15 
 1.315315e+02  2.853226e+08  5.811129e+08  9.937267e+08  1.826763e+09  3.027612e+09  5.102176e+09  5.646966e+09  8.966927e+09  1.215710e+10  1.636250e+10  2.238561e+10  3.197071e+10  4.607176e+10  7.038405e+10  1.076602e+11  2.409020e+11  8.065851e+12  3.701608e+14  8.716881e+15 
 1.318318e+02  2.852771e+08  5.810199e+08  9.935669e+08  1.826468e+09  3.027121e+09  5.101348e+09  5.646037e+09  8.965442e+09  1.215506e+10  1.635974e+10  2.238183e+10  3.196529e+10  4.606391e+10  7.037201e+10  1.076416e+11  2.408462e+11  8.060570e+12  3.699146e+14  8.711678e+15 
 1.321321e+02  2.852304e+08  5.809242e+08  9.934026e+08  1.826165e+09  3.026617e+09  5.100495e+09  5.645081e+09  8.963915e+09  1.215297e+10  1.635692e+10  2.237795e+10  3.195972e+10  4.605586e+10  7.035966e+10  1.076224e+11  2.407894e+11  8.055287e+12  3.696687e+14  8.706480e+15 
 1.324324e+02  2.851824e+08  5.808259e+08  9.932338e+08  1.825853e+09  3.026099e+09  5.099620e+09  5.644100e+09  8.962348e+09  1.215082e+10  1.635401e+10  2.237397e+10  3.195401e+10  4.604760e+10  7.034699e+10  1.076028e+11  2.407316e+11  8.050003e+12  3.694229e+14  8.701285e+15 
 1.327327e+02  2.851331e+08  5.807249e+08  9.930606e+08  1.825533e+09  3.025567e+09  5.098723e+09  5.643094e+09  8.960741e+09  1.214862e+10  1.635104e+10  2.236988e+10  3.194815e+10  4.603913e+10  7.033400e+10  1.075827e+11  2.406729e+11  8.044718e+12  3.691773e+14  8.696094e+15 
 1.330330e+02  2.850825e+08  5.806215e+08  9.928831e+08  1.825206e+09  3.025023e+09  5.097803e+09  5.642063e+09  8.959094e+09  1.214636e+10  1.634799e+10  2.236570e+10  3.194216e+10  4.603046e+10  7.032071e+10  1.075621e+11  2.406132e+11  8.039432e+12  3.689320e+14  8.690907e+15 
 1.333333e+02  2.850307e+08  5.805155e+08  9.927012e+08  1.824870e+09  3.024465e+09  5.096861e+09  5.641008e+09  8.957409e+09  1.214406e+10  1.634488e+10  2.236143e+10  3.193603e+10  4.602159e+10  7.030712e+10  1.075411e+11  2.405526e+11  8.034145e+12  3.686868e+14  8.685724e+15 
 1.336336e+02  2.849777e+08  5.804071e+08  9.925151e+08  1.824527e+09  3.023894e+09  5.095897e+09  5.639929e+09  8.955686e+09  1.214170e+10  1.634169e+10  2.235705e+10  3.192976e+10  4.601253e+10  7.029323e+10  1.075196e+11  2.404911e+11  8.028857e+12  3.684418e+14  8.680544e+15 
 1.339339e+02  2.849235e+08  5.802962e+08  9.923249e+08  1.824176e+09  3.023310e+09  5.094912e+09  5.638826e+09  8.953926e+09  1.213929e+10  1.633844e+10  2.235259e+10  3.192336e+10  4.600327e+10  7.027904e+10  1.074977e+11  2.404286e+11  8.023568e+12  3.681970e+14  8.675369e+15 
 1.342342e+02  2.848681e+08  5.801829e+08  9.921305e+08  1.823818e+09  3.022715e+09  5.093905e+09  5.637700e+09  8.952129e+09  1.213683e+10  1.633512e+10  2.234803e+10  3.191682e+10  4.599383e+10  7.026456e+10  1.074753e+11  2.403653e+11  8.018278e+12  3.679525e+14  8.670197e+15 
 1.345345e+02  2.848116e+08  5.800673e+08  9.919321e+08  1.823452e+09  3.022106e+09  5.092879e+09  5.636552e+09  8.950295e+09  1.213432e+10  1.633173e+10  2.234338e+10  3.191016e+10  4.598420e+10  7.024980e+10  1.074525e+11  2.403011e+11  8.012988e+12  3.677081e+14  8.665029e+15 
 1.348348e+02  2.847539e+08  5.799493e+08  9.917298e+08  1.823079e+09  3.021486e+09  5.091831e+09  5.635380e+09  8.948426e+09  1.213176e+10  1.632828e+10  2.233864e+10  3.190337e+10  4.597438e+10  7.023476e+10  1.074292e+11  2.402361e+11  8.007698e+12  3.674639e+14  8.659865e+15 
 1.351351e+02  2.846951e+08  5.798291e+08  9.915235e+08  1.822698e+09  3.020854e+09  5.090764e+09  5.634187e+09  8.946521e+09  1.212915e+10  1.632476e+10  2.233382e+10  3.189645e+10  4.596438e+10  7.021945e+10  1.074056e+11  2.401702e+11  8.002407e+12  3.672200e+14  8.654705e+15 
 1.354354e+02  2.846352e+08  5.797066e+08  9.913134e+08  1.822311e+09  3.020210e+09  5.089677e+09  5.632971e+09  8.944582e+09  1.212650e+10  1.632118e+10  2.232891e+10  3.188942e+10  4.595421e+10  7.020386e+10  1.073815e+11  2.401035e+11  7.997116e+12  3.669762e+14  8.649549e+15 
 1.357357e+02  2.845743e+08  5.795819e+08  9.910995e+08  1.821917e+09  3.019554e+09  5.088571e+09  5.631734e+09  8.942609e+09  1.212380e+10  1.631754e+10  2.232391e+10  3.188226e+10  4.594386e+10  7.018801e+10  1.073570e+11  2.400360e+11  7.991825e+12  3.667327e+14  8.644398e+15 
 1.360360e+02  2.845122e+08  5.794550e+08  9.908819e+08  1.821515e+09  3.018887e+09  5.087445e+09  5.630477e+09  8.940602e+09  1.212106e+10  1.631383e+10  2.231883e+10  3.187498e+10  4.593334e+10  7.017189e+10  1.073321e+11  2.399677e+11  7.986534e+12  3.664893e+14  8.639250e+15 
 1.363363e+02  2.844491e+08  5.793260e+08  9.906606e+08  1.821107e+09  3.018209e+09  5.086301e+09  5.629198e+09  8.938563e+09  1.211827e+10  1.631007e+10  2.231367e+10  3.186758e+10  4.592266e+10  7.015552e+10  1.073068e+11  2.398985e+11  7.981243e+12  3.662462e+14  8.634106e+15 
 1.366366e+02  2.843850e+08  5.791949e+08  9.904358e+08  1.820693e+09  3.017521e+09  5.085139e+09  5.627899e+09  8.936491e+09  1.211544e+10  1.630625e+10  2.230843e+10  3.186007e+10  4.591180e+10  7.013889e+10  1.072811e+11  2.398287e+11  7.975953e+12  3.660033e+14  8.628966e+15 
 1.369369e+02  2.843198e+08  5.790617e+08  9.902074e+08  1.820272e+09  3.016821e+09  5.083958e+09  5.626580e+09  8.934388e+09  1.211256e+10  1.630237e+10  2.230311e+10  3.185245e+10  4.590079e+10  7.012202e+10  1.072551e+11  2.397580e+11  7.970663e+12  3.657606e+14  8.623830e+15 
 1.372372e+02  2.842537e+08  5.789265e+08  9.899756e+08  1.819845e+09  3.016111e+09  5.082760e+09  5.625242e+09  8.932254e+09  1.210965e+10  1.629843e+10  2.229771e+10  3.184471e+10  4.588961e+10  7.010490e+10  1.072287e+11  2.396867e+11  7.965373e+12  3.655181e+14  8.618699e+15 
 1.375375e+02  2.841866e+08  5.787893e+08  9.897403e+08  1.819411e+09  3.015390e+09  5.081544e+09  5.623884e+09  8.930089e+09  1.210669e+10  1.629444e+10  2.229223e+10  3.183687e+10  4.587828e+10  7.008754e+10  1.072019e+11  2.396146e+11  7.960084e+12  3.652759e+14  8.613571e+15 
 1.378378e+02  2.841183e+08  5.786498e+08  9.895012e+08  1.818971e+09  3.014658e+09  5.080308e+09  5.622504e+09  8.927889e+09  1.210368e+10  1.629038e+10  2.228667e+10  3.182890e+10  4.586677e+10  7.006991e+10  1.071747e+11  2.395416e+11  7.954794e+12  3.650337e+14  8.608446e+15 
 1.381381e+02  2.840467e+08  5.785035e+08  9.892504e+08  1.818508e+09  3.013890e+09  5.079011e+09  5.621056e+09  8.925578e+09  1.210053e+10  1.628613e+10  2.228084e+10  3.182055e+10  4.585470e+10  7.005142e+10  1.071461e+11  2.394660e+11  7.949485e+12  3.647908e+14  8.603302e+15 
 1.384384e+02  2.839742e+08  5.783555e+08  9.889966e+08  1.818040e+09  3.013114e+09  5.077698e+09  5.619591e+09  8.923240e+09  1.209734e+10  1.628183e+10  2.227494e+10  3.181209e+10  4.584249e+10  7.003272e+10  1.071173e+11  2.393897e+11  7.944175e+12  3.645480e+14  8.598160e+15 
 1.387387e+02  2.839009e+08  5.782058e+08  9.887399e+08  1.817566e+09  3.012328e+09  5.076370e+09  5.618109e+09  8.920877e+09  1.209412e+10  1.627748e+10  2.226897e+10  3.180355e+10  4.583015e+10  7.001382e+10  1.070882e+11  2.393128e+11  7.938866e+12  3.643054e+14  8.593022e+15 
 1.390390e+02  2.838268e+08  5.780543e+08  9.884802e+08  1.817087e+09  3.011533e+09  5.075027e+09  5.616611e+09  8.918487e+09  1.209086e+10  1.627308e+10  2.226294e+10  3.179491e+10  4.581767e+10  6.999471e+10  1.070587e+11  2.392353e+11  7.933555e+12  3.640629e+14  8.587887e+15 
 1.393393e+02  2.837519e+08  5.779012e+08  9.882177e+08  1.816603e+09  3.010730e+09  5.073670e+09  5.615097e+09  8.916071e+09  1.208756e+10  1.626864e+10  2.225684e+10  3.178618e+10  4.580506e+10  6.997540e+10  1.070289e+11  2.391572e+11  7.928245e+12  3.638206e+14  8.582755e+15 
 1.396396e+02  2.836761e+08  5.777464e+08  9.879524e+08  1.816114e+09  3.009918e+09  5.072298e+09  5.613566e+09  8.913630e+09  1.208423e+10  1.626415e+10  2.225068e+10  3.177736e+10  4.579232e+10  6.995589e+10  1.069989e+11  2.390784e+11  7.922934e+12  3.635785e+14  8.577626e+15 
 1.399399e+02  2.835995e+08  5.775899e+08  9.876842e+08  1.815619e+09  3.009097e+09  5.070911e+09  5.612020e+09  8.911164e+09  1.208087e+10  1.625961e+10  2.224446e+10  3.176844e+10  4.577945e+10  6.993618e+10  1.069685e+11  2.389991e+11  7.917622e+12  3.633365e+14  8.572500e+15 
 1.402402e+02  2.835221e+08  5.774318e+08  9.874132e+08  1.815119e+09  3.008268e+09  5.069511e+09  5.610457e+09  8.908672e+09  1.207747e+10  1.625502e+10  2.223817e+10  3.175944e+10  4.576645e+10  6.991627e+10  1.069378e+11  2.389191e+11  7.912311e+12  3.630946e+14  8.567377e+15 
 1.405405e+02  2.834439e+08  5.772721e+08  9.871394e+08  1.814614e+09  3.007431e+09  5.068095e+09  5.608879e+09  8.906155e+09  1.207404e+10  1.625040e+10  2.223182e+10  3.175035e+10  4.575332e+10  6.989616e+10  1.069068e+11  2.388385e+11  7.906999e+12  3.628529e+14  8.562257e+15 
 1.408408e+02  2.833649e+08  5.771107e+08  9.868628e+08  1.814104e+09  3.006584e+09  5.066666e+09  5.607285e+09  8.903613e+09  1.207057e+10  1.624572e+10  2.222541e+10  3.174117e+10  4.574007e+10  6.987586e+10  1.068755e+11  2.387573e+11  7.901687e+12  3.626114e+14  8.557140e+15 
 1.411411e+02  2.832851e+08  5.769478e+08  9.865834e+08  1.813589e+09  3.005730e+09  5.065222e+09  5.605676e+09  8.901047e+09  1.206707e+10  1.624100e+10  2.221893e+10  3.173190e+10  4.572668e+10  6.985536e+10  1.068439e+11  2.386756e+11  7.896375e+12  3.623700e+14  8.552026e+15 
 1.414414e+02  2.832045e+08  5.767832e+08  9.863014e+08  1.813069e+09  3.004867e+09  5.063765e+09  5.604051e+09  8.898456e+09  1.206354e+10  1.623624e+10  2.221240e+10  3.172254e+10  4.571317e+10  6.983468e+10  1.068121e+11  2.385932e+11  7.891063e+12  3.621288e+14  8.546916e+15 
 1.417417e+02  2.831231e+08  5.766171e+08  9.860166e+08  1.812545e+09  3.003996e+09  5.062294e+09  5.602410e+09  8.895841e+09  1.205997e+10  1.623143e+10  2.220580e+10  3.171310e+10  4.569954e+10  6.981380e+10  1.067799e+11  2.385103e+11  7.885751e+12  3.618877e+14  8.541808e+15 
 1.420420e+02  2.830410e+08  5.764494e+08  9.857292e+08  1.812015e+09  3.003116e+09  5.060809e+09  5.600755e+09  8.893201e+09  1.205637e+10  1.622657e+10  2.219915e+10  3.170357e+10  4.568578e+10  6.979273e+10  1.067474e+11  2.384268e+11  7.880439e+12  3.616468e+14  8.536703e+15 
 1.423423e+02  2.829581e+08  5.762801e+08  9.854391e+08  1.811480e+09  3.002229e+09  5.059310e+09  5.599084e+09  8.890538e+09  1.205274e+10  1.622168e+10  2.219243e+10  3.169396e+10  4.567190e+10  6.977148e+10  1.067147e+11  2.383427e+11  7.875127e+12  3.614061e+14  8.531602e+15 
 1.426426e+02  2.828745e+08  5.761093e+08  9.851463e+08  1.810940e+09  3.001333e+09  5.057798e+09  5.597399e+09  8.887851e+09  1.204908e+10  1.621674e+10  2.218566e+10  3.168426e+10  4.565789e+10  6.975004e+10  1.066817e+11  2.382581e+11  7.869815e+12  3.611655e+14  8.526503e+15 
 1.429429e+02  2.827901e+08  5.759369e+08  9.848509e+08  1.810396e+09  3.000430e+09  5.056272e+09  5.595698e+09  8.885141e+09  1.204538e+10  1.621175e+10  2.217883e+10  3.167448e+10  4.564377e+10  6.972841e+10  1.066484e+11  2.381729e+11  7.864503e+12  3.609251e+14  8.521408e+15 
 1.432432e+02  2.827049e+08  5.757630e+08  9.845530e+08  1.809847e+09  2.999519e+09  5.054733e+09  5.593983e+09  8.882407e+09  1.204165e+10  1.620673e+10  2.217193e+10  3.166461e+10  4.562952e+10  6.970660e+10  1.066148e+11  2.380871e+11  7.859191e+12  3.606848e+14  8.516315e+15 
 1.435435e+02  2.826191e+08  5.755876e+08  9.842524e+08  1.809293e+09  2.998599e+09  5.053181e+09  5.592253e+09  8.879650e+09  1.203790e+10  1.620166e+10  2.216499e+10  3.165466e+10  4.561516e+10  6.968461e+10  1.065809e+11  2.380008e+11  7.853879e+12  3.604447e+14  8.511226e+15 
 1.438438e+02  2.825324e+08  5.754108e+08  9.839493e+08  1.808734e+09  2.997672e+09  5.051616e+09  5.590509e+09  8.876871e+09  1.203411e+10  1.619655e+10  2.215798e+10  3.164464e+10  4.560068e+10  6.966245e+10  1.065468e+11  2.379139e+11  7.848567e+12  3.602047e+14  8.506140e+15 
 1.441441e+02  2.824451e+08  5.752324e+08  9.836437e+08  1.808171e+09  2.996738e+09  5.050038e+09  5.588751e+09  8.874068e+09  1.203029e+10  1.619140e+10  2.215092e+10  3.163452e+10  4.558608e+10  6.964010e+10  1.065123e+11  2.378265e+11  7.843256e+12  3.599649e+14  8.501056e+15 
 1.444444e+02  2.823570e+08  5.750526e+08  9.833355e+08  1.807603e+09  2.995795e+09  5.048447e+09  5.586978e+09  8.871243e+09  1.202644e+10  1.618620e+10  2.214380e+10  3.162433e+10  4.557137e+10  6.961757e+10  1.064777e+11  2.377386e+11  7.837944e+12  3.597253e+14  8.495976e+15 
 1.447447e+02  2.822682e+08  5.748713e+08  9.830249e+08  1.807031e+09  2.994845e+09  5.046843e+09  5.585191e+09  8.868396e+09  1.202255e+10  1.618097e+10  2.213662e+10  3.161406e+10  4.555654e+10  6.959487e+10  1.064427e+11  2.376501e+11  7.832634e+12  3.594858e+14  8.490899e+15 
 1.450450e+02  2.821788e+08  5.746886e+08  9.827118e+08  1.806454e+09  2.993888e+09  5.045227e+09  5.583390e+09  8.865527e+09  1.201864e+10  1.617570e+10  2.212939e+10  3.160371e+10  4.554160e+10  6.957200e+10  1.064075e+11  2.375611e+11  7.827323e+12  3.592464e+14  8.485825e+15 
 1.453453e+02  2.820886e+08  5.745044e+08  9.823962e+08  1.805872e+09  2.992923e+09  5.043598e+09  5.581576e+09  8.862635e+09  1.201470e+10  1.617038e+10  2.212211e+10  3.159329e+10  4.552655e+10  6.954896e+10  1.063720e+11  2.374715e+11  7.822013e+12  3.590073e+14  8.480754e+15 
 1.456456e+02  2.819977e+08  5.743188e+08  9.820783e+08  1.805286e+09  2.991950e+09  5.041957e+09  5.579747e+09  8.859722e+09  1.201073e+10  1.616503e+10  2.211477e+10  3.158278e+10  4.551138e+10  6.952574e+10  1.063363e+11  2.373815e+11  7.816703e+12  3.587682e+14  8.475686e+15 
 1.459459e+02  2.819061e+08  5.741319e+08  9.817579e+08  1.804696e+09  2.990971e+09  5.040303e+09  5.577905e+09  8.856787e+09  1.200673e+10  1.615963e+10  2.210738e+10  3.157220e+10  4.549610e+10  6.950236e+10  1.063003e+11  2.372909e+11  7.811393e+12  3.585294e+14  8.470621e+15 
 1.462462e+02  2.818138e+08  5.739435e+08  9.814351e+08  1.804102e+09  2.989984e+09  5.038638e+09  5.576050e+09  8.853831e+09  1.200270e+10  1.615420e+10  2.209993e+10  3.156154e+10  4.548072e+10  6.947880e+10  1.062640e+11  2.371998e+11  7.806084e+12  3.582907e+14  8.465559e+15 
 1.465465e+02  2.817209e+08  5.737537e+08  9.811100e+08  1.803503e+09  2.988990e+09  5.036960e+09  5.574181e+09  8.850854e+09  1.199864e+10  1.614873e+10  2.209243e+10  3.155081e+10  4.546522e+10  6.945509e+10  1.062275e+11  2.371082e+11  7.800776e+12  3.580521e+14  8.460500e+15 
 1.468468e+02  2.816273e+08  5.735626e+08  9.807826e+08  1.802899e+09  2.987988e+09  5.035270e+09  5.572299e+09  8.847856e+09  1.199456e+10  1.614322e+10  2.208488e+10  3.154000e+10  4.544962e+10  6.943120e+10  1.061908e+11  2.370161e+11  7.795468e+12  3.578137e+14  8.455444e+15 
 1.471471e+02  2.815330e+08  5.733701e+08  9.804528e+08  1.802292e+09  2.986980e+09  5.033568e+09  5.570404e+09  8.844837e+09  1.199044e+10  1.613767e+10  2.207727e+10  3.152912e+10  4.543391e+10  6.940716e+10  1.061537e+11  2.369236e+11  7.790160e+12  3.575755e+14  8.450391e+15 
 1.474474e+02  2.814381e+08  5.731763e+08  9.801207e+08  1.801680e+09  2.985965e+09  5.031855e+09  5.568496e+09  8.841797e+09  1.198630e+10  1.613209e+10  2.206962e+10  3.151816e+10  4.541809e+10  6.938295e+10  1.061165e+11  2.368305e+11  7.784853e+12  3.573374e+14  8.445341e+15 
 1.477477e+02  2.813425e+08  5.729812e+08  9.797864e+08  1.801064e+09  2.984943e+09  5.030130e+09  5.566575e+09  8.838738e+09  1.198213e+10  1.612647e+10  2.206191e+10  3.150713e+10  4.540217e+10  6.935858e+10  1.060790e+11  2.367369e+11  7.779547e+12  3.570995e+14  8.440294e+15 
 1.480480e+02  2.812462e+08  5.727847e+08  9.794498e+08  1.800444e+09  2.983913e+09  5.028393e+09  5.564641e+09  8.835657e+09  1.197793e+10  1.612081e+10  2.205416e+10  3.149603e+10  4.538615e+10  6.933406e+10  1.060412e+11  2.366429e+11  7.774241e+12  3.568618e+14  8.435250e+15 
 1.483483e+02  2.811494e+08  5.725869e+08  9.791110e+08  1.799820e+09  2.982878e+09  5.026645e+09  5.562695e+09  8.832557e+09  1.197371e+10  1.611511e+10  2.204635e+10  3.148486e+10  4.537002e+10  6.930937e+10  1.060033e+11  2.365484e+11  7.768936e+12  3.566242e+14  8.430210e+15 
 1.486486e+02  2.810519e+08  5.723879e+08  9.787700e+08  1.799192e+09  2.981835e+09  5.024886e+09  5.560736e+09  8.829437e+09  1.196946e+10  1.610938e+10  2.203850e+10  3.147362e+10  4.535379e+10  6.928454e+10  1.059650e+11  2.364534e+11  7.763632e+12  3.563867e+14  8.425172e+15 
 1.489489e+02  2.809537e+08  5.721876e+08  9.784268e+08  1.798560e+09  2.980786e+09  5.023116e+09  5.558765e+09  8.826298e+09  1.196518e+10  1.610361e+10  2.203059e+10  3.146231e+10  4.533746e+10  6.925954e+10  1.059266e+11  2.363579e+11  7.758329e+12  3.561495e+14  8.420137e+15 
 1.492492e+02  2.808550e+08  5.719860e+08  9.780814e+08  1.797924e+09  2.979730e+09  5.021334e+09  5.556781e+09  8.823139e+09  1.196088e+10  1.609781e+10  2.202264e+10  3.145093e+10  4.532103e+10  6.923440e+10  1.058879e+11  2.362620e+11  7.753026e+12  3.559123e+14  8.415105e+15 
 1.495495e+02  2.807556e+08  5.717831e+08  9.777339e+08  1.797284e+09  2.978668e+09  5.019542e+09  5.554785e+09  8.819961e+09  1.195654e+10  1.609197e+10  2.201464e+10  3.143948e+10  4.530451e+10  6.920911e+10  1.058490e+11  2.361657e+11  7.747724e+12  3.556754e+14  8.410077e+15 
 1.498498e+02  2.806556e+08  5.715790e+08  9.773842e+08  1.796640e+09  2.977599e+09  5.017739e+09  5.552778e+09  8.816764e+09  1.195219e+10  1.608610e+10  2.200659e+10  3.142796e+10  4.528788e+10  6.918366e+10  1.058098e+11  2.360688e+11  7.742423e+12  3.554386e+14  8.405051e+15 
 1.501502e+02  2.805550e+08  5.713737e+08  9.770325e+08  1.795992e+09  2.976524e+09  5.015924e+09  5.550758e+09  8.813548e+09  1.194781e+10  1.608019e+10  2.199849e+10  3.141638e+10  4.527116e+10  6.915807e+10  1.057705e+11  2.359716e+11  7.737123e+12  3.552019e+14  8.400029e+15 
 1.504505e+02  2.804538e+08  5.711672e+08  9.766787e+08  1.795340e+09  2.975442e+09  5.014100e+09  5.548727e+09  8.810313e+09  1.194340e+10  1.607425e+10  2.199035e+10  3.140473e+10  4.525434e+10  6.913233e+10  1.057309e+11  2.358738e+11  7.731824e+12  3.549654e+14  8.395009e+15 
 1.507508e+02  2.803521e+08  5.709594e+08  9.763228e+08  1.794685e+09  2.974354e+09  5.012265e+09  5.546684e+09  8.807060e+09  1.193897e+10  1.606827e+10  2.198217e+10  3.139301e+10  4.523743e+10  6.910645e+10  1.056911e+11  2.357757e+11  7.726526e+12  3.547291e+14  8.389992e+15 
 1.510511e+02  2.802497e+08  5.707505e+08  9.759649e+08  1.794026e+09  2.973260e+09  5.010419e+09  5.544630e+09  8.803789e+09  1.193451e+10  1.606227e+10  2.197393e+10  3.138123e+10  4.522042e+10  6.908043e+10  1.056510e+11  2.356771e+11  7.721228e+12  3.544929e+14  8.384979e+15 
 1.513514e+02  2.801468e+08  5.705404e+08  9.756050e+08  1.793363e+09  2.972160e+09  5.008563e+09  5.542564e+09  8.800499e+09  1.193003e+10  1.605622e+10  2.196565e+10  3.136938e+10  4.520332e+10  6.905426e+10  1.056108e+11  2.355781e+11  7.715932e+12  3.542569e+14  8.379968e+15 
 1.516517e+02  2.800433e+08  5.703291e+08  9.752431e+08  1.792697e+09  2.971054e+09  5.006697e+09  5.540487e+09  8.797192e+09  1.192552e+10  1.605015e+10  2.195733e+10  3.135747e+10  4.518613e+10  6.902795e+10  1.055703e+11  2.354787e+11  7.710637e+12  3.540210e+14  8.374961e+15 
 1.519520e+02  2.799392e+08  5.701167e+08  9.748793e+08  1.792027e+09  2.969942e+09  5.004821e+09  5.538399e+09  8.793867e+09  1.192099e+10  1.604404e+10  2.194896e+10  3.134550e+10  4.516885e+10  6.900151e+10  1.055296e+11  2.353788e+11  7.705343e+12  3.537854e+14  8.369956e+15 
 1.522523e+02  2.798346e+08  5.699032e+08  9.745135e+08  1.791353e+09  2.968824e+09  5.002935e+09  5.536299e+09  8.790525e+09  1.191644e+10  1.603791e+10  2.194055e+10  3.133346e+10  4.515148e+10  6.897493e+10  1.054887e+11  2.352786e+11  7.700050e+12  3.535498e+14  8.364955e+15 
 1.525526e+02  2.797294e+08  5.696885e+08  9.741457e+08  1.790676e+09  2.967700e+09  5.001039e+09  5.534189e+09  8.787165e+09  1.191186e+10  1.603174e+10  2.193210e+10  3.132137e+10  4.513402e+10  6.894821e+10  1.054476e+11  2.351779e+11  7.694758e+12  3.533144e+14  8.359956e+15 
 1.528529e+02  2.796237e+08  5.694727e+08  9.737761e+08  1.789995e+09  2.966570e+09  4.999133e+09  5.532068e+09  8.783789e+09  1.190726e+10  1.602553e+10  2.192360e+10  3.130921e+10  4.511647e+10  6.892136e+10  1.054064e+11  2.350768e+11  7.689468e+12  3.530792e+14  8.354961e+15 
 1.531532e+02  2.795174e+08  5.692558e+08  9.734046e+08  1.789311e+09  2.965435e+09  4.997218e+09  5.529937e+09  8.780395e+09  1.190264e+10  1.601930e+10  2.191506e+10  3.129699e+10  4.509884e+10  6.889438e+10  1.053649e+11  2.349753e+11  7.684178e+12  3.528442e+14  8.349968e+15 
 1.534535e+02  2.794106e+08  5.690378e+08  9.730312e+08  1.788624e+09  2.964293e+09  4.995293e+09  5.527795e+09  8.776985e+09  1.189800e+10  1.601304e+10  2.190648e+10  3.128472e+10  4.508112e+10  6.886726e+10  1.053232e+11  2.348735e+11  7.678890e+12  3.526092e+14  8.344979e+15 
 1.537538e+02  2.793033e+08  5.688188e+08  9.726560e+08  1.787933e+09  2.963147e+09  4.993358e+09  5.525642e+09  8.773558e+09  1.189333e+10  1.600675e+10  2.189786e+10  3.127238e+10  4.506332e+10  6.884002e+10  1.052813e+11  2.347712e+11  7.673604e+12  3.523745e+14  8.339992e+15 
 1.540541e+02  2.791954e+08  5.685986e+08  9.722790e+08  1.787239e+09  2.961994e+09  4.991415e+09  5.523479e+09  8.770115e+09  1.188864e+10  1.600043e+10  2.188920e+10  3.125999e+10  4.504543e+10  6.881265e+10  1.052392e+11  2.346686e+11  7.668318e+12  3.521399e+14  8.335009e+15 
 1.543544e+02  2.790871e+08  5.683775e+08  9.719001e+08  1.786541e+09  2.960837e+09  4.989462e+09  5.521306e+09  8.766656e+09  1.188393e+10  1.599407e+10  2.188050e+10  3.124754e+10  4.502746e+10  6.878515e+10  1.051969e+11  2.345655e+11  7.663034e+12  3.519055e+14  8.330028e+15 
 1.546547e+02  2.789782e+08  5.681553e+08  9.715195e+08  1.785840e+09  2.959674e+09  4.987500e+09  5.519123e+09  8.763181e+09  1.187919e+10  1.598769e+10  2.187176e+10  3.123503e+10  4.500941e+10  6.875753e+10  1.051544e+11  2.344621e+11  7.657752e+12  3.516712e+14  8.325051e+15 
 1.549550e+02  2.788688e+08  5.679321e+08  9.711372e+08  1.785136e+09  2.958505e+09  4.985529e+09  5.516931e+09  8.759690e+09  1.187444e+10  1.598128e+10  2.186298e+10  3.122247e+10  4.499128e+10  6.872978e+10  1.051118e+11  2.343584e+11  7.652470e+12  3.514371e+14  8.320076e+15 
 1.552553e+02  2.787589e+08  5.677078e+08  9.707531e+08  1.784429e+09  2.957331e+09  4.983550e+09  5.514728e+09  8.756184e+09  1.186966e+10  1.597485e+10  2.185416e+10  3.120985e+10  4.497306e+10  6.870192e+10  1.050689e+11  2.342542e+11  7.647191e+12  3.512032e+14  8.315105e+15 
 1.555556e+02  2.786486e+08  5.674826e+08  9.703673e+08  1.783719e+09  2.956152e+09  4.981561e+09  5.512516e+09  8.752662e+09  1.186487e+10  1.596838e+10  2.184530e+10  3.119718e+10  4.495477e+10  6.867393e+10  1.050259e+11  2.341497e+11  7.641912e+12  3.509694e+14  8.310137e+15 
 1.558559e+02  2.785377e+08  5.672564e+08  9.699799e+08  1.783005e+09  2.954968e+09  4.979564e+09  5.510294e+09  8.749125e+09  1.186005e+10  1.596189e+10  2.183640e+10  3.118445e+10  4.493640e+10  6.864583e+10  1.049827e+11  2.340449e+11  7.636636e+12  3.507358e+14  8.305171e+15 
 1.561562e+02  2.784264e+08  5.670292e+08  9.695907e+08  1.782289e+09  2.953779e+09  4.977559e+09  5.508062e+09  8.745574e+09  1.185521e+10  1.595537e+10  2.182747e+10  3.117167e+10  4.491796e+10  6.861760e+10  1.049393e+11  2.339397e+11  7.631361e+12  3.505023e+14  8.300209e+15 
 1.564565e+02  2.783146e+08  5.668010e+08  9.692000e+08  1.781570e+09  2.952585e+09  4.975545e+09  5.505822e+09  8.742007e+09  1.185035e+10  1.594882e+10  2.181850e+10  3.115884e+10  4.489944e+10  6.858927e+10  1.048957e+11  2.338341e+11  7.626087e+12  3.502690e+14  8.295249e+15 
 1.567568e+02  2.782023e+08  5.665719e+08  9.688076e+08  1.780847e+09  2.951386e+09  4.973522e+09  5.503572e+09  8.738426e+09  1.184548e+10  1.594225e+10  2.180950e+10  3.114595e+10  4.488084e+10  6.856081e+10  1.048520e+11  2.337283e+11  7.620815e+12  3.500358e+14  8.290293e+15 
 1.570571e+02  2.780896e+08  5.663419e+08  9.684136e+08  1.780122e+09  2.950182e+09  4.971492e+09  5.501313e+09  8.734831e+09  1.184058e+10  1.593565e+10  2.180045e+10  3.113302e+10  4.486218e+10  6.853225e+10  1.048080e+11  2.336220e+11  7.615545e+12  3.498028e+14  8.285339e+15 
 1.573574e+02  2.779764e+08  5.661109e+08  9.680180e+08  1.779394e+09  2.948973e+09  4.969453e+09  5.499045e+09  8.731221e+09  1.183566e+10  1.592902e+10  2.179138e+10  3.112003e+10  4.484343e+10  6.850358e+10  1.047640e+11  2.335155e+11  7.610277e+12  3.495700e+14  8.280389e+15 
 1.576577e+02  2.778628e+08  5.658791e+08  9.676209e+08  1.778663e+09  2.947760e+09  4.967407e+09  5.496769e+09  8.727598e+09  1.183073e+10  1.592237e+10  2.178227e+10  3.110699e+10  4.482462e+10  6.847479e+10  1.047197e+11  2.334086e+11  7.605010e+12  3.493373e+14  8.275441e+15 
 1.579580e+02  2.777488e+08  5.656463e+08  9.672222e+08  1.777929e+09  2.946542e+09  4.965353e+09  5.494483e+09  8.723961e+09  1.182578e+10  1.591569e+10  2.177312e+10  3.109391e+10  4.480574e+10  6.844590e+10  1.046753e+11  2.333014e+11  7.599745e+12  3.491048e+14  8.270497e+15 
 1.582583e+02  2.776343e+08  5.654126e+08  9.668220e+08  1.777192e+09  2.945319e+09  4.963290e+09  5.492190e+09  8.720310e+09  1.182081e+10  1.590899e+10  2.176394e+10  3.108078e+10  4.478679e+10  6.841690e+10  1.046307e+11  2.331939e+11  7.594482e+12  3.488725e+14  8.265555e+15 
 1.585586e+02  2.775193e+08  5.651781e+08  9.664204e+08  1.776453e+09  2.944092e+09  4.961221e+09  5.489887e+09  8.716646e+09  1.181582e+10  1.590227e+10  2.175473e+10  3.106760e+10  4.476776e+10  6.838780e+10  1.045860e+11  2.330860e+11  7.589221e+12  3.486403e+14  8.260617e+15 
 1.588589e+02  2.774040e+08  5.649428e+08  9.660173e+08  1.775710e+09  2.942860e+09  4.959143e+09  5.487577e+09  8.712968e+09  1.181081e+10  1.589552e+10  2.174548e+10  3.105437e+10  4.474867e+10  6.835859e+10  1.045411e+11  2.329779e+11  7.583961e+12  3.484082e+14  8.255681e+15 
 1.591592e+02  2.772882e+08  5.647065e+08  9.656127e+08  1.774966e+09  2.941624e+09  4.957059e+09  5.485258e+09  8.709278e+09  1.180578e+10  1.588874e+10  2.173620e+10  3.104110e+10  4.472952e+10  6.832929e+10  1.044961e+11  2.328695e+11  7.578704e+12  3.481764e+14  8.250749e+15 
 1.594595e+02  2.771720e+08  5.644695e+08  9.652067e+08  1.774218e+09  2.940383e+09  4.954967e+09  5.482931e+09  8.705575e+09  1.180074e+10  1.588195e+10  2.172689e+10  3.102778e+10  4.471030e+10  6.829988e+10  1.044509e+11  2.327607e+11  7.573449e+12  3.479447e+14  8.245819e+15 
 1.597598e+02  2.770555e+08  5.642316e+08  9.647993e+08  1.773468e+09  2.939139e+09  4.952868e+09  5.480596e+09  8.701859e+09  1.179568e+10  1.587513e+10  2.171755e+10  3.101441e+10  4.469101e+10  6.827037e+10  1.044055e+11  2.326517e+11  7.568195e+12  3.477131e+14  8.240893e+15 
 1.600601e+02  2.769385e+08  5.639929e+08  9.643905e+08  1.772716e+09  2.937890e+09  4.950761e+09  5.478254e+09  8.698131e+09  1.179060e+10  1.586829e+10  2.170818e+10  3.100101e+10  4.467166e+10  6.824077e+10  1.043600e+11  2.325424e+11  7.562944e+12  3.474817e+14  8.235969e+15 
 1.603604e+02  2.768211e+08  5.637534e+08  9.639804e+08  1.771961e+09  2.936637e+09  4.948648e+09  5.475904e+09  8.694391e+09  1.178551e+10  1.586142e+10  2.169877e+10  3.098755e+10  4.465225e+10  6.821107e+10  1.043144e+11  2.324328e+11  7.557694e+12  3.472505e+14  8.231048e+15 
 1.606607e+02  2.767034e+08  5.635132e+08  9.635689e+08  1.771203e+09  2.935380e+09  4.946528e+09  5.473546e+09  8.690639e+09  1.178040e+10  1.585454e+10  2.168934e+10  3.097406e+10  4.463278e+10  6.818128e+10  1.042686e+11  2.323229e+11  7.552447e+12  3.470194e+14  8.226131e+15 
 1.609610e+02  2.765853e+08  5.632722e+08  9.631561e+08  1.770443e+09  2.934118e+09  4.944401e+09  5.471180e+09  8.686874e+09  1.177528e+10  1.584763e+10  2.167988e+10  3.096052e+10  4.461324e+10  6.815139e+10  1.042226e+11  2.322127e+11  7.547202e+12  3.467885e+14  8.221216e+15 
 1.612613e+02  2.764668e+08  5.630304e+08  9.627420e+08  1.769681e+09  2.932853e+09  4.942268e+09  5.468808e+09  8.683099e+09  1.177014e+10  1.584070e+10  2.167039e+10  3.094695e+10  4.459365e+10  6.812142e+10  1.041766e+11  2.321023e+11  7.541959e+12  3.465577e+14  8.216304e+15 
 1.615616e+02  2.763479e+08  5.627878e+08  9.623266e+08  1.768917e+09  2.931584e+09  4.940128e+09  5.466428e+09  8.679311e+09  1.176498e+10  1.583375e+10  2.166087e+10  3.093333e+10  4.457400e+10  6.809135e+10  1.041304e+11  2.319916e+11  7.536718e+12  3.463272e+14  8.211396e+15 
 1.618619e+02  2.762287e+08  5.625446e+08  9.619100e+08  1.768150e+09  2.930312e+09  4.937982e+09  5.464041e+09  8.675513e+09  1.175981e+10  1.582678e+10  2.165132e+10  3.091967e+10  4.455429e+10  6.806120e+10  1.040840e+11  2.318807e+11  7.531479e+12  3.460967e+14  8.206490e+15 
 1.621622e+02  2.761091e+08  5.623006e+08  9.614922e+08  1.767381e+09  2.929035e+09  4.935829e+09  5.461647e+09  8.671703e+09  1.175462e+10  1.581979e+10  2.164174e+10  3.090597e+10  4.453452e+10  6.803096e+10  1.040375e+11  2.317695e+11  7.526243e+12  3.458665e+14  8.201587e+15 
 1.624625e+02  2.759892e+08  5.620559e+08  9.610731e+08  1.766609e+09  2.927755e+09  4.933670e+09  5.459246e+09  8.667883e+09  1.174942e+10  1.581278e+10  2.163214e+10  3.089224e+10  4.451470e+10  6.800063e+10  1.039909e+11  2.316580e+11  7.521009e+12  3.456364e+14  8.196687e+15 
 1.627628e+02  2.758689e+08  5.618105e+08  9.606529e+08  1.765836e+09  2.926471e+09  4.931505e+09  5.456839e+09  8.664052e+09  1.174420e+10  1.580575e+10  2.162251e+10  3.087846e+10  4.449483e+10  6.797022e+10  1.039442e+11  2.315463e+11  7.515777e+12  3.454064e+14  8.191791e+15 
 1.630631e+02  2.757483e+08  5.615645e+08  9.602315e+08  1.765060e+09  2.925184e+09  4.929334e+09  5.454425e+09  8.660211e+09  1.173897e+10  1.579870e+10  2.161286e+10  3.086465e+10  4.447490e+10  6.793974e+10  1.038974e+11  2.314344e+11  7.510547e+12  3.451766e+14  8.186897e+15 
 1.633634e+02  2.756274e+08  5.613178e+08  9.598089e+08  1.764282e+09  2.923893e+09  4.927158e+09  5.452004e+09  8.656359e+09  1.173373e+10  1.579163e+10  2.160318e+10  3.085080e+10  4.445492e+10  6.790917e+10  1.038504e+11  2.313222e+11  7.505320e+12  3.449470e+14  8.182006e+15 
 1.636637e+02  2.755061e+08  5.610704e+08  9.593853e+08  1.763502e+09  2.922599e+09  4.924975e+09  5.449577e+09  8.652497e+09  1.172847e+10  1.578455e+10  2.159347e+10  3.083692e+10  4.443488e+10  6.787852e+10  1.038033e+11  2.312098e+11  7.500096e+12  3.447175e+14  8.177118e+15 
 1.639640e+02  2.753846e+08  5.608224e+08  9.589605e+08  1.762720e+09  2.921301e+09  4.922787e+09  5.447144e+09  8.648626e+09  1.172320e+10  1.577744e+10  2.158374e+10  3.082300e+10  4.441480e+10  6.784779e+10  1.037561e+11  2.310972e+11  7.494874e+12  3.444882e+14  8.172233e+15 
 1.642643e+02  2.752627e+08  5.605737e+08  9.585347e+08  1.761937e+09  2.920000e+09  4.920593e+09  5.444705e+09  8.644744e+09  1.171792e+10  1.577032e+10  2.157399e+10  3.080905e+10  4.439467e+10  6.781699e+10  1.037088e+11  2.309843e+11  7.489654e+12  3.442591e+14  8.167351e+15 
 1.645646e+02  2.751405e+08  5.603245e+08  9.581078e+08  1.761151e+09  2.918696e+09  4.918394e+09  5.442260e+09  8.640854e+09  1.171262e+10  1.576318e+10  2.156421e+10  3.079506e+10  4.437448e+10  6.778612e+10  1.036613e+11  2.308712e+11  7.484437e+12  3.440301e+14  8.162472e+15 
 1.648649e+02  2.750181e+08  5.600746e+08  9.576799e+08  1.760363e+09  2.917389e+09  4.916190e+09  5.439809e+09  8.636953e+09  1.170731e+10  1.575603e+10  2.155441e+10  3.078104e+10  4.435426e+10  6.775517e+10  1.036138e+11  2.307580e+11  7.479223e+12  3.438013e+14  8.157596e+15 
 1.651652e+02  2.748953e+08  5.598241e+08  9.572509e+08  1.759574e+09  2.916079e+09  4.913980e+09  5.437352e+09  8.633044e+09  1.170199e+10  1.574886e+10  2.154458e+10  3.076699e+10  4.433398e+10  6.772415e+10  1.035661e+11  2.306445e+11  7.474011e+12  3.435726e+14  8.152723e+15 
 1.654655e+02  2.747722e+08  5.595731e+08  9.568210e+08  1.758782e+09  2.914766e+09  4.911766e+09  5.434889e+09  8.629126e+09  1.169666e+10  1.574167e+10  2.153474e+10  3.075291e+10  4.431366e+10  6.769306e+10  1.035183e+11  2.305308e+11  7.468802e+12  3.433441e+14  8.147853e+15 
 1.657658e+02  2.746489e+08  5.593215e+08  9.563901e+08  1.757989e+09  2.913449e+09  4.909546e+09  5.432422e+09  8.625199e+09  1.169131e+10  1.573446e+10  2.152487e+10  3.073880e+10  4.429329e+10  6.766191e+10  1.034705e+11  2.304169e+11  7.463595e+12  3.431158e+14  8.142985e+15 
 1.660661e+02  2.745253e+08  5.590693e+08  9.559583e+08  1.757194e+09  2.912130e+09  4.907322e+09  5.429948e+09  8.621264e+09  1.168596e+10  1.572725e+10  2.151498e+10  3.072465e+10  4.427288e+10  6.763068e+10  1.034225e+11  2.303029e+11  7.458391e+12  3.428876e+14  8.138121e+15 
 1.663664e+02  2.744014e+08  5.588166e+08  9.555255e+08  1.756398e+09  2.910809e+09  4.905092e+09  5.427470e+09  8.617321e+09  1.168059e+10  1.572001e+10  2.150507e+10  3.071048e+10  4.425243e+10  6.759940e+10  1.033744e+11  2.301886e+11  7.453190e+12  3.426596e+14  8.133260e+15 
 1.666667e+02  2.742773e+08  5.585634e+08  9.550918e+08  1.755599e+09  2.909484e+09  4.902859e+09  5.424986e+09  8.613369e+09  1.167521e+10  1.571276e+10  2.149514e+10  3.069628e+10  4.423194e+10  6.756805e+10  1.033263e+11  2.300742e+11  7.447992e+12  3.424317e+14  8.128402e+15 
 1.669670e+02  2.741529e+08  5.583096e+08  9.546573e+08  1.754799e+09  2.908157e+09  4.900620e+09  5.422498e+09  8.609409e+09  1.166982e+10  1.570550e+10  2.148519e+10  3.068204e+10  4.421141e+10  6.753663e+10  1.032780e+11  2.299595e+11  7.442796e+12  3.422040e+14  8.123546e+15 
 1.672673e+02  2.740283e+08  5.580554e+08  9.542219e+08  1.753998e+09  2.906827e+09  4.898377e+09  5.420004e+09  8.605442e+09  1.166442e+10  1.569822e+10  2.147523e+10  3.066779e+10  4.419083e+10  6.750516e+10  1.032297e+11  2.298447e+11  7.437603e+12  3.419765e+14  8.118694e+15 
 1.675676e+02  2.739034e+08  5.578007e+08  9.537856e+08  1.753195e+09  2.905494e+09  4.896130e+09  5.417506e+09  8.601467e+09  1.165901e+10  1.569093e+10  2.146524e+10  3.065350e+10  4.417022e+10  6.747363e+10  1.031812e+11  2.297298e+11  7.432414e+12  3.417491e+14  8.113844e+15 
 1.678679e+02  2.737783e+08  5.575455e+08  9.533486e+08  1.752391e+09  2.904159e+09  4.893879e+09  5.415003e+09  8.597485e+09  1.165359e+10  1.568362e+10  2.145523e+10  3.063919e+10  4.414958e+10  6.744204e+10  1.031327e+11  2.296147e+11  7.427227e+12  3.415219e+14  8.108998e+15 
 1.681682e+02  2.736530e+08  5.572898e+08  9.529107e+08  1.751585e+09  2.902822e+09  4.891624e+09  5.412496e+09  8.593495e+09  1.164816e+10  1.567631e+10  2.144521e+10  3.062485e+10  4.412889e+10  6.741040e+10  1.030841e+11  2.294994e+11  7.422043e+12  3.412949e+14  8.104154e+15 
 1.684685e+02  2.735275e+08  5.570337e+08  9.524721e+08  1.750777e+09  2.901482e+09  4.889365e+09  5.409984e+09  8.589499e+09  1.164272e+10  1.566898e+10  2.143517e+10  3.061049e+10  4.410817e+10  6.737870e+10  1.030354e+11  2.293840e+11  7.416862e+12  3.410680e+14  8.099314e+15 
 1.687688e+02  2.734017e+08  5.567771e+08  9.520327e+08  1.749968e+09  2.900140e+09  4.887101e+09  5.407468e+09  8.585496e+09  1.163727e+10  1.566163e+10  2.142511e+10  3.059611e+10  4.408742e+10  6.734695e+10  1.029866e+11  2.292684e+11  7.411684e+12  3.408413e+14  8.094476e+15 
 1.690691e+02  2.732749e+08  5.565185e+08  9.515899e+08  1.749153e+09  2.898788e+09  4.884820e+09  5.404933e+09  8.581460e+09  1.163178e+10  1.565424e+10  2.141498e+10  3.058162e+10  4.406651e+10  6.731497e+10  1.029375e+11  2.291522e+11  7.406515e+12  3.406149e+14  8.089640e+15 
 1.693694e+02  2.731472e+08  5.562579e+08  9.511438e+08  1.748332e+09  2.897426e+09  4.882521e+09  5.402378e+09  8.577394e+09  1.162625e+10  1.564679e+10  2.140478e+10  3.056703e+10  4.404546e+10  6.728277e+10  1.028880e+11  2.290354e+11  7.401356e+12  3.403887e+14  8.084804e+15 
 1.696697e+02  2.730193e+08  5.559969e+08  9.506972e+08  1.747509e+09  2.896062e+09  4.880219e+09  5.399821e+09  8.573323e+09  1.162072e+10  1.563934e+10  2.139456e+10  3.055242e+10  4.402438e+10  6.725054e+10  1.028385e+11  2.289186e+11  7.396200e+12  3.401628e+14  8.079972e+15 
 1.699700e+02  2.728912e+08  5.557357e+08  9.502501e+08  1.746686e+09  2.894697e+09  4.877914e+09  5.397261e+09  8.569247e+09  1.161518e+10  1.563187e+10  2.138434e+10  3.053779e+10  4.400328e+10  6.721827e+10  1.027890e+11  2.288016e+11  7.391046e+12  3.399370e+14  8.075143e+15 
 1.702703e+02  2.727630e+08  5.554742e+08  9.498025e+08  1.745861e+09  2.893330e+09  4.875607e+09  5.394698e+09  8.565167e+09  1.160963e+10  1.562440e+10  2.137410e+10  3.052315e+10  4.398216e+10  6.718596e+10  1.027394e+11  2.286845e+11  7.385895e+12  3.397113e+14  8.070316e+15 
 1.705706e+02  2.726346e+08  5.552123e+08  9.493543e+08  1.745036e+09  2.891962e+09  4.873297e+09  5.392132e+09  8.561082e+09  1.160408e+10  1.561692e+10  2.136385e+10  3.050849e+10  4.396101e+10  6.715361e+10  1.026897e+11  2.285674e+11  7.380747e+12  3.394858e+14  8.065493e+15 
 1.708709e+02  2.725061e+08  5.549502e+08  9.489056e+08  1.744210e+09  2.890592e+09  4.870984e+09  5.389563e+09  8.556992e+09  1.159852e+10  1.560943e+10  2.135358e+10  3.049381e+10  4.393984e+10  6.712123e+10  1.026400e+11  2.284501e+11  7.375601e+12  3.392605e+14  8.060672e+15 
 1.711712e+02  2.723774e+08  5.546877e+08  9.484563e+08  1.743382e+09  2.889220e+09  4.868669e+09  5.386991e+09  8.552898e+09  1.159295e+10  1.560193e+10  2.134331e+10  3.047912e+10  4.391864e+10  6.708881e+10  1.025902e+11  2.283327e+11  7.370458e+12  3.390353e+14  8.055854e+15 
 1.714715e+02  2.722486e+08  5.544250e+08  9.480066e+08  1.742554e+09  2.887847e+09  4.866351e+09  5.384416e+09  8.548799e+09  1.158738e+10  1.559442e+10  2.133303e+10  3.046441e+10  4.389742e+10  6.705636e+10  1.025404e+11  2.282153e+11  7.365318e+12  3.388102e+14  8.051039e+15 
 1.717718e+02  2.721197e+08  5.541619e+08  9.475563e+08  1.741725e+09  2.886472e+09  4.864031e+09  5.381838e+09  8.544696e+09  1.158180e+10  1.558690e+10  2.132273e+10  3.044969e+10  4.387618e+10  6.702387e+10  1.024905e+11  2.280977e+11  7.360181e+12  3.385853e+14  8.046227e+15 
 1.720721e+02  2.719906e+08  5.538986e+08  9.471055e+08  1.740895e+09  2.885095e+09  4.861708e+09  5.379257e+09  8.540588e+09  1.157622e+10  1.557938e+10  2.131242e+10  3.043495e+10  4.385491e+10  6.699134e+10  1.024405e+11  2.279800e+11  7.355046e+12  3.383606e+14  8.041418e+15 
 1.723724e+02  2.718613e+08  5.536349e+08  9.466542e+08  1.740064e+09  2.883717e+09  4.859382e+09  5.376674e+09  8.536476e+09  1.157063e+10  1.557185e+10  2.130210e+10  3.042019e+10  4.383362e+10  6.695878e+10  1.023905e+11  2.278622e+11  7.349914e+12  3.381360e+14  8.036612e+15 
 1.726727e+02  2.717319e+08  5.533710e+08  9.462024e+08  1.739232e+09  2.882338e+09  4.857054e+09  5.374088e+09  8.532359e+09  1.156503e+10  1.556431e+10  2.129177e+10  3.040542e+10  4.381231e+10  6.692619e+10  1.023405e+11  2.277444e+11  7.344785e+12  3.379115e+14  8.031808e+15 
 1.729730e+02  2.716024e+08  5.531067e+08  9.457502e+08  1.738399e+09  2.880957e+09  4.854724e+09  5.371499e+09  8.528238e+09  1.155943e+10  1.555676e+10  2.128143e+10  3.039063e+10  4.379098e+10  6.689356e+10  1.022904e+11  2.276264e+11  7.339659e+12  3.376872e+14  8.027008e+15 
 1.732733e+02  2.714727e+08  5.528422e+08  9.452974e+08  1.737566e+09  2.879574e+09  4.852391e+09  5.368907e+09  8.524113e+09  1.155382e+10  1.554920e+10  2.127108e+10  3.037583e+10  4.376962e+10  6.686090e+10  1.022402e+11  2.275084e+11  7.334535e+12  3.374631e+14  8.022210e+15 
 1.735736e+02  2.713429e+08  5.525774e+08  9.448441e+08  1.736731e+09  2.878191e+09  4.850055e+09  5.366312e+09  8.519983e+09  1.154820e+10  1.554164e+10  2.126072e+10  3.036101e+10  4.374824e+10  6.682820e+10  1.021900e+11  2.273902e+11  7.329414e+12  3.372391e+14  8.017415e+15 
 1.738739e+02  2.712130e+08  5.523123e+08  9.443904e+08  1.735895e+09  2.876805e+09  4.847717e+09  5.363715e+09  8.515850e+09  1.154258e+10  1.553407e+10  2.125034e+10  3.034617e+10  4.372684e+10  6.679547e+10  1.021398e+11  2.272720e+11  7.324296e+12  3.370153e+14  8.012623e+15 
 1.741742e+02  2.710829e+08  5.520470e+08  9.439361e+08  1.735059e+09  2.875418e+09  4.845377e+09  5.361115e+09  8.511712e+09  1.153696e+10  1.552649e+10  2.123996e+10  3.033132e+10  4.370542e+10  6.676270e+10  1.020895e+11  2.271536e+11  7.319181e+12  3.367916e+14  8.007834e+15 
 1.744745e+02  2.709526e+08  5.517814e+08  9.434814e+08  1.734222e+09  2.874030e+09  4.843034e+09  5.358512e+09  8.507570e+09  1.153132e+10  1.551890e+10  2.122957e+10  3.031646e+10  4.368397e+10  6.672991e+10  1.020391e+11  2.270352e+11  7.314069e+12  3.365681e+14  8.003048e+15 
 1.747748e+02  2.708223e+08  5.515155e+08  9.430263e+08  1.733384e+09  2.872640e+09  4.840689e+09  5.355907e+09  8.503423e+09  1.152569e+10  1.551131e+10  2.121916e+10  3.030158e+10  4.366251e+10  6.669708e+10  1.019887e+11  2.269167e+11  7.308959e+12  3.363447e+14  7.998265e+15 
 1.750751e+02  2.706918e+08  5.512493e+08  9.425706e+08  1.732545e+09  2.871249e+09  4.838342e+09  5.353299e+09  8.499273e+09  1.152004e+10  1.550370e+10  2.120875e+10  3.028669e+10  4.364102e+10  6.666422e+10  1.019382e+11  2.267981e+11  7.303852e+12  3.361215e+14  7.993484e+15 
 1.753754e+02  2.705612e+08  5.509828e+08  9.421145e+08  1.731705e+09  2.869856e+09  4.835992e+09  5.350689e+09  8.495119e+09  1.151440e+10  1.549609e+10  2.119832e+10  3.027178e+10  4.361951e+10  6.663132e+10  1.018877e+11  2.266794e+11  7.298748e+12  3.358984e+14  7.988706e+15 
 1.756757e+02  2.704304e+08  5.507161e+08  9.416580e+08  1.730865e+09  2.868462e+09  4.833640e+09  5.348076e+09  8.490960e+09  1.150874e+10  1.548847e+10  2.118789e+10  3.025685e+10  4.359799e+10  6.659840e+10  1.018372e+11  2.265607e+11  7.293647e+12  3.356755e+14  7.983932e+15 
 1.759760e+02  2.702995e+08  5.504491e+08  9.412010e+08  1.730023e+09  2.867067e+09  4.831285e+09  5.345461e+09  8.486798e+09  1.150308e+10  1.548085e+10  2.117744e+10  3.024192e+10  4.357644e+10  6.656544e+10  1.017866e+11  2.264418e+11  7.288549e+12  3.354527e+14  7.979160e+15 
 1.762763e+02  2.701685e+08  5.501819e+08  9.407435e+08  1.729181e+09  2.865670e+09  4.828929e+09  5.342843e+09  8.482632e+09  1.149742e+10  1.547322e+10  2.116699e+10  3.022697e+10  4.355487e+10  6.653245e+10  1.017359e+11  2.263229e+11  7.283453e+12  3.352301e+14  7.974391e+15 
 1.765766e+02  2.700374e+08  5.499144e+08  9.402856e+08  1.728338e+09  2.864272e+09  4.826570e+09  5.340222e+09  8.478462e+09  1.149175e+10  1.546558e+10  2.115652e+10  3.021200e+10  4.353328e+10  6.649943e+10  1.016852e+11  2.262038e+11  7.278360e+12  3.350076e+14  7.969624e+15 
 1.768769e+02  2.699061e+08  5.496467e+08  9.398273e+08  1.727494e+09  2.862873e+09  4.824209e+09  5.337599e+09  8.474288e+09  1.148607e+10  1.545793e+10  2.114605e+10  3.019702e+10  4.351167e+10  6.646639e+10  1.016345e+11  2.260847e+11  7.273271e+12  3.347853e+14  7.964861e+15 
 1.771772e+02  2.697747e+08  5.493787e+08  9.393685e+08  1.726650e+09  2.861472e+09  4.821845e+09  5.334974e+09  8.470110e+09  1.148039e+10  1.545028e+10  2.113556e+10  3.018203e+10  4.349004e+10  6.643331e+10  1.015837e+11  2.259656e+11  7.268184e+12  3.345632e+14  7.960100e+15 
 1.774775e+02  2.696432e+08  5.491104e+08  9.389093e+08  1.725804e+09  2.860070e+09  4.819480e+09  5.332346e+09  8.465928e+09  1.147470e+10  1.544262e+10  2.112507e+10  3.016703e+10  4.346840e+10  6.640020e+10  1.015329e+11  2.258463e+11  7.263100e+12  3.343412e+14  7.955343e+15 
 1.777778e+02  2.695116e+08  5.488419e+08  9.384497e+08  1.724958e+09  2.858666e+09  4.817112e+09  5.329716e+09  8.461743e+09  1.146901e+10  1.543495e+10  2.111457e+10  3.015201e+10  4.344673e+10  6.636706e+10  1.014820e+11  2.257269e+11  7.258018e+12  3.341193e+14  7.950588e+15 
 1.780781e+02  2.693798e+08  5.485732e+08  9.379896e+08  1.724111e+09  2.857262e+09  4.814743e+09  5.327083e+09  8.457554e+09  1.146332e+10  1.542728e+10  2.110406e+10  3.013697e+10  4.342504e+10  6.633389e+10  1.014311e+11  2.256075e+11  7.252940e+12  3.338976e+14  7.945836e+15 
 1.783784e+02  2.692479e+08  5.483042e+08  9.375292e+08  1.723264e+09  2.855856e+09  4.812371e+09  5.324449e+09  8.453362e+09  1.145762e+10  1.541959e+10  2.109354e+10  3.012193e+10  4.340334e+10  6.630070e+10  1.013801e+11  2.254880e+11  7.247865e+12  3.336760e+14  7.941086e+15 
 1.786787e+02  2.691159e+08  5.480349e+08  9.370683e+08  1.722415e+09  2.854449e+09  4.809997e+09  5.321811e+09  8.449165e+09  1.145191e+10  1.541191e+10  2.108301e+10  3.010687e+10  4.338161e+10  6.626747e+10  1.013291e+11  2.253684e+11  7.242792e+12  3.334546e+14  7.936340e+15 
 1.789790e+02  2.689838e+08  5.477655e+08  9.366070e+08  1.721566e+09  2.853040e+09  4.807621e+09  5.319172e+09  8.444966e+09  1.144620e+10  1.540421e+10  2.107247e+10  3.009180e+10  4.335987e+10  6.623422e+10  1.012780e+11  2.252488e+11  7.237723e+12  3.332334e+14  7.931596e+15 
 1.792793e+02  2.688516e+08  5.474958e+08  9.361453e+08  1.720716e+09  2.851631e+09  4.805243e+09  5.316530e+09  8.440762e+09  1.144048e+10  1.539651e+10  2.106192e+10  3.007671e+10  4.333811e+10  6.620094e+10  1.012270e+11  2.251291e+11  7.232656e+12  3.330123e+14  7.926856e+15 
 1.795796e+02  2.687193e+08  5.472258e+08  9.356832e+08  1.719866e+09  2.850220e+09  4.802863e+09  5.313886e+09  8.436555e+09  1.143476e+10  1.538880e+10  2.105136e+10  3.006162e+10  4.331633e+10  6.616763e+10  1.011758e+11  2.250093e+11  7.227592e+12  3.327913e+14  7.922118e+15 
 1.798799e+02  2.685868e+08  5.469557e+08  9.352207e+08  1.719014e+09  2.848808e+09  4.800481e+09  5.311240e+09  8.432345e+09  1.142904e+10  1.538109e+10  2.104080e+10  3.004651e+10  4.329454e+10  6.613430e+10  1.011246e+11  2.248894e+11  7.222532e+12  3.325705e+14  7.917382e+15 
 1.801802e+02  2.684542e+08  5.466853e+08  9.347578e+08  1.718162e+09  2.847394e+09  4.798097e+09  5.308592e+09  8.428131e+09  1.142331e+10  1.537337e+10  2.103022e+10  3.003139e+10  4.327272e+10  6.610094e+10  1.010734e+11  2.247695e+11  7.217474e+12  3.323499e+14  7.912650e+15 
 1.804805e+02  2.683215e+08  5.464147e+08  9.342946e+08  1.717309e+09  2.845980e+09  4.795711e+09  5.305942e+09  8.423914e+09  1.141757e+10  1.536564e+10  2.101964e+10  3.001626e+10  4.325089e+10  6.606755e+10  1.010222e+11  2.246494e+11  7.212419e+12  3.321294e+14  7.907921e+15 
 1.807808e+02  2.681888e+08  5.461438e+08  9.338309e+08  1.716456e+09  2.844564e+09  4.793323e+09  5.303289e+09  8.419694e+09  1.141183e+10  1.535791e+10  2.100905e+10  3.000111e+10  4.322904e+10  6.603413e+10  1.009709e+11  2.245294e+11  7.207367e+12  3.319090e+14  7.903194e+15 
 1.810811e+02  2.680559e+08  5.458728e+08  9.333669e+08  1.715602e+09  2.843148e+09  4.790933e+09  5.300634e+09  8.415470e+09  1.140609e+10  1.535017e+10  2.099845e+10  2.998595e+10  4.320718e+10  6.600069e+10  1.009195e+11  2.244092e+11  7.202318e+12  3.316889e+14  7.898470e+15 
 1.813814e+02  2.679229e+08  5.456015e+08  9.329025e+08  1.714747e+09  2.841730e+09  4.788542e+09  5.297977e+09  8.411243e+09  1.140034e+10  1.534243e+10  2.098784e+10  2.997079e+10  4.318530e+10  6.596722e+10  1.008681e+11  2.242890e+11  7.197272e+12  3.314688e+14  7.893749e+15 
 1.816817e+02  2.677897e+08  5.453300e+08  9.324377e+08  1.713891e+09  2.840311e+09  4.786148e+09  5.295318e+09  8.407013e+09  1.139459e+10  1.533468e+10  2.097723e+10  2.995560e+10  4.316340e+10  6.593373e+10  1.008167e+11  2.241687e+11  7.192229e+12  3.312489e+14  7.889031e+15 
 1.819820e+02  2.676565e+08  5.450583e+08  9.319726e+08  1.713035e+09  2.838891e+09  4.783753e+09  5.292658e+09  8.402779e+09  1.138883e+10  1.532692e+10  2.096660e+10  2.994041e+10  4.314148e+10  6.590021e+10  1.007653e+11  2.240484e+11  7.187189e+12  3.310292e+14  7.884316e+15 
 1.822823e+02  2.675232e+08  5.447864e+08  9.315071e+08  1.712178e+09  2.837469e+09  4.781355e+09  5.289995e+09  8.398543e+09  1.138307e+10  1.531916e+10  2.095597e+10  2.992521e+10  4.311955e+10  6.586667e+10  1.007138e+11  2.239279e+11  7.182151e+12  3.308096e+14  7.879603e+15 
 1.825826e+02  2.673898e+08  5.445142e+08  9.310412e+08  1.711321e+09  2.836047e+09  4.778956e+09  5.287330e+09  8.394303e+09  1.137730e+10  1.531139e+10  2.094533e+10  2.991000e+10  4.309760e+10  6.583311e+10  1.006622e+11  2.238075e+11  7.177117e+12  3.305902e+14  7.874893e+15 
 1.828829e+02  2.672563e+08  5.442419e+08  9.305750e+08  1.710463e+09  2.834624e+09  4.776556e+09  5.284663e+09  8.390060e+09  1.137153e+10  1.530362e+10  2.093468e+10  2.989477e+10  4.307564e+10  6.579951e+10  1.006107e+11  2.236869e+11  7.172086e+12  3.303709e+14  7.870186e+15 
 1.831832e+02  2.671226e+08  5.439694e+08  9.301084e+08  1.709604e+09  2.833199e+09  4.774153e+09  5.281994e+09  8.385814e+09  1.136576e+10  1.529584e+10  2.092403e+10  2.987954e+10  4.305366e+10  6.576590e+10  1.005591e+11  2.235663e+11  7.167058e+12  3.301517e+14  7.865482e+15 
 1.834835e+02  2.669889e+08  5.436966e+08  9.296415e+08  1.708745e+09  2.831774e+09  4.771749e+09  5.279323e+09  8.381566e+09  1.135998e+10  1.528805e+10  2.091337e+10  2.986429e+10  4.303167e+10  6.573226e+10  1.005074e+11  2.234457e+11  7.162033e+12  3.299327e+14  7.860781e+15 
 1.837838e+02  2.668551e+08  5.434237e+08  9.291743e+08  1.707885e+09  2.830347e+09  4.769343e+09  5.276651e+09  8.377314e+09  1.135420e+10  1.528026e+10  2.090270e+10  2.984903e+10  4.300966e+10  6.569860e+10  1.004558e+11  2.233250e+11  7.157011e+12  3.297139e+14  7.856082e+15 
 1.840841e+02  2.667212e+08  5.431506e+08  9.287067e+08  1.707024e+09  2.828920e+09  4.766935e+09  5.273976e+09  8.373059e+09  1.134841e+10  1.527247e+10  2.089202e+10  2.983377e+10  4.298763e+10  6.566492e+10  1.004040e+11  2.232042e+11  7.151992e+12  3.294952e+14  7.851386e+15 
 1.843844e+02  2.665872e+08  5.428773e+08  9.282388e+08  1.706163e+09  2.827491e+09  4.764526e+09  5.271300e+09  8.368802e+09  1.134262e+10  1.526467e+10  2.088134e+10  2.981849e+10  4.296560e+10  6.563121e+10  1.003523e+11  2.230833e+11  7.146976e+12  3.292767e+14  7.846693e+15 
 1.846847e+02  2.664531e+08  5.426038e+08  9.277706e+08  1.705301e+09  2.826062e+09  4.762115e+09  5.268622e+09  8.364541e+09  1.133683e+10  1.525686e+10  2.087065e+10  2.980320e+10  4.294354e+10  6.559748e+10  1.003005e+11  2.229625e+11  7.141963e+12  3.290583e+14  7.842003e+15 
 1.849850e+02  2.663189e+08  5.423301e+08  9.273021e+08  1.704439e+09  2.824631e+09  4.759703e+09  5.265942e+09  8.360278e+09  1.133103e+10  1.524905e+10  2.085995e+10  2.978790e+10  4.292147e+10  6.556373e+10  1.002487e+11  2.228415e+11  7.136953e+12  3.288401e+14  7.837315e+15 
 1.852853e+02  2.661846e+08  5.420562e+08  9.268332e+08  1.703576e+09  2.823200e+09  4.757288e+09  5.263260e+09  8.356012e+09  1.132523e+10  1.524123e+10  2.084924e+10  2.977260e+10  4.289939e+10  6.552996e+10  1.001969e+11  2.227205e+11  7.131946e+12  3.286220e+14  7.832631e+15 
 1.855856e+02  2.660502e+08  5.417821e+08  9.263640e+08  1.702712e+09  2.821767e+09  4.754873e+09  5.260577e+09  8.351743e+09  1.131942e+10  1.523341e+10  2.083853e+10  2.975728e+10  4.287730e+10  6.549617e+10  1.001450e+11  2.225995e+11  7.126943e+12  3.284041e+14  7.827949e+15 
 1.858859e+02  2.659158e+08  5.415079e+08  9.258945e+08  1.701848e+09  2.820334e+09  4.752455e+09  5.257892e+09  8.347472e+09  1.131362e+10  1.522558e+10  2.082781e+10  2.974195e+10  4.285519e+10  6.546235e+10  1.000931e+11  2.224783e+11  7.121942e+12  3.281863e+14  7.823270e+15 
 1.861862e+02  2.657812e+08  5.412335e+08  9.254247e+08  1.700984e+09  2.818900e+09  4.750037e+09  5.255205e+09  8.343198e+09  1.130780e+10  1.521775e+10  2.081709e+10  2.972661e+10  4.283306e+10  6.542852e+10  1.000411e+11  2.223572e+11  7.116944e+12  3.279687e+14  7.818593e+15 
 1.864865e+02  2.656466e+08  5.409589e+08  9.249546e+08  1.700119e+09  2.817464e+09  4.747616e+09  5.252516e+09  8.338921e+09  1.130199e+10  1.520992e+10  2.080636e+10  2.971127e+10  4.281093e+10  6.539466e+10  9.998917e+10  2.222360e+11  7.111950e+12  3.277512e+14  7.813920e+15 
 1.867868e+02  2.655118e+08  5.406841e+08  9.244842e+08  1.699253e+09  2.816028e+09  4.745194e+09  5.249826e+09  8.334642e+09  1.129617e+10  1.520208e+10  2.079562e+10  2.969591e+10  4.278878e+10  6.536078e+10  9.993717e+10  2.221147e+11  7.106958e+12  3.275339e+14  7.809249e+15 
 1.870871e+02  2.653770e+08  5.404092e+08  9.240136e+08  1.698387e+09  2.814591e+09  4.742771e+09  5.247134e+09  8.330360e+09  1.129034e+10  1.519423e+10  2.078488e+10  2.968055e+10  4.276661e+10  6.532689e+10  9.988513e+10  2.219934e+11  7.101970e+12  3.273167e+14  7.804581e+15 
 1.873874e+02  2.652421e+08  5.401341e+08  9.235426e+08  1.697520e+09  2.813153e+09  4.740346e+09  5.244441e+09  8.326076e+09  1.128452e+10  1.518638e+10  2.077412e+10  2.966518e+10  4.274444e+10  6.529297e+10  9.983307e+10  2.218721e+11  7.096985e+12  3.270997e+14  7.799916e+15 
 1.876877e+02  2.651072e+08  5.398588e+08  9.230713e+08  1.696653e+09  2.811715e+09  4.737920e+09  5.241746e+09  8.321789e+09  1.127869e+10  1.517853e+10  2.076337e+10  2.964980e+10  4.272225e+10  6.525904e+10  9.978098e+10  2.217507e+11  7.092003e+12  3.268828e+14  7.795253e+15 
 1.879880e+02  2.649721e+08  5.395834e+08  9.225998e+08  1.695785e+09  2.810275e+09  4.735493e+09  5.239050e+09  8.317500e+09  1.127285e+10  1.517067e+10  2.075261e+10  2.963441e+10  4.270005e+10  6.522509e+10  9.972886e+10  2.216292e+11  7.087024e+12  3.266661e+14  7.790594e+15 
 1.882883e+02  2.648370e+08  5.393078e+08  9.221280e+08  1.694917e+09  2.808835e+09  4.733064e+09  5.236352e+09  8.313209e+09  1.126702e+10  1.516280e+10  2.074184e+10  2.961901e+10  4.267784e+10  6.519112e+10  9.967672e+10  2.215078e+11  7.082048e+12  3.264495e+14  7.785937e+15 
 1.885886e+02  2.647018e+08  5.390320e+08  9.216560e+08  1.694048e+09  2.807394e+09  4.730633e+09  5.233652e+09  8.308915e+09  1.126118e+10  1.515494e+10  2.073106e+10  2.960360e+10  4.265561e+10  6.515713e+10  9.962454e+10  2.213862e+11  7.077075e+12  3.262331e+14  7.781282e+15 
 1.888889e+02  2.645665e+08  5.387561e+08  9.211836e+08  1.693179e+09  2.805952e+09  4.728202e+09  5.230951e+09  8.304619e+09  1.125534e+10  1.514706e+10  2.072028e+10  2.958819e+10  4.263338e+10  6.512312e+10  9.957234e+10  2.212647e+11  7.072106e+12  3.260168e+14  7.776631e+15 
 1.891892e+02  2.644312e+08  5.384801e+08  9.207110e+08  1.692309e+09  2.804509e+09  4.725769e+09  5.228249e+09  8.300321e+09  1.124949e+10  1.513919e+10  2.070950e+10  2.957277e+10  4.261113e+10  6.508909e+10  9.952011e+10  2.211430e+11  7.067139e+12  3.258007e+14  7.771982e+15 
 1.894895e+02  2.642957e+08  5.382039e+08  9.202382e+08  1.691439e+09  2.803065e+09  4.723335e+09  5.225545e+09  8.296020e+09  1.124364e+10  1.513131e+10  2.069871e+10  2.955733e+10  4.258887e+10  6.505505e+10  9.946786e+10  2.210214e+11  7.062176e+12  3.255847e+14  7.767336e+15 
 1.897898e+02  2.641602e+08  5.379275e+08  9.197651e+08  1.690568e+09  2.801621e+09  4.720899e+09  5.222840e+09  8.291717e+09  1.123779e+10  1.512342e+10  2.068791e+10  2.954190e+10  4.256660e+10  6.502099e+10  9.941558e+10  2.208997e+11  7.057216e+12  3.253689e+14  7.762693e+15 
 1.900901e+02  2.640247e+08  5.376511e+08  9.192917e+08  1.689697e+09  2.800176e+09  4.718463e+09  5.220133e+09  8.287412e+09  1.123194e+10  1.511554e+10  2.067711e+10  2.952645e+10  4.254432e+10  6.498692e+10  9.936327e+10  2.207780e+11  7.052259e+12  3.251532e+14  7.758053e+15 
 1.903904e+02  2.638890e+08  5.373744e+08  9.188181e+08  1.688826e+09  2.798730e+09  4.716025e+09  5.217425e+09  8.283105e+09  1.122608e+10  1.510764e+10  2.066630e+10  2.951100e+10  4.252203e+10  6.495282e+10  9.931094e+10  2.206562e+11  7.047306e+12  3.249377e+14  7.753415e+15 
 1.906907e+02  2.637533e+08  5.370976e+08  9.183443e+08  1.687954e+09  2.797284e+09  4.713585e+09  5.214716e+09  8.278796e+09  1.122022e+10  1.509975e+10  2.065549e+10  2.949554e+10  4.249972e+10  6.491872e+10  9.925859e+10  2.205344e+11  7.042355e+12  3.247223e+14  7.748780e+15 
 1.909910e+02  2.636175e+08  5.368207e+08  9.178703e+08  1.687081e+09  2.795836e+09  4.711145e+09  5.212006e+09  8.274485e+09  1.121435e+10  1.509185e+10  2.064467e+10  2.948007e+10  4.247741e+10  6.488459e+10  9.920621e+10  2.204126e+11  7.037408e+12  3.245071e+14  7.744148e+15 
 1.912913e+02  2.634817e+08  5.365437e+08  9.173960e+08  1.686208e+09  2.794388e+09  4.708704e+09  5.209294e+09  8.270172e+09  1.120849e+10  1.508395e+10  2.063385e+10  2.946459e+10  4.245509e+10  6.485045e+10  9.915381e+10  2.202907e+11  7.032464e+12  3.242920e+14  7.739518e+15 
 1.915916e+02  2.633458e+08  5.362665e+08  9.169214e+08  1.685335e+09  2.792940e+09  4.706261e+09  5.206581e+09  8.265857e+09  1.120262e+10  1.507604e+10  2.062302e+10  2.944911e+10  4.243276e+10  6.481630e+10  9.910139e+10  2.201688e+11  7.027523e+12  3.240771e+14  7.734892e+15 
 1.918919e+02  2.632098e+08  5.359892e+08  9.164467e+08  1.684462e+09  2.791490e+09  4.703817e+09  5.203866e+09  8.261540e+09  1.119675e+10  1.506813e+10  2.061219e+10  2.943362e+10  4.241041e+10  6.478213e+10  9.904894e+10  2.200468e+11  7.022585e+12  3.238623e+14  7.730268e+15 
 1.921922e+02  2.630737e+08  5.357118e+08  9.159717e+08  1.683588e+09  2.790041e+09  4.701372e+09  5.201151e+09  8.257221e+09  1.119088e+10  1.506022e+10  2.060135e+10  2.941813e+10  4.238806e+10  6.474795e+10  9.899647e+10  2.199249e+11  7.017651e+12  3.236477e+14  7.725647e+15 
 1.924925e+02  2.629376e+08  5.354342e+08  9.154966e+08  1.682713e+09  2.788590e+09  4.698927e+09  5.198434e+09  8.252900e+09  1.118500e+10  1.505230e+10  2.059051e+10  2.940263e+10  4.236570e+10  6.471375e+10  9.894398e+10  2.198029e+11  7.012719e+12  3.234332e+14  7.721028e+15 
 1.927928e+02  2.628015e+08  5.351566e+08  9.150212e+08  1.681838e+09  2.787139e+09  4.696480e+09  5.195717e+09  8.248578e+09  1.117912e+10  1.504438e+10  2.057967e+10  2.938712e+10  4.234333e+10  6.467954e+10  9.889147e+10  2.196808e+11  7.007791e+12  3.232189e+14  7.716412e+15 
 1.930931e+02  2.626653e+08  5.348788e+08  9.145456e+08  1.680963e+09  2.785687e+09  4.694032e+09  5.192998e+09  8.244254e+09  1.117324e+10  1.503646e+10  2.056882e+10  2.937161e+10  4.232095e+10  6.464531e+10  9.883894e+10  2.195588e+11  7.002867e+12  3.230047e+14  7.711799e+15 
 1.933934e+02  2.625290e+08  5.346009e+08  9.140698e+08  1.680088e+09  2.784234e+09  4.691583e+09  5.190278e+09  8.239928e+09  1.116736e+10  1.502853e+10  2.055796e+10  2.935609e+10  4.229857e+10  6.461107e+10  9.878639e+10  2.194367e+11  6.997945e+12  3.227907e+14  7.707189e+15 
 1.936937e+02  2.623927e+08  5.343228e+08  9.135939e+08  1.679212e+09  2.782781e+09  4.689133e+09  5.187557e+09  8.235600e+09  1.116147e+10  1.502060e+10  2.054710e+10  2.934056e+10  4.227617e+10  6.457682e+10  9.873382e+10  2.193146e+11  6.993027e+12  3.225768e+14  7.702581e+15 
 1.939940e+02  2.622563e+08  5.340447e+08  9.131177e+08  1.678336e+09  2.781328e+09  4.686682e+09  5.184834e+09  8.231271e+09  1.115558e+10  1.501267e+10  2.053624e+10  2.932503e+10  4.225377e+10  6.454256e+10  9.868123e+10  2.191925e+11  6.988112e+12  3.223631e+14  7.697976e+15 
 1.942943e+02  2.621198e+08  5.337665e+08  9.126414e+08  1.677459e+09  2.779874e+09  4.684230e+09  5.182111e+09  8.226940e+09  1.114969e+10  1.500473e+10  2.052537e+10  2.930949e+10  4.223135e+10  6.450828e+10  9.862863e+10  2.190703e+11  6.983200e+12  3.221495e+14  7.693374e+15 
 1.945946e+02  2.619834e+08  5.334881e+08  9.121648e+08  1.676582e+09  2.778419e+09  4.681777e+09  5.179387e+09  8.222607e+09  1.114380e+10  1.499679e+10  2.051450e+10  2.929395e+10  4.220893e+10  6.447399e+10  9.857600e+10  2.189481e+11  6.978292e+12  3.219361e+14  7.688775e+15 
 1.948949e+02  2.618468e+08  5.332096e+08  9.116881e+08  1.675705e+09  2.776964e+09  4.679324e+09  5.176662e+09  8.218273e+09  1.113791e+10  1.498885e+10  2.050363e+10  2.927840e+10  4.218651e+10  6.443969e+10  9.852336e+10  2.188259e+11  6.973387e+12  3.217228e+14  7.684178e+15 
 1.951952e+02  2.617102e+08  5.329311e+08  9.112112e+08  1.674828e+09  2.775508e+09  4.676869e+09  5.173936e+09  8.213938e+09  1.113201e+10  1.498091e+10  2.049275e+10  2.926285e+10  4.216407e+10  6.440538e+10  9.847070e+10  2.187037e+11  6.968485e+12  3.215097e+14  7.679584e+15 
 1.954955e+02  2.615736e+08  5.326524e+08  9.107342e+08  1.673950e+09  2.774052e+09  4.674414e+09  5.171209e+09  8.209601e+09  1.112611e+10  1.497296e+10  2.048187e+10  2.924729e+10  4.214163e+10  6.437106e+10  9.841802e+10  2.185814e+11  6.963587e+12  3.212967e+14  7.674993e+15 
 1.957958e+02  2.614369e+08  5.323737e+08  9.102570e+08  1.673072e+09  2.772595e+09  4.671958e+09  5.168481e+09  8.205263e+09  1.112021e+10  1.496501e+10  2.047099e+10  2.923173e+10  4.211918e+10  6.433673e+10  9.836533e+10  2.184592e+11  6.958692e+12  3.210839e+14  7.670404e+15 
 1.960961e+02  2.613002e+08  5.320948e+08  9.097796e+08  1.672193e+09  2.771137e+09  4.669501e+09  5.165752e+09  8.200923e+09  1.111431e+10  1.495706e+10  2.046010e+10  2.921616e+10  4.209672e+10  6.430239e+10  9.831262e+10  2.183369e+11  6.953800e+12  3.208712e+14  7.665818e+15 
 1.963964e+02  2.611634e+08  5.318159e+08  9.093021e+08  1.671315e+09  2.769680e+09  4.667043e+09  5.163022e+09  8.196582e+09  1.110841e+10  1.494911e+10  2.044921e+10  2.920059e+10  4.207426e+10  6.426803e+10  9.825990e+10  2.182146e+11  6.948911e+12  3.206587e+14  7.661235e+15 
 1.966967e+02  2.610265e+08  5.315369e+08  9.088244e+08  1.670436e+09  2.768222e+09  4.664584e+09  5.160292e+09  8.192240e+09  1.110250e+10  1.494115e+10  2.043831e+10  2.918501e+10  4.205179e+10  6.423367e+10  9.820716e+10  2.180923e+11  6.944026e+12  3.204463e+14  7.656655e+15 
 1.969970e+02  2.608897e+08  5.312578e+08  9.083466e+08  1.669556e+09  2.766763e+09  4.662125e+09  5.157561e+09  8.187896e+09  1.109660e+10  1.493319e+10  2.042742e+10  2.916943e+10  4.202932e+10  6.419930e+10  9.815441e+10  2.179700e+11  6.939144e+12  3.202341e+14  7.652077e+15 
 1.972973e+02  2.607528e+08  5.309786e+08  9.078686e+08  1.668677e+09  2.765304e+09  4.659665e+09  5.154829e+09  8.183551e+09  1.109069e+10  1.492523e+10  2.041652e+10  2.915384e+10  4.200683e+10  6.416492e+10  9.810164e+10  2.178476e+11  6.934266e+12  3.200220e+14  7.647502e+15 
 1.975976e+02  2.606158e+08  5.306993e+08  9.073905e+08  1.667797e+09  2.763844e+09  4.657204e+09  5.152096e+09  8.179205e+09  1.108478e+10  1.491727e+10  2.040561e+10  2.913825e+10  4.198435e+10  6.413053e+10  9.804886e+10  2.177252e+11  6.929391e+12  3.198101e+14  7.642930e+15 
 1.978979e+02  2.604788e+08  5.304200e+08  9.069122e+08  1.666917e+09  2.762384e+09  4.654743e+09  5.149362e+09  8.174858e+09  1.107887e+10  1.490931e+10  2.039471e+10  2.912266e+10  4.196185e+10  6.409613e+10  9.799607e+10  2.176029e+11  6.924519e+12  3.195983e+14  7.638360e+15 
 1.981982e+02  2.603418e+08  5.301405e+08  9.064339e+08  1.666037e+09  2.760924e+09  4.652281e+09  5.146628e+09  8.170510e+09  1.107295e+10  1.490134e+10  2.038380e+10  2.910706e+10  4.193936e+10  6.406172e+10  9.794327e+10  2.174805e+11  6.919650e+12  3.193867e+14  7.633793e+15 
 1.984985e+02  2.602047e+08  5.298610e+08  9.059554e+08  1.665157e+09  2.759464e+09  4.649818e+09  5.143893e+09  8.166161e+09  1.106704e+10  1.489337e+10  2.037289e+10  2.909146e+10  4.191685e+10  6.402731e+10  9.789045e+10  2.173581e+11  6.914785e+12  3.191752e+14  7.629229e+15 
 1.987988e+02  2.600677e+08  5.295815e+08  9.054768e+08  1.664276e+09  2.758003e+09  4.647355e+09  5.141158e+09  8.161811e+09  1.106112e+10  1.488540e+10  2.036197e+10  2.907586e+10  4.189434e+10  6.399288e+10  9.783763e+10  2.172357e+11  6.909924e+12  3.189639e+14  7.624667e+15 
 1.990991e+02  2.599305e+08  5.293018e+08  9.049980e+08  1.663395e+09  2.756541e+09  4.644891e+09  5.138421e+09  8.157459e+09  1.105521e+10  1.487743e+10  2.035106e+10  2.906025e+10  4.187183e+10  6.395845e+10  9.778479e+10  2.171133e+11  6.905065e+12  3.187527e+14  7.620108e+15 
 1.993994e+02  2.597934e+08  5.290221e+08  9.045192e+08  1.662514e+09  2.755080e+09  4.642427e+09  5.135685e+09  8.153107e+09  1.104929e+10  1.486946e+10  2.034014e+10  2.904464e+10  4.184931e+10  6.392402e+10  9.773194e+10  2.169909e+11  6.900211e+12  3.185417e+14  7.615552e+15 
 1.996997e+02  2.596562e+08  5.287423e+08  9.040402e+08  1.661633e+09  2.753617e+09  4.639962e+09  5.132947e+09  8.148754e+09  1.104337e+10  1.486148e+10  2.032922e+10  2.902902e+10  4.182679e+10  6.388957e+10  9.767908e+10  2.168685e+11  6.895359e+12  3.183308e+14  7.610998e+15 
 2.000000e+02  2.595189e+08  5.284625e+08  9.035612e+08  1.660751e+09  2.752155e+09  4.637497e+09  5.130209e+09  8.144400e+09  1.103745e+10  1.485350e+10  2.031830e+10  2.901341e+10  4.180426e+10  6.385512e+10  9.762622e+10  2.167460e+11  6.890511e+12  3.181200e+14  7.606447e+15 
 2.003003e+02  2.593817e+08  5.281826e+08  9.030820e+08  1.659870e+09  2.750693e+09  4.635031e+09  5.127471e+09  8.140045e+09  1.103152e+10  1.484553e+10  2.030737e+10  2.899779e+10  4.178173e+10  6.382067e+10  9.757334e+10  2.166236e+11  6.885666e+12  3.179095e+14  7.601899e+15 
 2.006006e+02  2.592444e+08  5.279027e+08  9.026028e+08  1.658988e+09  2.749230e+09  4.632564e+09  5.124732e+09  8.135690e+09  1.102560e+10  1.483755e+10  2.029645e+10  2.898216e+10  4.175920e+10  6.378621e+10  9.752046e+10  2.165012e+11  6.880825e+12  3.176990e+14  7.597354e+15 
 2.009009e+02  2.591071e+08  5.276227e+08  9.021234e+08  1.658106e+09  2.747766e+09  4.630098e+09  5.121992e+09  8.131333e+09  1.101968e+10  1.482956e+10  2.028552e+10  2.896654e+10  4.173666e+10  6.375174e+10  9.746757e+10  2.163787e+11  6.875987e+12  3.174887e+14  7.592811e+15 
 2.012012e+02  2.589698e+08  5.273426e+08  9.016440e+08  1.657224e+09  2.746303e+09  4.627630e+09  5.119252e+09  8.126976e+09  1.101375e+10  1.482158e+10  2.027459e+10  2.895091e+10  4.171412e+10  6.371727e+10  9.741467e+10  2.162563e+11  6.871153e+12  3.172786e+14  7.588271e+15 
 2.015015e+02  2.588324e+08  5.270626e+08  9.011645e+08  1.656341e+09  2.744839e+09  4.625163e+09  5.116512e+09  8.122618e+09  1.100783e+10  1.481360e+10  2.026366e+10  2.893528e+10  4.169158e+10  6.368279e+10  9.736176e+10  2.161338e+11  6.866322e+12  3.170686e+14  7.583733e+15 
 2.018018e+02  2.586950e+08  5.267824e+08  9.006849e+08  1.655459e+09  2.743375e+09  4.622695e+09  5.113771e+09  8.118260e+09  1.100190e+10  1.480561e+10  2.025272e+10  2.891965e+10  4.166903e+10  6.364831e+10  9.730885e+10  2.160114e+11  6.861495e+12  3.168588e+14  7.579198e+15 
 2.021021e+02  2.585576e+08  5.265022e+08  9.002053e+08  1.654576e+09  2.741911e+09  4.620226e+09  5.111030e+09  8.113901e+09  1.099597e+10  1.479763e+10  2.024179e+10  2.890402e+10  4.164648e+10  6.361383e+10  9.725593e+10  2.158890e+11  6.856671e+12  3.166491e+14  7.574666e+15 
 2.024024e+02  2.584202e+08  5.262220e+08  8.997256e+08  1.653694e+09  2.740447e+09  4.617757e+09  5.108289e+09  8.109542e+09  1.099005e+10  1.478964e+10  2.023085e+10  2.888838e+10  4.162393e+10  6.357934e+10  9.720300e+10  2.157665e+11  6.851850e+12  3.164395e+14  7.570137e+15 
 2.027027e+02  2.582828e+08  5.259417e+08  8.992458e+08  1.652811e+09  2.738983e+09  4.615288e+09  5.105547e+09  8.105182e+09  1.098412e+10  1.478166e+10  2.021992e+10  2.887274e+10  4.160137e+10  6.354485e+10  9.715007e+10  2.156441e+11  6.847033e+12  3.162301e+14  7.565610e+15 
 2.030030e+02  2.581453e+08  5.256615e+08  8.987659e+08  1.651928e+09  2.737518e+09  4.612819e+09  5.102805e+09  8.100821e+09  1.097819e+10  1.477367e+10  2.020898e+10  2.885711e+10  4.157882e+10  6.351035e+10  9.709714e+10  2.155217e+11  6.842220e+12  3.160209e+14  7.561086e+15 
 2.033033e+02  2.580078e+08  5.253811e+08  8.982860e+08  1.651045e+09  2.736053e+09  4.610349e+09  5.100062e+09  8.096460e+09  1.097226e+10  1.476568e+10  2.019804e+10  2.884147e+10  4.155626e+10  6.347585e+10  9.704420e+10  2.153993e+11  6.837410e+12  3.158118e+14  7.556564e+15 
 2.036036e+02  2.578704e+08  5.251008e+08  8.978061e+08  1.650162e+09  2.734588e+09  4.607879e+09  5.097319e+09  8.092099e+09  1.096633e+10  1.475769e+10  2.018710e+10  2.882582e+10  4.153370e+10  6.344135e+10  9.699126e+10  2.152768e+11  6.832603e+12  3.156029e+14  7.552045e+15 
 2.039039e+02  2.577328e+08  5.248204e+08  8.973261e+08  1.649279e+09  2.733123e+09  4.605409e+09  5.094577e+09  8.087737e+09  1.096040e+10  1.474970e+10  2.017616e+10  2.881018e+10  4.151113e+10  6.340685e+10  9.693831e+10  2.151544e+11  6.827800e+12  3.153941e+14  7.547529e+15 
 2.042042e+02  2.575953e+08  5.245400e+08  8.968460e+08  1.648395e+09  2.731658e+09  4.602939e+09  5.091833e+09  8.083375e+09  1.095446e+10  1.474171e+10  2.016522e+10  2.879454e+10  4.148857e+10  6.337234e+10  9.688537e+10  2.150320e+11  6.823001e+12  3.151854e+14  7.543015e+15 
 2.045045e+02  2.574578e+08  5.242595e+08  8.963660e+08  1.647512e+09  2.730192e+09  4.600468e+09  5.089090e+09  8.079013e+09  1.094853e+10  1.473372e+10  2.015428e+10  2.877890e+10  4.146601e+10  6.333784e+10  9.683242e+10  2.149097e+11  6.818205e+12  3.149769e+14  7.538504e+15 
 2.048048e+02  2.573203e+08  5.239791e+08  8.958859e+08  1.646629e+09  2.728727e+09  4.597998e+09  5.086347e+09  8.074650e+09  1.094260e+10  1.472572e+10  2.014334e+10  2.876325e+10  4.144344e+10  6.330333e+10  9.677947e+10  2.147873e+11  6.813413e+12  3.147686e+14  7.533996e+15 
 2.051051e+02  2.571827e+08  5.236986e+08  8.954057e+08  1.645745e+09  2.727261e+09  4.595527e+09  5.083603e+09  8.070287e+09  1.093667e+10  1.471773e+10  2.013239e+10  2.874761e+10  4.142087e+10  6.326882e+10  9.672651e+10  2.146649e+11  6.808624e+12  3.145603e+14  7.529491e+15 
 2.054054e+02  2.570452e+08  5.234181e+08  8.949256e+08  1.644862e+09  2.725796e+09  4.593056e+09  5.080859e+09  8.065924e+09  1.093074e+10  1.470974e+10  2.012145e+10  2.873196e+10  4.139831e+10  6.323431e+10  9.667356e+10  2.145426e+11  6.803838e+12  3.143523e+14  7.524988e+15 
 2.057057e+02  2.569076e+08  5.231376e+08  8.944454e+08  1.643978e+09  2.724330e+09  4.590585e+09  5.078115e+09  8.061561e+09  1.092480e+10  1.470175e+10  2.011051e+10  2.871631e+10  4.137574e+10  6.319980e+10  9.662061e+10  2.144202e+11  6.799056e+12  3.141444e+14  7.520487e+15 
 2.060060e+02  2.567700e+08  5.228571e+08  8.939652e+08  1.643095e+09  2.722864e+09  4.588114e+09  5.075372e+09  8.057198e+09  1.091887e+10  1.469376e+10  2.009956e+10  2.870067e+10  4.135317e+10  6.316529e+10  9.656766e+10  2.142979e+11  6.794278e+12  3.139366e+14  7.515989e+15 
 2.063063e+02  2.566325e+08  5.225766e+08  8.934850e+08  1.642211e+09  2.721399e+09  4.585643e+09  5.072628e+09  8.052835e+09  1.091294e+10  1.468576e+10  2.008862e+10  2.868502e+10  4.133061e+10  6.313078e+10  9.651470e+10  2.141756e+11  6.789503e+12  3.137290e+14  7.511494e+15 
 2.066066e+02  2.564949e+08  5.222961e+08  8.930048e+08  1.641328e+09  2.719933e+09  4.583171e+09  5.069884e+09  8.048471e+09  1.090701e+10  1.467777e+10  2.007768e+10  2.866938e+10  4.130804e+10  6.309627e+10  9.646175e+10  2.140533e+11  6.784732e+12  3.135216e+14  7.507002e+15 
 2.069069e+02  2.563573e+08  5.220155e+08  8.925245e+08  1.640444e+09  2.718467e+09  4.580700e+09  5.067140e+09  8.044108e+09  1.090107e+10  1.466978e+10  2.006673e+10  2.865373e+10  4.128547e+10  6.306176e+10  9.640880e+10  2.139310e+11  6.779965e+12  3.133142e+14  7.502512e+15 
 2.072072e+02  2.562198e+08  5.217350e+08  8.920443e+08  1.639560e+09  2.717002e+09  4.578229e+09  5.064396e+09  8.039745e+09  1.089514e+10  1.466179e+10  2.005579e+10  2.863809e+10  4.126291e+10  6.302725e+10  9.635586e+10  2.138088e+11  6.775201e+12  3.131071e+14  7.498025e+15 
 2.075075e+02  2.560822e+08  5.214545e+08  8.915641e+08  1.638677e+09  2.715536e+09  4.575758e+09  5.061652e+09  8.035382e+09  1.088921e+10  1.465380e+10  2.004485e+10  2.862244e+10  4.124034e+10  6.299274e+10  9.630291e+10  2.136866e+11  6.770440e+12  3.129001e+14  7.493540e+15 
 2.078078e+02  2.559446e+08  5.211740e+08  8.910839e+08  1.637793e+09  2.714070e+09  4.573287e+09  5.058908e+09  8.031019e+09  1.088328e+10  1.464581e+10  2.003391e+10  2.860680e+10  4.121778e+10  6.295824e+10  9.624997e+10  2.135643e+11  6.765684e+12  3.126932e+14  7.489058e+15 
 2.081081e+02  2.558070e+08  5.208935e+08  8.906037e+08  1.636910e+09  2.712605e+09  4.570816e+09  5.056165e+09  8.026656e+09  1.087735e+10  1.463782e+10  2.002297e+10  2.859115e+10  4.119522e+10  6.292374e+10  9.619703e+10  2.134422e+11  6.760931e+12  3.124865e+14  7.484579e+15 
 2.084084e+02  2.556695e+08  5.206130e+08  8.901236e+08  1.636026e+09  2.711139e+09  4.568345e+09  5.053421e+09  8.022293e+09  1.087142e+10  1.462982e+10  2.001203e+10  2.857551e+10  4.117266e+10  6.288924e+10  9.614410e+10  2.133200e+11  6.756181e+12  3.122799e+14  7.480102e+15 
 2.087087e+02  2.555319e+08  5.203325e+08  8.896434e+08  1.635143e+09  2.709674e+09  4.565874e+09  5.050678e+09  8.017931e+09  1.086549e+10  1.462184e+10  2.000109e+10  2.855987e+10  4.115010e+10  6.285474e+10  9.609117e+10  2.131978e+11  6.751435e+12  3.120735e+14  7.475628e+15 
 2.090090e+02  2.553944e+08  5.200520e+08  8.891633e+08  1.634259e+09  2.708208e+09  4.563403e+09  5.047935e+09  8.013569e+09  1.085955e+10  1.461385e+10  1.999015e+10  2.854423e+10  4.112754e+10  6.282025e+10  9.603825e+10  2.130757e+11  6.746693e+12  3.118672e+14  7.471157e+15 
 2.093093e+02  2.552568e+08  5.197716e+08  8.886832e+08  1.633376e+09  2.706743e+09  4.560933e+09  5.045192e+09  8.009207e+09  1.085362e+10  1.460586e+10  1.997921e+10  2.852859e+10  4.110499e+10  6.278576e+10  9.598533e+10  2.129536e+11  6.741954e+12  3.116611e+14  7.466688e+15 
 2.096096e+02  2.551193e+08  5.194911e+08  8.882032e+08  1.632493e+09  2.705278e+09  4.558462e+09  5.042449e+09  8.004846e+09  1.084770e+10  1.459787e+10  1.996827e+10  2.851296e+10  4.108243e+10  6.275127e+10  9.593242e+10  2.128316e+11  6.737219e+12  3.114551e+14  7.462222e+15 
 2.099099e+02  2.549818e+08  5.192107e+08  8.877232e+08  1.631610e+09  2.703813e+09  4.555992e+09  5.039707e+09  8.000485e+09  1.084177e+10  1.458988e+10  1.995734e+10  2.849732e+10  4.105988e+10  6.271679e+10  9.587951e+10  2.127095e+11  6.732488e+12  3.112492e+14  7.457758e+15 
 2.102102e+02  2.548443e+08  5.189303e+08  8.872432e+08  1.630726e+09  2.702348e+09  4.553522e+09  5.036965e+09  7.996125e+09  1.083584e+10  1.458190e+10  1.994640e+10  2.848169e+10  4.103734e+10  6.268231e+10  9.582661e+10  2.125875e+11  6.727760e+12  3.110436e+14  7.453297e+15 
 2.105105e+02  2.547068e+08  5.186500e+08  8.867633e+08  1.629843e+09  2.700883e+09  4.551053e+09  5.034223e+09  7.991765e+09  1.082991e+10  1.457391e+10  1.993547e+10  2.846606e+10  4.101479e+10  6.264783e+10  9.577372e+10  2.124655e+11  6.723036e+12  3.108380e+14  7.448838e+15 
 2.108108e+02  2.545693e+08  5.183697e+08  8.862835e+08  1.628961e+09  2.699419e+09  4.548584e+09  5.031481e+09  7.987405e+09  1.082399e+10  1.456593e+10  1.992454e+10  2.845043e+10  4.099225e+10  6.261336e+10  9.572084e+10  2.123436e+11  6.718316e+12  3.106326e+14  7.444383e+15 
 2.111111e+02  2.544318e+08  5.180894e+08  8.858037e+08  1.628078e+09  2.697954e+09  4.546115e+09  5.028740e+09  7.983046e+09  1.081806e+10  1.455795e+10  1.991361e+10  2.843481e+10  4.096971e+10  6.257890e+10  9.566796e+10  2.122217e+11  6.713599e+12  3.104274e+14  7.439929e+15 
 2.114114e+02  2.542944e+08  5.178091e+08  8.853240e+08  1.627195e+09  2.696490e+09  4.543646e+09  5.025999e+09  7.978688e+09  1.081214e+10  1.454997e+10  1.990268e+10  2.841918e+10  4.094718e+10  6.254444e+10  9.561510e+10  2.120998e+11  6.708886e+12  3.102223e+14  7.435479e+15 
 2.117117e+02  2.541569e+08  5.175289e+08  8.848443e+08  1.626312e+09  2.695026e+09  4.541177e+09  5.023259e+09  7.974331e+09  1.080621e+10  1.454199e+10  1.989175e+10  2.840356e+10  4.092465e+10  6.250999e+10  9.556224e+10  2.119779e+11  6.704177e+12  3.100174e+14  7.431031e+15 
 2.120120e+02  2.540195e+08  5.172487e+08  8.843647e+08  1.625430e+09  2.693563e+09  4.538709e+09  5.020519e+09  7.969974e+09  1.080029e+10  1.453401e+10  1.988083e+10  2.838794e+10  4.090212e+10  6.247554e+10  9.550939e+10  2.118561e+11  6.699471e+12  3.098126e+14  7.426585e+15 
 2.123123e+02  2.538821e+08  5.169686e+08  8.838852e+08  1.624548e+09  2.692099e+09  4.536242e+09  5.017779e+09  7.965617e+09  1.079437e+10  1.452603e+10  1.986991e+10  2.837233e+10  4.087960e+10  6.244110e+10  9.545656e+10  2.117344e+11  6.694769e+12  3.096079e+14  7.422142e+15 
 2.126126e+02  2.537448e+08  5.166885e+08  8.834057e+08  1.623665e+09  2.690636e+09  4.533775e+09  5.015040e+09  7.961262e+09  1.078845e+10  1.451806e+10  1.985898e+10  2.835671e+10  4.085708e+10  6.240667e+10  9.540373e+10  2.116126e+11  6.690071e+12  3.094034e+14  7.417702e+15 
 2.129129e+02  2.536074e+08  5.164085e+08  8.829264e+08  1.622783e+09  2.689173e+09  4.531308e+09  5.012302e+09  7.956907e+09  1.078253e+10  1.451008e+10  1.984807e+10  2.834110e+10  4.083457e+10  6.237224e+10  9.535092e+10  2.114909e+11  6.685377e+12  3.091991e+14  7.413265e+15 
 2.132132e+02  2.534701e+08  5.161285e+08  8.824471e+08  1.621902e+09  2.687710e+09  4.528842e+09  5.009564e+09  7.952553e+09  1.077661e+10  1.450211e+10  1.983715e+10  2.832550e+10  4.081206e+10  6.233782e+10  9.529811e+10  2.113692e+11  6.680686e+12  3.089949e+14  7.408829e+15 
 2.135135e+02  2.533328e+08  5.158485e+08  8.819680e+08  1.621020e+09  2.686248e+09  4.526376e+09  5.006827e+09  7.948200e+09  1.077069e+10  1.449414e+10  1.982624e+10  2.830990e+10  4.078956e+10  6.230341e+10  9.524532e+10  2.112476e+11  6.675999e+12  3.087908e+14  7.404397e+15 
 2.138138e+02  2.531956e+08  5.155687e+08  8.814889e+08  1.620138e+09  2.684786e+09  4.523910e+09  5.004090e+09  7.943848e+09  1.076478e+10  1.448617e+10  1.981533e+10  2.829430e+10  4.076706e+10  6.226901e+10  9.519255e+10  2.111260e+11  6.671316e+12  3.085869e+14  7.399967e+15 
 2.141141e+02  2.530583e+08  5.152888e+08  8.810099e+08  1.619257e+09  2.683324e+09  4.521446e+09  5.001354e+09  7.939497e+09  1.075886e+10  1.447820e+10  1.980442e+10  2.827870e+10  4.074457e+10  6.223461e+10  9.513978e+10  2.110045e+11  6.666636e+12  3.083831e+14  7.395540e+15 
 2.144144e+02  2.529212e+08  5.150092e+08  8.805315e+08  1.618376e+09  2.681864e+09  4.518983e+09  4.998621e+09  7.935150e+09  1.075296e+10  1.447025e+10  1.979352e+10  2.826313e+10  4.072211e+10  6.220028e+10  9.508713e+10  2.108833e+11  6.661980e+12  3.081800e+14  7.391118e+15 
 2.147147e+02  2.527841e+08  5.147297e+08  8.800533e+08  1.617496e+09  2.680405e+09  4.516521e+09  4.995889e+09  7.930804e+09  1.074705e+10  1.446230e+10  1.978264e+10  2.824757e+10  4.069967e+10  6.216597e+10  9.503450e+10  2.107622e+11  6.657330e+12  3.079771e+14  7.386699e+15 
 2.150150e+02  2.526471e+08  5.144503e+08  8.795752e+08  1.616616e+09  2.678946e+09  4.514059e+09  4.993158e+09  7.926460e+09  1.074115e+10  1.445435e+10  1.977176e+10  2.823201e+10  4.067723e+10  6.213167e+10  9.498189e+10  2.106412e+11  6.652683e+12  3.077744e+14  7.382282e+15 
 2.153153e+02  2.525101e+08  5.141709e+08  8.790972e+08  1.615737e+09  2.677488e+09  4.511599e+09  4.990428e+09  7.922117e+09  1.073525e+10  1.444641e+10  1.976088e+10  2.821646e+10  4.065480e+10  6.209738e+10  9.492929e+10  2.105202e+11  6.648040e+12  3.075717e+14  7.377868e+15 
 2.156156e+02  2.523731e+08  5.138916e+08  8.786194e+08  1.614857e+09  2.676029e+09  4.509139e+09  4.987698e+09  7.917775e+09  1.072936e+10  1.443847e+10  1.975000e+10  2.820091e+10  4.063237e+10  6.206309e+10  9.487671e+10  2.103992e+11  6.643401e+12  3.073693e+14  7.373457e+15 
 2.159159e+02  2.522362e+08  5.136124e+08  8.781416e+08  1.613978e+09  2.674572e+09  4.506680e+09  4.984969e+09  7.913434e+09  1.072346e+10  1.443053e+10  1.973912e+10  2.818537e+10  4.060996e+10  6.202882e+10  9.482415e+10  2.102783e+11  6.638764e+12  3.071669e+14  7.369049e+15 
 2.162162e+02  2.520993e+08  5.133333e+08  8.776640e+08  1.613099e+09  2.673114e+09  4.504221e+09  4.982241e+09  7.909094e+09  1.071757e+10  1.442259e+10  1.972825e+10  2.816983e+10  4.058754e+10  6.199456e+10  9.477160e+10  2.101574e+11  6.634131e+12  3.069647e+14  7.364643e+15 
 2.165165e+02  2.519624e+08  5.130542e+08  8.771866e+08  1.612220e+09  2.671658e+09  4.501763e+09  4.979514e+09  7.904756e+09  1.071167e+10  1.441465e+10  1.971739e+10  2.815429e+10  4.056514e+10  6.196030e+10  9.471906e+10  2.100366e+11  6.629501e+12  3.067627e+14  7.360240e+15 
 2.168168e+02  2.518256e+08  5.127753e+08  8.767092e+08  1.611342e+09  2.670201e+09  4.499306e+09  4.976788e+09  7.900419e+09  1.070578e+10  1.440672e+10  1.970652e+10  2.813876e+10  4.054274e+10  6.192606e+10  9.466654e+10  2.099158e+11  6.624875e+12  3.065608e+14  7.355839e+15 
 2.171171e+02  2.516888e+08  5.124964e+08  8.762320e+08  1.610463e+09  2.668745e+09  4.496849e+09  4.974062e+09  7.896083e+09  1.069989e+10  1.439879e+10  1.969566e+10  2.812323e+10  4.052034e+10  6.189182e+10  9.461403e+10  2.097950e+11  6.620251e+12  3.063590e+14  7.351441e+15 
 2.174174e+02  2.515521e+08  5.122175e+08  8.757550e+08  1.609585e+09  2.667289e+09  4.494393e+09  4.971337e+09  7.891749e+09  1.069401e+10  1.439086e+10  1.968480e+10  2.810771e+10  4.049796e+10  6.185760e+10  9.456154e+10  2.096743e+11  6.615631e+12  3.061573e+14  7.347045e+15 
 2.177177e+02  2.514153e+08  5.119388e+08  8.752780e+08  1.608707e+09  2.665834e+09  4.491938e+09  4.968613e+09  7.887416e+09  1.068812e+10  1.438293e+10  1.967394e+10  2.809219e+10  4.047558e+10  6.182338e+10  9.450907e+10  2.095537e+11  6.611015e+12  3.059558e+14  7.342652e+15 
 2.180180e+02  2.512787e+08  5.116601e+08  8.748012e+08  1.607830e+09  2.664379e+09  4.489484e+09  4.965890e+09  7.883084e+09  1.068224e+10  1.437500e+10  1.966309e+10  2.807668e+10  4.045320e+10  6.178918e+10  9.445660e+10  2.094330e+11  6.606402e+12  3.057545e+14  7.338262e+15 
 2.183183e+02  2.511420e+08  5.113815e+08  8.743245e+08  1.606953e+09  2.662924e+09  4.487030e+09  4.963167e+09  7.878753e+09  1.067635e+10  1.436708e+10  1.965224e+10  2.806117e+10  4.043084e+10  6.175498e+10  9.440416e+10  2.093125e+11  6.601792e+12  3.055533e+14  7.333874e+15 
 2.186186e+02  2.510054e+08  5.111030e+08  8.738479e+08  1.606076e+09  2.661470e+09  4.484577e+09  4.960445e+09  7.874423e+09  1.067047e+10  1.435916e+10  1.964140e+10  2.804566e+10  4.040848e+10  6.172080e+10  9.435173e+10  2.091919e+11  6.597185e+12  3.053522e+14  7.329489e+15 
 2.189189e+02  2.508689e+08  5.108246e+08  8.733715e+08  1.605199e+09  2.660016e+09  4.482125e+09  4.957724e+09  7.870095e+09  1.066459e+10  1.435124e+10  1.963055e+10  2.803016e+10  4.038612e+10  6.168662e+10  9.429931e+10  2.090714e+11  6.592582e+12  3.051512e+14  7.325107e+15 
 2.192192e+02  2.507324e+08  5.105462e+08  8.728952e+08  1.604322e+09  2.658563e+09  4.479673e+09  4.955004e+09  7.865768e+09  1.065872e+10  1.434333e+10  1.961971e+10  2.801467e+10  4.036377e+10  6.165245e+10  9.424692e+10  2.089510e+11  6.587982e+12  3.049504e+14  7.320727e+15 
 2.195195e+02  2.505959e+08  5.102679e+08  8.724191e+08  1.603446e+09  2.657110e+09  4.477222e+09  4.952284e+09  7.861443e+09  1.065284e+10  1.433541e+10  1.960888e+10  2.799918e+10  4.034143e+10  6.161830e+10  9.419453e+10  2.088306e+11  6.583385e+12  3.047497e+14  7.316350e+15 
 2.198198e+02  2.504594e+08  5.099897e+08  8.719430e+08  1.602570e+09  2.655658e+09  4.474772e+09  4.949565e+09  7.857118e+09  1.064697e+10  1.432750e+10  1.959804e+10  2.798369e+10  4.031910e+10  6.158415e+10  9.414216e+10  2.087102e+11  6.578792e+12  3.045492e+14  7.311975e+15 
 2.201201e+02  2.503230e+08  5.097116e+08  8.714672e+08  1.601694e+09  2.654206e+09  4.472322e+09  4.946847e+09  7.852795e+09  1.064109e+10  1.431959e+10  1.958721e+10  2.796821e+10  4.029677e+10  6.155002e+10  9.408981e+10  2.085899e+11  6.574201e+12  3.043488e+14  7.307603e+15 
 2.204204e+02  2.501867e+08  5.094336e+08  8.709914e+08  1.600818e+09  2.652754e+09  4.469874e+09  4.944130e+09  7.848473e+09  1.063522e+10  1.431169e+10  1.957639e+10  2.795273e+10  4.027445e+10  6.151589e+10  9.403747e+10  2.084696e+11  6.569615e+12  3.041486e+14  7.303233e+15 
 2.207207e+02  2.500503e+08  5.091556e+08  8.705158e+08  1.599943e+09  2.651303e+09  4.467425e+09  4.941414e+09  7.844153e+09  1.062936e+10  1.430378e+10  1.956556e+10  2.793726e+10  4.025213e+10  6.148178e+10  9.398515e+10  2.083494e+11  6.565031e+12  3.039484e+14  7.298866e+15 
 2.210210e+02  2.499141e+08  5.088777e+08  8.700403e+08  1.599068e+09  2.649852e+09  4.464978e+09  4.938698e+09  7.839833e+09  1.062349e+10  1.429588e+10  1.955474e+10  2.792179e+10  4.022982e+10  6.144767e+10  9.393285e+10  2.082292e+11  6.560451e+12  3.037485e+14  7.294502e+15 
 2.213213e+02  2.497778e+08  5.085999e+08  8.695649e+08  1.598193e+09  2.648401e+09  4.462531e+09  4.935983e+09  7.835515e+09  1.061762e+10  1.428798e+10  1.954392e+10  2.790633e+10  4.020752e+10  6.141358e+10  9.388056e+10  2.081090e+11  6.555874e+12  3.035486e+14  7.290140e+15 
 2.216216e+02  2.496416e+08  5.083222e+08  8.690897e+08  1.597319e+09  2.646951e+09  4.460085e+09  4.933269e+09  7.831199e+09  1.061176e+10  1.428008e+10  1.953311e+10  2.789087e+10  4.018523e+10  6.137949e+10  9.382828e+10  2.079889e+11  6.551300e+12  3.033489e+14  7.285781e+15 
 2.219219e+02  2.495054e+08  5.080445e+08  8.686146e+08  1.596444e+09  2.645502e+09  4.457640e+09  4.930556e+09  7.826883e+09  1.060590e+10  1.427219e+10  1.952230e+10  2.787542e+10  4.016294e+10  6.134542e+10  9.377602e+10  2.078689e+11  6.546730e+12  3.031494e+14  7.281424e+15 
 2.222222e+02  2.493693e+08  5.077670e+08  8.681397e+08  1.595570e+09  2.644052e+09  4.455196e+09  4.927844e+09  7.822569e+09  1.060004e+10  1.426430e+10  1.951149e+10  2.785997e+10  4.014066e+10  6.131135e+10  9.372378e+10  2.077488e+11  6.542163e+12  3.029499e+14  7.277070e+15 
 2.225225e+02  2.492332e+08  5.074895e+08  8.676649e+08  1.594697e+09  2.642604e+09  4.452752e+09  4.925132e+09  7.818257e+09  1.059418e+10  1.425641e+10  1.950069e+10  2.784452e+10  4.011838e+10  6.127730e+10  9.367155e+10  2.076289e+11  6.537599e+12  3.027506e+14  7.272719e+15 
 2.228228e+02  2.490971e+08  5.072121e+08  8.671902e+08  1.593823e+09  2.641155e+09  4.450309e+09  4.922421e+09  7.813945e+09  1.058832e+10  1.424852e+10  1.948988e+10  2.782908e+10  4.009612e+10  6.124326e+10  9.361934e+10  2.075089e+11  6.533039e+12  3.025515e+14  7.268370e+15 
 2.231231e+02  2.489611e+08  5.069347e+08  8.667156e+08  1.592950e+09  2.639707e+09  4.447867e+09  4.919712e+09  7.809635e+09  1.058247e+10  1.424063e+10  1.947909e+10  2.781365e+10  4.007386e+10  6.120922e+10  9.356715e+10  2.073890e+11  6.528482e+12  3.023525e+14  7.264024e+15 
 2.234234e+02  2.488251e+08  5.066575e+08  8.662412e+08  1.592077e+09  2.638260e+09  4.445425e+09  4.917002e+09  7.805326e+09  1.057661e+10  1.423275e+10  1.946829e+10  2.779822e+10  4.005160e+10  6.117520e+10  9.351497e+10  2.072692e+11  6.523928e+12  3.021536e+14  7.259680e+15 
 2.237237e+02  2.486892e+08  5.063803e+08  8.657670e+08  1.591204e+09  2.636813e+09  4.442984e+09  4.914294e+09  7.801019e+09  1.057076e+10  1.422487e+10  1.945750e+10  2.778279e+10  4.002935e+10  6.114119e+10  9.346281e+10  2.071494e+11  6.519377e+12  3.019548e+14  7.255339e+15 
 2.240240e+02  2.485533e+08  5.061033e+08  8.652929e+08  1.590332e+09  2.635366e+09  4.440544e+09  4.911586e+09  7.796713e+09  1.056491e+10  1.421699e+10  1.944671e+10  2.776737e+10  4.000711e+10  6.110718e+10  9.341066e+10  2.070297e+11  6.514830e+12  3.017562e+14  7.251000e+15 
 2.243243e+02  2.484175e+08  5.058263e+08  8.648189e+08  1.589459e+09  2.633920e+09  4.438105e+09  4.908880e+09  7.792408e+09  1.055906e+10  1.420911e+10  1.943593e+10  2.775195e+10  3.998488e+10  6.107319e+10  9.335853e+10  2.069100e+11  6.510286e+12  3.015578e+14  7.246664e+15 
 2.246246e+02  2.482816e+08  5.055494e+08  8.643450e+08  1.588587e+09  2.632474e+09  4.435666e+09  4.906174e+09  7.788105e+09  1.055322e+10  1.420124e+10  1.942515e+10  2.773654e+10  3.996265e+10  6.103921e+10  9.330642e+10  2.067903e+11  6.505745e+12  3.013594e+14  7.242331e+15 
 2.249249e+02  2.481459e+08  5.052725e+08  8.638713e+08  1.587716e+09  2.631028e+09  4.433228e+09  4.903469e+09  7.783803e+09  1.054737e+10  1.419337e+10  1.941437e+10  2.772113e+10  3.994043e+10  6.100524e+10  9.325432e+10  2.066707e+11  6.501208e+12  3.011612e+14  7.238000e+15 
 2.252252e+02  2.480101e+08  5.049958e+08  8.633978e+08  1.586844e+09  2.629583e+09  4.430791e+09  4.900765e+09  7.779502e+09  1.054153e+10  1.418550e+10  1.940359e+10  2.770573e+10  3.991822e+10  6.097128e+10  9.320224e+10  2.065511e+11  6.496674e+12  3.009632e+14  7.233671e+15 
 2.255255e+02  2.478744e+08  5.047191e+08  8.629244e+08  1.585973e+09  2.628139e+09  4.428355e+09  4.898061e+09  7.775202e+09  1.053569e+10  1.417763e+10  1.939282e+10  2.769033e+10  3.989601e+10  6.093733e+10  9.315017e+10  2.064316e+11  6.492143e+12  3.007653e+14  7.229346e+15 
 2.258258e+02  2.477388e+08  5.044425e+08  8.624511e+08  1.585102e+09  2.626695e+09  4.425919e+09  4.895359e+09  7.770904e+09  1.052985e+10  1.416977e+10  1.938205e+10  2.767494e+10  3.987382e+10  6.090339e+10  9.309812e+10  2.063121e+11  6.487616e+12  3.005675e+14  7.225023e+15 
 2.261261e+02  2.476032e+08  5.041660e+08  8.619779e+08  1.584231e+09  2.625251e+09  4.423484e+09  4.892657e+09  7.766608e+09  1.052401e+10  1.416191e+10  1.937129e+10  2.765955e+10  3.985162e+10  6.086947e+10  9.304609e+10  2.061926e+11  6.483091e+12  3.003698e+14  7.220702e+15 
 2.264264e+02  2.474676e+08  5.038896e+08  8.615049e+08  1.583361e+09  2.623808e+09  4.421050e+09  4.889956e+09  7.762312e+09  1.051818e+10  1.415405e+10  1.936053e+10  2.764417e+10  3.982944e+10  6.083555e+10  9.299408e+10  2.060733e+11  6.478570e+12  3.001723e+14  7.216384e+15 
 2.267267e+02  2.473321e+08  5.036133e+08  8.610321e+08  1.582491e+09  2.622365e+09  4.418617e+09  4.887256e+09  7.758018e+09  1.051235e+10  1.414619e+10  1.934977e+10  2.762879e+10  3.980726e+10  6.080164e+10  9.294208e+10  2.059539e+11  6.474053e+12  2.999750e+14  7.212068e+15 
 2.270270e+02  2.471966e+08  5.033371e+08  8.605594e+08  1.581621e+09  2.620923e+09  4.416184e+09  4.884557e+09  7.753726e+09  1.050651e+10  1.413834e+10  1.933901e+10  2.761342e+10  3.978509e+10  6.076775e+10  9.289010e+10  2.058346e+11  6.469538e+12  2.997777e+14  7.207755e+15 
 2.273273e+02  2.470611e+08  5.030609e+08  8.600868e+08  1.580752e+09  2.619481e+09  4.413752e+09  4.881858e+09  7.749434e+09  1.050069e+10  1.413049e+10  1.932826e+10  2.759805e+10  3.976293e+10  6.073386e+10  9.283813e+10  2.057153e+11  6.465027e+12  2.995806e+14  7.203445e+15 
 2.276276e+02  2.469257e+08  5.027848e+08  8.596144e+08  1.579882e+09  2.618039e+09  4.411321e+09  4.879161e+09  7.745145e+09  1.049486e+10  1.412264e+10  1.931752e+10  2.758269e+10  3.974077e+10  6.069999e+10  9.278618e+10  2.055961e+11  6.460519e+12  2.993837e+14  7.199137e+15 
 2.279279e+02  2.467903e+08  5.025088e+08  8.591421e+08  1.579013e+09  2.616598e+09  4.408891e+09  4.876464e+09  7.740856e+09  1.048903e+10  1.411479e+10  1.930677e+10  2.756733e+10  3.971862e+10  6.066612e+10  9.273425e+10  2.054770e+11  6.456015e+12  2.991868e+14  7.194832e+15 
 2.282282e+02  2.466550e+08  5.022329e+08  8.586700e+08  1.578144e+09  2.615158e+09  4.406461e+09  4.873768e+09  7.736569e+09  1.048321e+10  1.410695e+10  1.929603e+10  2.755197e+10  3.969648e+10  6.063227e+10  9.268233e+10  2.053579e+11  6.451513e+12  2.989901e+14  7.190529e+15 
 2.285285e+02  2.465197e+08  5.019571e+08  8.581980e+08  1.577276e+09  2.613718e+09  4.404032e+09  4.871073e+09  7.732283e+09  1.047738e+10  1.409910e+10  1.928529e+10  2.753663e+10  3.967434e+10  6.059843e+10  9.263044e+10  2.052388e+11  6.447015e+12  2.987936e+14  7.186229e+15 
 2.288288e+02  2.463845e+08  5.016814e+08  8.577261e+08  1.576408e+09  2.612278e+09  4.401604e+09  4.868379e+09  7.727999e+09  1.047156e+10  1.409127e+10  1.927456e+10  2.752128e+10  3.965222e+10  6.056460e+10  9.257856e+10  2.051198e+11  6.442520e+12  2.985972e+14  7.181931e+15 
 2.291291e+02  2.462493e+08  5.014057e+08  8.572544e+08  1.575540e+09  2.610839e+09  4.399177e+09  4.865686e+09  7.723716e+09  1.046575e+10  1.408343e+10  1.926383e+10  2.750594e+10  3.963009e+10  6.053078e+10  9.252669e+10  2.050008e+11  6.438029e+12  2.984009e+14  7.177636e+15 
 2.294294e+02  2.461141e+08  5.011302e+08  8.567829e+08  1.574672e+09  2.609400e+09  4.396750e+09  4.862993e+09  7.719434e+09  1.045993e+10  1.407559e+10  1.925310e+10  2.749061e+10  3.960798e+10  6.049697e+10  9.247484e+10  2.048818e+11  6.433541e+12  2.982047e+14  7.173344e+15 
 2.297297e+02  2.459790e+08  5.008547e+08  8.563115e+08  1.573805e+09  2.607961e+09  4.394325e+09  4.860302e+09  7.715154e+09  1.045411e+10  1.406776e+10  1.924238e+10  2.747528e+10  3.958587e+10  6.046317e+10  9.242301e+10  2.047629e+11  6.429056e+12  2.980087e+14  7.169054e+15 
 2.300300e+02  2.458439e+08  5.005793e+08  8.558402e+08  1.572937e+09  2.606523e+09  4.391900e+09  4.857611e+09  7.710875e+09  1.044830e+10  1.405993e+10  1.923166e+10  2.745996e+10  3.956378e+10  6.042939e+10  9.237120e+10  2.046441e+11  6.424574e+12  2.978128e+14  7.164766e+15 
 2.303303e+02  2.457089e+08  5.003040e+08  8.553691e+08  1.572071e+09  2.605086e+09  4.389475e+09  4.854921e+09  7.706598e+09  1.044249e+10  1.405211e+10  1.922094e+10  2.744464e+10  3.954168e+10  6.039561e+10  9.231941e+10  2.045253e+11  6.420096e+12  2.976171e+14  7.160481e+15 
 2.306306e+02  2.455739e+08  5.000288e+08  8.548982e+08  1.571204e+09  2.603649e+09  4.387052e+09  4.852232e+09  7.702322e+09  1.043668e+10  1.404428e+10  1.921023e+10  2.742933e+10  3.951960e+10  6.036185e+10  9.226763e+10  2.044066e+11  6.415621e+12  2.974215e+14  7.156199e+15 
 2.309309e+02  2.454390e+08  4.997537e+08  8.544273e+08  1.570338e+09  2.602212e+09  4.384629e+09  4.849544e+09  7.698047e+09  1.043087e+10  1.403646e+10  1.919952e+10  2.741402e+10  3.949752e+10  6.032810e+10  9.221587e+10  2.042879e+11  6.411149e+12  2.972260e+14  7.151919e+15 
 2.312312e+02  2.453041e+08  4.994786e+08  8.539567e+08  1.569472e+09  2.600776e+09  4.382208e+09  4.846857e+09  7.693774e+09  1.042507e+10  1.402864e+10  1.918881e+10  2.739871e+10  3.947545e+10  6.029435e+10  9.216412e+10  2.041692e+11  6.406680e+12  2.970307e+14  7.147642e+15 
 2.315315e+02  2.451692e+08  4.992037e+08  8.534862e+08  1.568606e+09  2.599341e+09  4.379787e+09  4.844170e+09  7.689502e+09  1.041926e+10  1.402083e+10  1.917811e+10  2.738342e+10  3.945339e+10  6.026062e+10  9.211240e+10  2.040506e+11  6.402215e+12  2.968355e+14  7.143367e+15 
 2.318318e+02  2.450344e+08  4.989288e+08  8.530158e+08  1.567740e+09  2.597906e+09  4.377366e+09  4.841485e+09  7.685232e+09  1.041346e+10  1.401301e+10  1.916741e+10  2.736812e+10  3.943134e+10  6.022690e+10  9.206069e+10  2.039320e+11  6.397752e+12  2.966404e+14  7.139095e+15 
 2.321321e+02  2.448996e+08  4.986540e+08  8.525456e+08  1.566875e+09  2.596471e+09  4.374947e+09  4.838800e+09  7.680963e+09  1.040766e+10  1.400520e+10  1.915672e+10  2.735283e+10  3.940929e+10  6.019320e+10  9.200899e+10  2.038135e+11  6.393294e+12  2.964455e+14  7.134825e+15 
 2.324324e+02  2.447649e+08  4.983793e+08  8.520755e+08  1.566010e+09  2.595037e+09  4.372528e+09  4.836116e+09  7.676696e+09  1.040187e+10  1.399739e+10  1.914603e+10  2.733755e+10  3.938725e+10  6.015950e+10  9.195732e+10  2.036950e+11  6.388838e+12  2.962507e+14  7.130558e+15 
 2.327327e+02  2.446302e+08  4.981048e+08  8.516056e+08  1.565146e+09  2.593603e+09  4.370110e+09  4.833434e+09  7.672430e+09  1.039607e+10  1.398959e+10  1.913534e+10  2.732227e+10  3.936521e+10  6.012582e+10  9.190566e+10  2.035766e+11  6.384386e+12  2.960560e+14  7.126293e+15 
 2.330330e+02  2.444956e+08  4.978302e+08  8.511359e+08  1.564281e+09  2.592169e+09  4.367693e+09  4.830752e+09  7.668165e+09  1.039028e+10  1.398178e+10  1.912465e+10  2.730700e+10  3.934319e+10  6.009214e+10  9.185402e+10  2.034582e+11  6.379937e+12  2.958615e+14  7.122031e+15 
 2.333333e+02  2.443609e+08  4.975558e+08  8.506662e+08  1.563417e+09  2.590737e+09  4.365277e+09  4.828071e+09  7.663902e+09  1.038448e+10  1.397398e+10  1.911397e+10  2.729173e+10  3.932117e+10  6.005848e+10  9.180240e+10  2.033399e+11  6.375491e+12  2.956671e+14  7.117771e+15 
 2.336336e+02  2.442264e+08  4.972815e+08  8.501968e+08  1.562554e+09  2.589304e+09  4.362862e+09  4.825390e+09  7.659640e+09  1.037869e+10  1.396618e+10  1.910330e+10  2.727647e+10  3.929916e+10  6.002483e+10  9.175080e+10  2.032216e+11  6.371048e+12  2.954729e+14  7.113514e+15 
 2.339339e+02  2.440919e+08  4.970073e+08  8.497275e+08  1.561690e+09  2.587872e+09  4.360447e+09  4.822711e+09  7.655380e+09  1.037291e+10  1.395839e+10  1.909262e+10  2.726121e+10  3.927716e+10  5.999119e+10  9.169921e+10  2.031034e+11  6.366609e+12  2.952788e+14  7.109260e+15 
 2.342342e+02  2.439574e+08  4.967331e+08  8.492583e+08  1.560827e+09  2.586441e+09  4.358033e+09  4.820033e+09  7.651121e+09  1.036712e+10  1.395059e+10  1.908195e+10  2.724596e+10  3.925516e+10  5.995756e+10  9.164765e+10  2.029852e+11  6.362173e+12  2.950848e+14  7.105008e+15 
 2.345345e+02  2.438230e+08  4.964590e+08  8.487893e+08  1.559964e+09  2.585010e+09  4.355620e+09  4.817355e+09  7.646864e+09  1.036134e+10  1.394280e+10  1.907129e+10  2.723072e+10  3.923317e+10  5.992394e+10  9.159610e+10  2.028671e+11  6.357740e+12  2.948909e+14  7.100758e+15 
 2.348348e+02  2.436886e+08  4.961851e+08  8.483205e+08  1.559101e+09  2.583579e+09  4.353208e+09  4.814679e+09  7.642608e+09  1.035555e+10  1.393502e+10  1.906062e+10  2.721547e+10  3.921119e+10  5.989034e+10  9.154456e+10  2.027490e+11  6.353310e+12  2.946972e+14  7.096511e+15 
 2.351351e+02  2.435543e+08  4.959112e+08  8.478518e+08  1.558239e+09  2.582149e+09  4.350796e+09  4.812003e+09  7.638354e+09  1.034977e+10  1.392723e+10  1.904996e+10  2.720024e+10  3.918922e+10  5.985675e+10  9.149305e+10  2.026310e+11  6.348884e+12  2.945036e+14  7.092267e+15 
 2.354354e+02  2.434200e+08  4.956374e+08  8.473833e+08  1.557377e+09  2.580720e+09  4.348386e+09  4.809328e+09  7.634101e+09  1.034400e+10  1.391945e+10  1.903931e+10  2.718501e+10  3.916726e+10  5.982316e+10  9.144155e+10  2.025130e+11  6.344461e+12  2.943102e+14  7.088025e+15 
 2.357357e+02  2.432857e+08  4.953637e+08  8.469149e+08  1.556515e+09  2.579291e+09  4.345976e+09  4.806654e+09  7.629849e+09  1.033822e+10  1.391167e+10  1.902866e+10  2.716978e+10  3.914530e+10  5.978959e+10  9.139008e+10  2.023950e+11  6.340041e+12  2.941169e+14  7.083785e+15 
 2.360360e+02  2.431515e+08  4.950901e+08  8.464467e+08  1.555654e+09  2.577862e+09  4.343567e+09  4.803981e+09  7.625599e+09  1.033245e+10  1.390389e+10  1.901801e+10  2.715456e+10  3.912335e+10  5.975604e+10  9.133861e+10  2.022771e+11  6.335625e+12  2.939237e+14  7.079548e+15 
 2.363363e+02  2.430174e+08  4.948166e+08  8.459786e+08  1.554792e+09  2.576434e+09  4.341159e+09  4.801309e+09  7.621351e+09  1.032667e+10  1.389612e+10  1.900736e+10  2.713935e+10  3.910141e+10  5.972249e+10  9.128717e+10  2.021593e+11  6.331211e+12  2.937306e+14  7.075314e+15 
 2.366366e+02  2.428832e+08  4.945432e+08  8.455107e+08  1.553932e+09  2.575006e+09  4.338752e+09  4.798638e+09  7.617104e+09  1.032090e+10  1.388835e+10  1.899672e+10  2.712414e+10  3.907947e+10  5.968896e+10  9.123575e+10  2.020415e+11  6.326801e+12  2.935377e+14  7.071082e+15 
 2.369369e+02  2.427492e+08  4.942699e+08  8.450429e+08  1.553071e+09  2.573579e+09  4.336345e+09  4.795968e+09  7.612858e+09  1.031513e+10  1.388058e+10  1.898609e+10  2.710893e+10  3.905755e+10  5.965543e+10  9.118434e+10  2.019237e+11  6.322394e+12  2.933449e+14  7.066852e+15 
 2.372372e+02  2.426151e+08  4.939966e+08  8.445753e+08  1.552211e+09  2.572152e+09  4.333939e+09  4.793299e+09  7.608614e+09  1.030937e+10  1.387281e+10  1.897545e+10  2.709373e+10  3.903563e+10  5.962192e+10  9.113296e+10  2.018060e+11  6.317991e+12  2.931523e+14  7.062626e+15 
 2.375375e+02  2.424812e+08  4.937235e+08  8.441079e+08  1.551351e+09  2.570726e+09  4.331534e+09  4.790630e+09  7.604371e+09  1.030360e+10  1.386505e+10  1.896483e+10  2.707854e+10  3.901372e+10  5.958842e+10  9.108159e+10  2.016884e+11  6.313590e+12  2.929598e+14  7.058401e+15 
 2.378378e+02  2.423472e+08  4.934504e+08  8.436406e+08  1.550491e+09  2.569300e+09  4.329130e+09  4.787963e+09  7.600130e+09  1.029784e+10  1.385729e+10  1.895420e+10  2.706335e+10  3.899181e+10  5.955493e+10  9.103024e+10  2.015708e+11  6.309193e+12  2.927674e+14  7.054179e+15 
 2.381381e+02  2.422133e+08  4.931775e+08  8.431735e+08  1.549631e+09  2.567875e+09  4.326727e+09  4.785297e+09  7.595891e+09  1.029208e+10  1.384953e+10  1.894358e+10  2.704817e+10  3.896992e+10  5.952146e+10  9.097890e+10  2.014532e+11  6.304799e+12  2.925752e+14  7.049960e+15 
 2.384384e+02  2.420795e+08  4.929046e+08  8.427065e+08  1.548772e+09  2.566450e+09  4.324325e+09  4.782631e+09  7.591653e+09  1.028632e+10  1.384177e+10  1.893296e+10  2.703299e+10  3.894803e+10  5.948800e+10  9.092759e+10  2.013357e+11  6.300409e+12  2.923830e+14  7.045743e+15 
 2.387387e+02  2.419457e+08  4.926318e+08  8.422397e+08  1.547913e+09  2.565026e+09  4.321923e+09  4.779966e+09  7.587416e+09  1.028057e+10  1.383402e+10  1.892235e+10  2.701782e+10  3.892615e+10  5.945454e+10  9.087630e+10  2.012183e+11  6.296021e+12  2.921911e+14  7.041529e+15 
 2.390390e+02  2.418119e+08  4.923592e+08  8.417731e+08  1.547055e+09  2.563602e+09  4.319523e+09  4.777303e+09  7.583181e+09  1.027481e+10  1.382627e+10  1.891173e+10  2.700265e+10  3.890428e+10  5.942110e+10  9.082502e+10  2.011009e+11  6.291637e+12  2.919992e+14  7.037317e+15 
 2.393393e+02  2.416782e+08  4.920866e+08  8.413066e+08  1.546197e+09  2.562179e+09  4.317123e+09  4.774640e+09  7.578947e+09  1.026906e+10  1.381852e+10  1.890113e+10  2.698749e+10  3.888241e+10  5.938768e+10  9.077376e+10  2.009835e+11  6.287256e+12  2.918075e+14  7.033107e+15 
 2.396396e+02  2.415446e+08  4.918141e+08  8.408403e+08  1.545339e+09  2.560756e+09  4.314724e+09  4.771978e+09  7.574715e+09  1.026331e+10  1.381078e+10  1.889053e+10  2.697233e+10  3.886056e+10  5.935426e+10  9.072252e+10  2.008662e+11  6.282879e+12  2.916159e+14  7.028900e+15 
 2.399399e+02  2.414110e+08  4.915417e+08  8.403741e+08  1.544481e+09  2.559334e+09  4.312326e+09  4.769317e+09  7.570485e+09  1.025756e+10  1.380304e+10  1.887993e+10  2.695718e+10  3.883871e+10  5.932086e+10  9.067130e+10  2.007489e+11  6.278504e+12  2.914245e+14  7.024696e+15 
 2.402402e+02  2.412774e+08  4.912694e+08  8.399081e+08  1.543624e+09  2.557912e+09  4.309928e+09  4.766657e+09  7.566256e+09  1.025182e+10  1.379530e+10  1.886933e+10  2.694204e+10  3.881687e+10  5.928747e+10  9.062010e+10  2.006317e+11  6.274133e+12  2.912332e+14  7.020494e+15 
 2.405405e+02  2.411439e+08  4.909972e+08  8.394423e+08  1.542767e+09  2.556491e+09  4.307532e+09  4.763998e+09  7.562028e+09  1.024607e+10  1.378756e+10  1.885874e+10  2.692690e+10  3.879504e+10  5.925409e+10  9.056892e+10  2.005146e+11  6.269765e+12  2.910420e+14  7.016295e+15 
 2.408408e+02  2.410104e+08  4.907251e+08  8.389766e+08  1.541910e+09  2.555070e+09  4.305136e+09  4.761340e+09  7.557802e+09  1.024033e+10  1.377983e+10  1.884815e+10  2.691176e+10  3.877321e+10  5.922072e+10  9.051775e+10  2.003974e+11  6.265400e+12  2.908510e+14  7.012098e+15 
 2.411411e+02  2.408770e+08  4.904531e+08  8.385111e+08  1.541054e+09  2.553650e+09  4.302742e+09  4.758683e+09  7.553578e+09  1.023459e+10  1.377210e+10  1.883757e+10  2.689664e+10  3.875140e+10  5.918737e+10  9.046661e+10  2.002804e+11  6.261038e+12  2.906600e+14  7.007903e+15 
 2.414414e+02  2.407436e+08  4.901812e+08  8.380457e+08  1.540197e+09  2.552230e+09  4.300348e+09  4.756027e+09  7.549355e+09  1.022886e+10  1.376437e+10  1.882699e+10  2.688151e+10  3.872959e+10  5.915402e+10  9.041548e+10  2.001634e+11  6.256680e+12  2.904693e+14  7.003711e+15 
 2.417417e+02  2.406103e+08  4.899093e+08  8.375806e+08  1.539342e+09  2.550810e+09  4.297955e+09  4.753372e+09  7.545133e+09  1.022312e+10  1.375664e+10  1.881641e+10  2.686640e+10  3.870779e+10  5.912069e+10  9.036437e+10  2.000464e+11  6.252325e+12  2.902786e+14  6.999522e+15 
 2.420420e+02  2.404770e+08  4.896376e+08  8.371155e+08  1.538486e+09  2.549392e+09  4.295563e+09  4.750717e+09  7.540914e+09  1.021739e+10  1.374892e+10  1.880584e+10  2.685128e+10  3.868599e+10  5.908738e+10  9.031329e+10  1.999295e+11  6.247973e+12  2.900881e+14  6.995335e+15 
 2.423423e+02  2.403437e+08  4.893660e+08  8.366507e+08  1.537631e+09  2.547973e+09  4.293171e+09  4.748064e+09  7.536695e+09  1.021166e+10  1.374120e+10  1.879527e+10  2.683618e+10  3.866421e+10  5.905407e+10  9.026222e+10  1.998126e+11  6.243624e+12  2.898977e+14  6.991150e+15 
 2.426426e+02  2.402105e+08  4.890944e+08  8.361860e+08  1.536776e+09  2.546556e+09  4.290781e+09  4.745412e+09  7.532479e+09  1.020593e+10  1.373349e+10  1.878471e+10  2.682108e+10  3.864243e+10  5.902078e+10  9.021117e+10  1.996958e+11  6.239279e+12  2.897075e+14  6.986968e+15 
 2.429429e+02  2.400774e+08  4.888230e+08  8.357215e+08  1.535921e+09  2.545138e+09  4.288391e+09  4.742760e+09  7.528263e+09  1.020020e+10  1.372577e+10  1.877415e+10  2.680598e+10  3.862067e+10  5.898750e+10  9.016014e+10  1.995791e+11  6.234937e+12  2.895174e+14  6.982789e+15 
 2.432432e+02  2.399443e+08  4.885517e+08  8.352571e+08  1.535067e+09  2.543721e+09  4.286002e+09  4.740110e+09  7.524050e+09  1.019447e+10  1.371806e+10  1.876359e+10  2.679089e+10  3.859891e+10  5.895423e+10  9.010913e+10  1.994624e+11  6.230598e+12  2.893274e+14  6.978611e+15 
 2.435435e+02  2.398112e+08  4.882804e+08  8.347929e+08  1.534213e+09  2.542305e+09  4.283615e+09  4.737461e+09  7.519838e+09  1.018875e+10  1.371035e+10  1.875304e+10  2.677581e+10  3.857715e+10  5.892097e+10  9.005813e+10  1.993457e+11  6.226262e+12  2.891375e+14  6.974437e+15 
 2.438438e+02  2.396782e+08  4.880093e+08  8.343289e+08  1.533359e+09  2.540889e+09  4.281228e+09  4.734812e+09  7.515627e+09  1.018303e+10  1.370265e+10  1.874249e+10  2.676073e+10  3.855541e+10  5.888773e+10  9.000716e+10  1.992291e+11  6.221929e+12  2.889478e+14  6.970265e+15 
 2.441441e+02  2.395453e+08  4.877382e+08  8.338650e+08  1.532506e+09  2.539474e+09  4.278842e+09  4.732165e+09  7.511418e+09  1.017731e+10  1.369495e+10  1.873195e+10  2.674566e+10  3.853368e+10  5.885450e+10  8.995621e+10  1.991126e+11  6.217600e+12  2.887582e+14  6.966095e+15 
 2.444444e+02  2.394124e+08  4.874673e+08  8.334013e+08  1.531653e+09  2.538059e+09  4.276456e+09  4.729518e+09  7.507211e+09  1.017160e+10  1.368725e+10  1.872141e+10  2.673059e+10  3.851195e+10  5.882128e+10  8.990527e+10  1.989960e+11  6.213274e+12  2.885687e+14  6.961928e+15 
 2.447447e+02  2.392795e+08  4.871965e+08  8.329378e+08  1.530800e+09  2.536645e+09  4.274072e+09  4.726873e+09  7.503005e+09  1.016588e+10  1.367955e+10  1.871087e+10  2.671553e+10  3.849023e+10  5.878808e+10  8.985436e+10  1.988796e+11  6.208951e+12  2.883794e+14  6.957763e+15 
 2.450450e+02  2.391467e+08  4.869257e+08  8.324744e+08  1.529948e+09  2.535232e+09  4.271689e+09  4.724228e+09  7.498801e+09  1.016017e+10  1.367186e+10  1.870034e+10  2.670048e+10  3.846852e+10  5.875489e+10  8.980346e+10  1.987632e+11  6.204631e+12  2.881902e+14  6.953601e+15 
 2.453453e+02  2.390139e+08  4.866550e+08  8.320113e+08  1.529096e+09  2.533818e+09  4.269306e+09  4.721585e+09  7.494599e+09  1.015446e+10  1.366417e+10  1.868981e+10  2.668543e+10  3.844682e+10  5.872171e+10  8.975259e+10  1.986468e+11  6.200315e+12  2.880012e+14  6.949441e+15 
 2.456456e+02  2.388812e+08  4.863845e+08  8.315482e+08  1.528244e+09  2.532406e+09  4.266924e+09  4.718942e+09  7.490398e+09  1.014875e+10  1.365648e+10  1.867928e+10  2.667038e+10  3.842512e+10  5.868854e+10  8.970173e+10  1.985305e+11  6.196001e+12  2.878122e+14  6.945284e+15 
 2.459459e+02  2.387485e+08  4.861140e+08  8.310854e+08  1.527392e+09  2.530993e+09  4.264543e+09  4.716301e+09  7.486198e+09  1.014305e+10  1.364880e+10  1.866876e+10  2.665535e+10  3.840344e+10  5.865538e+10  8.965090e+10  1.984143e+11  6.191691e+12  2.876234e+14  6.941129e+15 
 2.462462e+02  2.386159e+08  4.858437e+08  8.306227e+08  1.526541e+09  2.529582e+09  4.262164e+09  4.713660e+09  7.482000e+09  1.013734e+10  1.364111e+10  1.865825e+10  2.664031e+10  3.838176e+10  5.862224e+10  8.960008e+10  1.982981e+11  6.187384e+12  2.874348e+14  6.936976e+15 
 2.465465e+02  2.384833e+08  4.855734e+08  8.301602e+08  1.525690e+09  2.528171e+09  4.259784e+09  4.711020e+09  7.477804e+09  1.013164e+10  1.363343e+10  1.864773e+10  2.662529e+10  3.836009e+10  5.858911e+10  8.954928e+10  1.981820e+11  6.183081e+12  2.872462e+14  6.932827e+15 
 2.468468e+02  2.383508e+08  4.853033e+08  8.296979e+08  1.524840e+09  2.526760e+09  4.257406e+09  4.708382e+09  7.473609e+09  1.012594e+10  1.362576e+10  1.863722e+10  2.661027e+10  3.833843e+10  5.855600e+10  8.949851e+10  1.980659e+11  6.178780e+12  2.870578e+14  6.928679e+15 
 2.471471e+02  2.382184e+08  4.850332e+08  8.292357e+08  1.523989e+09  2.525350e+09  4.255029e+09  4.705744e+09  7.469416e+09  1.012025e+10  1.361809e+10  1.862672e+10  2.659525e+10  3.831678e+10  5.852289e+10  8.944775e+10  1.979498e+11  6.174483e+12  2.868696e+14  6.924534e+15 
 2.474474e+02  2.380859e+08  4.847633e+08  8.287737e+08  1.523139e+09  2.523941e+09  4.252653e+09  4.703108e+09  7.465225e+09  1.011455e+10  1.361042e+10  1.861622e+10  2.658024e+10  3.829513e+10  5.848980e+10  8.939701e+10  1.978338e+11  6.170189e+12  2.866814e+14  6.920391e+15 
 2.477477e+02  2.379536e+08  4.844934e+08  8.283119e+08  1.522290e+09  2.522532e+09  4.250277e+09  4.700472e+09  7.461035e+09  1.010886e+10  1.360275e+10  1.860572e+10  2.656524e+10  3.827350e+10  5.845672e+10  8.934630e+10  1.977179e+11  6.165898e+12  2.864934e+14  6.916251e+15 
 2.480480e+02  2.378212e+08  4.842237e+08  8.278502e+08  1.521441e+09  2.521123e+09  4.247903e+09  4.697838e+09  7.456847e+09  1.010317e+10  1.359508e+10  1.859523e+10  2.655024e+10  3.825187e+10  5.842366e+10  8.929560e+10  1.976020e+11  6.161611e+12  2.863055e+14  6.912114e+15 
 2.483483e+02  2.376890e+08  4.839540e+08  8.273888e+08  1.520592e+09  2.519715e+09  4.245529e+09  4.695204e+09  7.452660e+09  1.009748e+10  1.358742e+10  1.858474e+10  2.653525e+10  3.823025e+10  5.839061e+10  8.924492e+10  1.974862e+11  6.157326e+12  2.861178e+14  6.907978e+15 
 2.486486e+02  2.375567e+08  4.836845e+08  8.269275e+08  1.519743e+09  2.518308e+09  4.243156e+09  4.692571e+09  7.448475e+09  1.009179e+10  1.357976e+10  1.857426e+10  2.652026e+10  3.820864e+10  5.835757e+10  8.919427e+10  1.973704e+11  6.153045e+12  2.859302e+14  6.903846e+15 
 2.489489e+02  2.374245e+08  4.834150e+08  8.264663e+08  1.518895e+09  2.516901e+09  4.240784e+09  4.689940e+09  7.444292e+09  1.008611e+10  1.357211e+10  1.856378e+10  2.650528e+10  3.818704e+10  5.832454e+10  8.914363e+10  1.972547e+11  6.148767e+12  2.857427e+14  6.899715e+15 
 2.492492e+02  2.372924e+08  4.831457e+08  8.260054e+08  1.518047e+09  2.515494e+09  4.238414e+09  4.687309e+09  7.440110e+09  1.008043e+10  1.356446e+10  1.855330e+10  2.649031e+10  3.816545e+10  5.829153e+10  8.909301e+10  1.971390e+11  6.144492e+12  2.855553e+14  6.895588e+15 
 2.495495e+02  2.371603e+08  4.828764e+08  8.255446e+08  1.517199e+09  2.514089e+09  4.236044e+09  4.684680e+09  7.435930e+09  1.007475e+10  1.355681e+10  1.854283e+10  2.647534e+10  3.814386e+10  5.825853e+10  8.904242e+10  1.970234e+11  6.140220e+12  2.853681e+14  6.891462e+15 
 2.498498e+02  2.370283e+08  4.826073e+08  8.250840e+08  1.516352e+09  2.512683e+09  4.233674e+09  4.682051e+09  7.431752e+09  1.006907e+10  1.354916e+10  1.853236e+10  2.646038e+10  3.812229e+10  5.822554e+10  8.899184e+10  1.969078e+11  6.135952e+12  2.851810e+14  6.887339e+15 
 2.501502e+02  2.368963e+08  4.823383e+08  8.246236e+08  1.515505e+09  2.511279e+09  4.231306e+09  4.679424e+09  7.427575e+09  1.006340e+10  1.354152e+10  1.852190e+10  2.644542e+10  3.810072e+10  5.819257e+10  8.894129e+10  1.967923e+11  6.131687e+12  2.849940e+14  6.883219e+15 
 2.504505e+02  2.367644e+08  4.820693e+08  8.241633e+08  1.514658e+09  2.509874e+09  4.228939e+09  4.676797e+09  7.423400e+09  1.005772e+10  1.353388e+10  1.851144e+10  2.643047e+10  3.807916e+10  5.815961e+10  8.889075e+10  1.966768e+11  6.127424e+12  2.848072e+14  6.879100e+15 
 2.507508e+02  2.366325e+08  4.818005e+08  8.237032e+08  1.513812e+09  2.508471e+09  4.226573e+09  4.674172e+09  7.419227e+09  1.005205e+10  1.352624e+10  1.850098e+10  2.641553e+10  3.805761e+10  5.812666e+10  8.884024e+10  1.965614e+11  6.123166e+12  2.846205e+14  6.874985e+15 
 2.510511e+02  2.365007e+08  4.815318e+08  8.232433e+08  1.512966e+09  2.507068e+09  4.224207e+09  4.671548e+09  7.415055e+09  1.004639e+10  1.351861e+10  1.849053e+10  2.640059e+10  3.803607e+10  5.809373e+10  8.878974e+10  1.964460e+11  6.118910e+12  2.844339e+14  6.870872e+15 
 2.513514e+02  2.363689e+08  4.812631e+08  8.227836e+08  1.512120e+09  2.505665e+09  4.221843e+09  4.668924e+09  7.410885e+09  1.004072e+10  1.351098e+10  1.848009e+10  2.638566e+10  3.801454e+10  5.806081e+10  8.873927e+10  1.963307e+11  6.114657e+12  2.842475e+14  6.866761e+15 
 2.516517e+02  2.362372e+08  4.809946e+08  8.223240e+08  1.511275e+09  2.504263e+09  4.219479e+09  4.666302e+09  7.406716e+09  1.003506e+10  1.350335e+10  1.846964e+10  2.637073e+10  3.799301e+10  5.802790e+10  8.868882e+10  1.962155e+11  6.110408e+12  2.840612e+14  6.862653e+15 
 2.519520e+02  2.361055e+08  4.807262e+08  8.218647e+08  1.510429e+09  2.502862e+09  4.217116e+09  4.663681e+09  7.402549e+09  1.002940e+10  1.349572e+10  1.845921e+10  2.635581e+10  3.797150e+10  5.799501e+10  8.863839e+10  1.961003e+11  6.106162e+12  2.838750e+14  6.858547e+15 
 2.522523e+02  2.359739e+08  4.804579e+08  8.214055e+08  1.509585e+09  2.501461e+09  4.214755e+09  4.661060e+09  7.398384e+09  1.002374e+10  1.348810e+10  1.844877e+10  2.634090e+10  3.794999e+10  5.796213e+10  8.858797e+10  1.959851e+11  6.101919e+12  2.836889e+14  6.854443e+15 
 2.525526e+02  2.358423e+08  4.801897e+08  8.209465e+08  1.508740e+09  2.500060e+09  4.212394e+09  4.658441e+09  7.394221e+09  1.001808e+10  1.348048e+10  1.843834e+10  2.632599e+10  3.792849e+10  5.792926e+10  8.853758e+10  1.958700e+11  6.097679e+12  2.835030e+14  6.850342e+15 
 2.528529e+02  2.357108e+08  4.799216e+08  8.204877e+08  1.507896e+09  2.498660e+09  4.210034e+09  4.655823e+09  7.390059e+09  1.001242e+10  1.347287e+10  1.842792e+10  2.631109e+10  3.790700e+10  5.789641e+10  8.848721e+10  1.957550e+11  6.093443e+12  2.833172e+14  6.846243e+15 
 2.531532e+02  2.355793e+08  4.796536e+08  8.200290e+08  1.507053e+09  2.497261e+09  4.207675e+09  4.653206e+09  7.385899e+09  1.000677e+10  1.346525e+10  1.841749e+10  2.629619e+10  3.788552e+10  5.786357e+10  8.843686e+10  1.956400e+11  6.089209e+12  2.831315e+14  6.842147e+15 
 2.534535e+02  2.354479e+08  4.793857e+08  8.195705e+08  1.506209e+09  2.495862e+09  4.205317e+09  4.650590e+09  7.381740e+09  1.000112e+10  1.345764e+10  1.840708e+10  2.628130e+10  3.786405e+10  5.783074e+10  8.838654e+10  1.955251e+11  6.084979e+12  2.829460e+14  6.838054e+15 
 2.537538e+02  2.353166e+08  4.791179e+08  8.191122e+08  1.505366e+09  2.494464e+09  4.202960e+09  4.647975e+09  7.377583e+09  9.995475e+09  1.345004e+10  1.839666e+10  2.626642e+10  3.784259e+10  5.779793e+10  8.833623e+10  1.954102e+11  6.080752e+12  2.827606e+14  6.833962e+15 
 2.540541e+02  2.351852e+08  4.788502e+08  8.186541e+08  1.504523e+09  2.493067e+09  4.200604e+09  4.645361e+09  7.373428e+09  9.989830e+09  1.344243e+10  1.838625e+10  2.625154e+10  3.782114e+10  5.776513e+10  8.828594e+10  1.952954e+11  6.076528e+12  2.825753e+14  6.829873e+15 
 2.543544e+02  2.350540e+08  4.785826e+08  8.181962e+08  1.503681e+09  2.491670e+09  4.198249e+09  4.642748e+09  7.369275e+09  9.984187e+09  1.343483e+10  1.837585e+10  2.623667e+10  3.779969e+10  5.773235e+10  8.823568e+10  1.951806e+11  6.072307e+12  2.823902e+14  6.825787e+15 
 2.546547e+02  2.349228e+08  4.783152e+08  8.177385e+08  1.502839e+09  2.490273e+09  4.195895e+09  4.640136e+09  7.365123e+09  9.978546e+09  1.342724e+10  1.836545e+10  2.622181e+10  3.777826e+10  5.769957e+10  8.818543e+10  1.950659e+11  6.068090e+12  2.822051e+14  6.821703e+15 
 2.549550e+02  2.347916e+08  4.780478e+08  8.172809e+08  1.501997e+09  2.488877e+09  4.193541e+09  4.637525e+09  7.360973e+09  9.972908e+09  1.341964e+10  1.835505e+10  2.620695e+10  3.775683e+10  5.766681e+10  8.813521e+10  1.949512e+11  6.063876e+12  2.820203e+14  6.817621e+15 
 2.552553e+02  2.346605e+08  4.777805e+08  8.168235e+08  1.501156e+09  2.487482e+09  4.191189e+09  4.634916e+09  7.356825e+09  9.967271e+09  1.341205e+10  1.834466e+10  2.619209e+10  3.773541e+10  5.763407e+10  8.808501e+10  1.948366e+11  6.059664e+12  2.818355e+14  6.813542e+15 
 2.555556e+02  2.345295e+08  4.775134e+08  8.163663e+08  1.500315e+09  2.486087e+09  4.188838e+09  4.632307e+09  7.352678e+09  9.961638e+09  1.340446e+10  1.833428e+10  2.617725e+10  3.771400e+10  5.760134e+10  8.803483e+10  1.947221e+11  6.055457e+12  2.816509e+14  6.809465e+15 
 2.558559e+02  2.343984e+08  4.772463e+08  8.159093e+08  1.499474e+09  2.484693e+09  4.186487e+09  4.629699e+09  7.348533e+09  9.956006e+09  1.339688e+10  1.832389e+10  2.616241e+10  3.769260e+10  5.756862e+10  8.798467e+10  1.946076e+11  6.051252e+12  2.814664e+14  6.805391e+15 
 2.561562e+02  2.342675e+08  4.769794e+08  8.154525e+08  1.498634e+09  2.483299e+09  4.184138e+09  4.627093e+09  7.344390e+09  9.950377e+09  1.338930e+10  1.831351e+10  2.614757e+10  3.767121e+10  5.753592e+10  8.793453e+10  1.944931e+11  6.047050e+12  2.812820e+14  6.801319e+15 
 2.564565e+02  2.341366e+08  4.767126e+08  8.149958e+08  1.497794e+09  2.481906e+09  4.181789e+09  4.624487e+09  7.340248e+09  9.944750e+09  1.338172e+10  1.830314e+10  2.613274e+10  3.764983e+10  5.750323e+10  8.788441e+10  1.943787e+11  6.042852e+12  2.810978e+14  6.797249e+15 
 2.567568e+02  2.340058e+08  4.764458e+08  8.145394e+08  1.496954e+09  2.480513e+09  4.179442e+09  4.621883e+09  7.336109e+09  9.939126e+09  1.337414e+10  1.829277e+10  2.611792e+10  3.762846e+10  5.747055e+10  8.783432e+10  1.942644e+11  6.038656e+12  2.809136e+14  6.793182e+15 
 2.570571e+02  2.338750e+08  4.761792e+08  8.140831e+08  1.496115e+09  2.479121e+09  4.177095e+09  4.619280e+09  7.331971e+09  9.933504e+09  1.336657e+10  1.828240e+10  2.610311e+10  3.760709e+10  5.743789e+10  8.778424e+10  1.941501e+11  6.034464e+12  2.807297e+14  6.789117e+15 
 2.573574e+02  2.337442e+08  4.759127e+08  8.136270e+08  1.495276e+09  2.477730e+09  4.174749e+09  4.616678e+09  7.327834e+09  9.927884e+09  1.335900e+10  1.827204e+10  2.608830e+10  3.758574e+10  5.740524e+10  8.773419e+10  1.940359e+11  6.030275e+12  2.805458e+14  6.785055e+15 
 2.576577e+02  2.336135e+08  4.756463e+08  8.131711e+08  1.494437e+09  2.476339e+09  4.172405e+09  4.614076e+09  7.323700e+09  9.922267e+09  1.335144e+10  1.826169e+10  2.607349e+10  3.756439e+10  5.737261e+10  8.768416e+10  1.939217e+11  6.026089e+12  2.803621e+14  6.780995e+15 
 2.579580e+02  2.334829e+08  4.753800e+08  8.127154e+08  1.493599e+09  2.474949e+09  4.170061e+09  4.611476e+09  7.319567e+09  9.916652e+09  1.334387e+10  1.825133e+10  2.605870e+10  3.754305e+10  5.733999e+10  8.763415e+10  1.938076e+11  6.021907e+12  2.801785e+14  6.776937e+15 
 2.582583e+02  2.333523e+08  4.751139e+08  8.122598e+08  1.492761e+09  2.473559e+09  4.167718e+09  4.608877e+09  7.315436e+09  9.911040e+09  1.333631e+10  1.824099e+10  2.604391e+10  3.752173e+10  5.730738e+10  8.758417e+10  1.936936e+11  6.017727e+12  2.799950e+14  6.772882e+15 
 2.585586e+02  2.332218e+08  4.748478e+08  8.118045e+08  1.491923e+09  2.472170e+09  4.165377e+09  4.606279e+09  7.311306e+09  9.905429e+09  1.332876e+10  1.823064e+10  2.602912e+10  3.750041e+10  5.727479e+10  8.753420e+10  1.935796e+11  6.013551e+12  2.798116e+14  6.768830e+15 
 2.588589e+02  2.330913e+08  4.745818e+08  8.113493e+08  1.491086e+09  2.470781e+09  4.163036e+09  4.603683e+09  7.307179e+09  9.899822e+09  1.332121e+10  1.822030e+10  2.601434e+10  3.747910e+10  5.724221e+10  8.748426e+10  1.934656e+11  6.009378e+12  2.796284e+14  6.764779e+15 
 2.591592e+02  2.329609e+08  4.743160e+08  8.108944e+08  1.490249e+09  2.469393e+09  4.160696e+09  4.601087e+09  7.303053e+09  9.894216e+09  1.331366e+10  1.820997e+10  2.599957e+10  3.745780e+10  5.720965e+10  8.743433e+10  1.933517e+11  6.005208e+12  2.794453e+14  6.760731e+15 
 2.594595e+02  2.328305e+08  4.740502e+08  8.104396e+08  1.489413e+09  2.468006e+09  4.158357e+09  4.598492e+09  7.298929e+09  9.888613e+09  1.330611e+10  1.819964e+10  2.598481e+10  3.743651e+10  5.717710e+10  8.738443e+10  1.932379e+11  6.001041e+12  2.792624e+14  6.756686e+15 
 2.597598e+02  2.327002e+08  4.737846e+08  8.099850e+08  1.488576e+09  2.466619e+09  4.156019e+09  4.595899e+09  7.294806e+09  9.883013e+09  1.329857e+10  1.818931e+10  2.597005e+10  3.741523e+10  5.714456e+10  8.733455e+10  1.931241e+11  5.996878e+12  2.790796e+14  6.752643e+15 
 2.600601e+02  2.325700e+08  4.735191e+08  8.095306e+08  1.487740e+09  2.465233e+09  4.153683e+09  4.593306e+09  7.290686e+09  9.877415e+09  1.329103e+10  1.817899e+10  2.595530e+10  3.739395e+10  5.711204e+10  8.728470e+10  1.930104e+11  5.992717e+12  2.788969e+14  6.748602e+15 
 2.603604e+02  2.324398e+08  4.732537e+08  8.090764e+08  1.486905e+09  2.463847e+09  4.151347e+09  4.590715e+09  7.286567e+09  9.871819e+09  1.328349e+10  1.816867e+10  2.594055e+10  3.737269e+10  5.707953e+10  8.723486e+10  1.928967e+11  5.988560e+12  2.787143e+14  6.744563e+15 
 2.606607e+02  2.323096e+08  4.729884e+08  8.086224e+08  1.486070e+09  2.462462e+09  4.149012e+09  4.588125e+09  7.282450e+09  9.866225e+09  1.327596e+10  1.815836e+10  2.592581e+10  3.735144e+10  5.704704e+10  8.718505e+10  1.927831e+11  5.984406e+12  2.785318e+14  6.740528e+15 
 2.609610e+02  2.321795e+08  4.727232e+08  8.081685e+08  1.485235e+09  2.461077e+09  4.146678e+09  4.585536e+09  7.278334e+09  9.860634e+09  1.326843e+10  1.814805e+10  2.591108e+10  3.733019e+10  5.701456e+10  8.713526e+10  1.926696e+11  5.980255e+12  2.783495e+14  6.736494e+15 
 2.612613e+02  2.320495e+08  4.724581e+08  8.077149e+08  1.484400e+09  2.459694e+09  4.144345e+09  4.582948e+09  7.274221e+09  9.855046e+09  1.326090e+10  1.813775e+10  2.589635e+10  3.730896e+10  5.698210e+10  8.708549e+10  1.925561e+11  5.976107e+12  2.781673e+14  6.732463e+15 
 2.615616e+02  2.319195e+08  4.721932e+08  8.072614e+08  1.483566e+09  2.458310e+09  4.142013e+09  4.580361e+09  7.270109e+09  9.849460e+09  1.325338e+10  1.812745e+10  2.588163e+10  3.728773e+10  5.694965e+10  8.703575e+10  1.924426e+11  5.971962e+12  2.779852e+14  6.728434e+15 
 2.618619e+02  2.317896e+08  4.719283e+08  8.068082e+08  1.482733e+09  2.456927e+09  4.139682e+09  4.577775e+09  7.265999e+09  9.843876e+09  1.324586e+10  1.811716e+10  2.586692e+10  3.726651e+10  5.691721e+10  8.698602e+10  1.923292e+11  5.967820e+12  2.778033e+14  6.724408e+15 
 2.621622e+02  2.316597e+08  4.716636e+08  8.063551e+08  1.481899e+09  2.455545e+09  4.137352e+09  4.575191e+09  7.261891e+09  9.838295e+09  1.323834e+10  1.810687e+10  2.585221e+10  3.724531e+10  5.688479e+10  8.693632e+10  1.922159e+11  5.963682e+12  2.776215e+14  6.720384e+15 
 2.624625e+02  2.315299e+08  4.713989e+08  8.059023e+08  1.481066e+09  2.454164e+09  4.135023e+09  4.572607e+09  7.257785e+09  9.832716e+09  1.323083e+10  1.809658e+10  2.583751e+10  3.722411e+10  5.685238e+10  8.688664e+10  1.921026e+11  5.959547e+12  2.774398e+14  6.716362e+15 
 2.627628e+02  2.314001e+08  4.711344e+08  8.054496e+08  1.480233e+09  2.452783e+09  4.132696e+09  4.570025e+09  7.253680e+09  9.827140e+09  1.322332e+10  1.808630e+10  2.582282e+10  3.720292e+10  5.681999e+10  8.683699e+10  1.919894e+11  5.955415e+12  2.772583e+14  6.712343e+15 
 2.630631e+02  2.312704e+08  4.708700e+08  8.049971e+08  1.479401e+09  2.451402e+09  4.130369e+09  4.567443e+09  7.249577e+09  9.821566e+09  1.321581e+10  1.807603e+10  2.580813e+10  3.718174e+10  5.678761e+10  8.678735e+10  1.918763e+11  5.951286e+12  2.770768e+14  6.708326e+15 
 2.633634e+02  2.311407e+08  4.706057e+08  8.045448e+08  1.478569e+09  2.450023e+09  4.128043e+09  4.564863e+09  7.245476e+09  9.815995e+09  1.320831e+10  1.806575e+10  2.579345e+10  3.716057e+10  5.675525e+10  8.673774e+10  1.917632e+11  5.947160e+12  2.768955e+14  6.704311e+15 
 2.636637e+02  2.310111e+08  4.703415e+08  8.040927e+08  1.477738e+09  2.448643e+09  4.125718e+09  4.562284e+09  7.241377e+09  9.810426e+09  1.320081e+10  1.805549e+10  2.577877e+10  3.713941e+10  5.672290e+10  8.668815e+10  1.916501e+11  5.943037e+12  2.767144e+14  6.700299e+15 
 2.639640e+02  2.308816e+08  4.700775e+08  8.036408e+08  1.476906e+09  2.447265e+09  4.123394e+09  4.559706e+09  7.237279e+09  9.804859e+09  1.319331e+10  1.804523e+10  2.576411e+10  3.711826e+10  5.669057e+10  8.663858e+10  1.915371e+11  5.938917e+12  2.765333e+14  6.696289e+15 
 2.642643e+02  2.307521e+08  4.698135e+08  8.031891e+08  1.476075e+09  2.445887e+09  4.121071e+09  4.557130e+09  7.233184e+09  9.799296e+09  1.318582e+10  1.803497e+10  2.574945e+10  3.709712e+10  5.665825e+10  8.658904e+10  1.914242e+11  5.934801e+12  2.763524e+14  6.692282e+15 
 2.645646e+02  2.306226e+08  4.695497e+08  8.027376e+08  1.475245e+09  2.444510e+09  4.118749e+09  4.554554e+09  7.229090e+09  9.793734e+09  1.317832e+10  1.802471e+10  2.573479e+10  3.707599e+10  5.662594e+10  8.653952e+10  1.913113e+11  5.930688e+12  2.761716e+14  6.688277e+15 
 2.648649e+02  2.304933e+08  4.692860e+08  8.022863e+08  1.474415e+09  2.443133e+09  4.116428e+09  4.551980e+09  7.224998e+09  9.788175e+09  1.317084e+10  1.801447e+10  2.572014e+10  3.705487e+10  5.659365e+10  8.649002e+10  1.911985e+11  5.926578e+12  2.759909e+14  6.684274e+15 
 2.651652e+02  2.303639e+08  4.690224e+08  8.018352e+08  1.473585e+09  2.441757e+09  4.114109e+09  4.549406e+09  7.220908e+09  9.782619e+09  1.316335e+10  1.800422e+10  2.570550e+10  3.703376e+10  5.656137e+10  8.644054e+10  1.910858e+11  5.922471e+12  2.758104e+14  6.680274e+15 
 2.654655e+02  2.302347e+08  4.687589e+08  8.013843e+08  1.472755e+09  2.440381e+09  4.111790e+09  4.546834e+09  7.216820e+09  9.777065e+09  1.315587e+10  1.799398e+10  2.569087e+10  3.701265e+10  5.652911e+10  8.639109e+10  1.909731e+11  5.918367e+12  2.756300e+14  6.676276e+15 
 2.657658e+02  2.301055e+08  4.684955e+08  8.009335e+08  1.471926e+09  2.439006e+09  4.109472e+09  4.544263e+09  7.212733e+09  9.771513e+09  1.314840e+10  1.798375e+10  2.567624e+10  3.699156e+10  5.649687e+10  8.634166e+10  1.908604e+11  5.914266e+12  2.754497e+14  6.672281e+15 
 2.660661e+02  2.299763e+08  4.682322e+08  8.004830e+08  1.471098e+09  2.437632e+09  4.107155e+09  4.541693e+09  7.208648e+09  9.765964e+09  1.314092e+10  1.797352e+10  2.566162e+10  3.697048e+10  5.646464e+10  8.629225e+10  1.907478e+11  5.910169e+12  2.752695e+14  6.668287e+15 
 2.663664e+02  2.298472e+08  4.679691e+08  8.000327e+08  1.470269e+09  2.436258e+09  4.104839e+09  4.539124e+09  7.204566e+09  9.760418e+09  1.313345e+10  1.796329e+10  2.564700e+10  3.694940e+10  5.643242e+10  8.624287e+10  1.906353e+11  5.906074e+12  2.750895e+14  6.664297e+15 
 2.666667e+02  2.297182e+08  4.677061e+08  7.995826e+08  1.469441e+09  2.434885e+09  4.102525e+09  4.536557e+09  7.200485e+09  9.754874e+09  1.312599e+10  1.795307e+10  2.563239e+10  3.692834e+10  5.640022e+10  8.619351e+10  1.905228e+11  5.901983e+12  2.749096e+14  6.660308e+15 
 2.669670e+02  2.295892e+08  4.674431e+08  7.991326e+08  1.468614e+09  2.433512e+09  4.100211e+09  4.533990e+09  7.196405e+09  9.749333e+09  1.311852e+10  1.794286e+10  2.561779e+10  3.690729e+10  5.636803e+10  8.614417e+10  1.904104e+11  5.897895e+12  2.747298e+14  6.656322e+15 
 2.672673e+02  2.294603e+08  4.671803e+08  7.986829e+08  1.467786e+09  2.432140e+09  4.097898e+09  4.531425e+09  7.192328e+09  9.743794e+09  1.311107e+10  1.793264e+10  2.560320e+10  3.688624e+10  5.633586e+10  8.609485e+10  1.902981e+11  5.893810e+12  2.745501e+14  6.652338e+15 
 2.675676e+02  2.293314e+08  4.669177e+08  7.982334e+08  1.466960e+09  2.430769e+09  4.095587e+09  4.528861e+09  7.188253e+09  9.738257e+09  1.310361e+10  1.792244e+10  2.558861e+10  3.686521e+10  5.630370e+10  8.604556e+10  1.901858e+11  5.889728e+12  2.743706e+14  6.648357e+15 
 2.678679e+02  2.292026e+08  4.666551e+08  7.977841e+08  1.466133e+09  2.429398e+09  4.093276e+09  4.526298e+09  7.184179e+09  9.732724e+09  1.309616e+10  1.791224e+10  2.557403e+10  3.684418e+10  5.627156e+10  8.599629e+10  1.900736e+11  5.885649e+12  2.741912e+14  6.644378e+15 
 2.681682e+02  2.290738e+08  4.663926e+08  7.973349e+08  1.465307e+09  2.428028e+09  4.090967e+09  4.523736e+09  7.180107e+09  9.727192e+09  1.308871e+10  1.790204e+10  2.555946e+10  3.682317e+10  5.623943e+10  8.594705e+10  1.899614e+11  5.881573e+12  2.740119e+14  6.640401e+15 
 2.684685e+02  2.289451e+08  4.661303e+08  7.968860e+08  1.464481e+09  2.426659e+09  4.088658e+09  4.521175e+09  7.176037e+09  9.721664e+09  1.308126e+10  1.789185e+10  2.554489e+10  3.680216e+10  5.620732e+10  8.589782e+10  1.898493e+11  5.877501e+12  2.738328e+14  6.636427e+15 
 2.687688e+02  2.288165e+08  4.658681e+08  7.964373e+08  1.463656e+09  2.425290e+09  4.086351e+09  4.518616e+09  7.171969e+09  9.716138e+09  1.307382e+10  1.788166e+10  2.553033e+10  3.678117e+10  5.617523e+10  8.584862e+10  1.897372e+11  5.873431e+12  2.736537e+14  6.632455e+15 
 2.690691e+02  2.286879e+08  4.656060e+08  7.959888e+08  1.462831e+09  2.423922e+09  4.084044e+09  4.516058e+09  7.167903e+09  9.710614e+09  1.306638e+10  1.787148e+10  2.551577e+10  3.676018e+10  5.614314e+10  8.579945e+10  1.896252e+11  5.869365e+12  2.734748e+14  6.628485e+15 
 2.693694e+02  2.285594e+08  4.653440e+08  7.955405e+08  1.462006e+09  2.422554e+09  4.081739e+09  4.513501e+09  7.163839e+09  9.705093e+09  1.305894e+10  1.786130e+10  2.550123e+10  3.673921e+10  5.611108e+10  8.575030e+10  1.895133e+11  5.865302e+12  2.732961e+14  6.624518e+15 
 2.696697e+02  2.284309e+08  4.650822e+08  7.950923e+08  1.461182e+09  2.421187e+09  4.079435e+09  4.510945e+09  7.159776e+09  9.699575e+09  1.305151e+10  1.785112e+10  2.548669e+10  3.671824e+10  5.607903e+10  8.570117e+10  1.894014e+11  5.861242e+12  2.731174e+14  6.620553e+15 
 2.699700e+02  2.283025e+08  4.648204e+08  7.946444e+08  1.460358e+09  2.419821e+09  4.077131e+09  4.508390e+09  7.155716e+09  9.694059e+09  1.304408e+10  1.784096e+10  2.547215e+10  3.669728e+10  5.604699e+10  8.565206e+10  1.892896e+11  5.857185e+12  2.729389e+14  6.616591e+15 
 2.702703e+02  2.281741e+08  4.645588e+08  7.941967e+08  1.459534e+09  2.418455e+09  4.074829e+09  4.505836e+09  7.151657e+09  9.688546e+09  1.303666e+10  1.783079e+10  2.545763e+10  3.667634e+10  5.601497e+10  8.560298e+10  1.891778e+11  5.853131e+12  2.727605e+14  6.612631e+15 
 2.705706e+02  2.280458e+08  4.642973e+08  7.937492e+08  1.458711e+09  2.417090e+09  4.072528e+09  4.503284e+09  7.147600e+09  9.683035e+09  1.302924e+10  1.782063e+10  2.544311e+10  3.665540e+10  5.598296e+10  8.555392e+10  1.890661e+11  5.849080e+12  2.725822e+14  6.608673e+15 
 2.708709e+02  2.279176e+08  4.640359e+08  7.933019e+08  1.457888e+09  2.415726e+09  4.070228e+09  4.500733e+09  7.143545e+09  9.677527e+09  1.302182e+10  1.781048e+10  2.542860e+10  3.663448e+10  5.595097e+10  8.550489e+10  1.889544e+11  5.845033e+12  2.724041e+14  6.604717e+15 
 2.711712e+02  2.277894e+08  4.637746e+08  7.928548e+08  1.457066e+09  2.414362e+09  4.067929e+09  4.498183e+09  7.139492e+09  9.672021e+09  1.301440e+10  1.780033e+10  2.541409e+10  3.661356e+10  5.591900e+10  8.545588e+10  1.888429e+11  5.840988e+12  2.722260e+14  6.600764e+15 
 2.714715e+02  2.276613e+08  4.635135e+08  7.924079e+08  1.456244e+09  2.412999e+09  4.065631e+09  4.495634e+09  7.135441e+09  9.666519e+09  1.300699e+10  1.779018e+10  2.539959e+10  3.659265e+10  5.588704e+10  8.540689e+10  1.887313e+11  5.836947e+12  2.720481e+14  6.596813e+15 
 2.717718e+02  2.275332e+08  4.632524e+08  7.919612e+08  1.455422e+09  2.411636e+09  4.063334e+09  4.493086e+09  7.131392e+09  9.661018e+09  1.299959e+10  1.778005e+10  2.538510e+10  3.657176e+10  5.585509e+10  8.535793e+10  1.886199e+11  5.832909e+12  2.718704e+14  6.592865e+15 
 2.720721e+02  2.274052e+08  4.629915e+08  7.915148e+08  1.454601e+09  2.410274e+09  4.061038e+09  4.490540e+09  7.127345e+09  9.655521e+09  1.299218e+10  1.776991e+10  2.537061e+10  3.655087e+10  5.582317e+10  8.530899e+10  1.885085e+11  5.828874e+12  2.716927e+14  6.588918e+15 
 2.723724e+02  2.272773e+08  4.627307e+08  7.910685e+08  1.453780e+09  2.408913e+09  4.058743e+09  4.487994e+09  7.123299e+09  9.650026e+09  1.298478e+10  1.775978e+10  2.535614e+10  3.653000e+10  5.579125e+10  8.526007e+10  1.883971e+11  5.824842e+12  2.715152e+14  6.584975e+15 
 2.726727e+02  2.271494e+08  4.624701e+08  7.906224e+08  1.452960e+09  2.407552e+09  4.056450e+09  4.485450e+09  7.119256e+09  9.644533e+09  1.297738e+10  1.774966e+10  2.534166e+10  3.650913e+10  5.575935e+10  8.521118e+10  1.882858e+11  5.820813e+12  2.713378e+14  6.581033e+15 
 2.729730e+02  2.270216e+08  4.622095e+08  7.901766e+08  1.452140e+09  2.406192e+09  4.054157e+09  4.482908e+09  7.115214e+09  9.639044e+09  1.296999e+10  1.773954e+10  2.532720e+10  3.648828e+10  5.572747e+10  8.516232e+10  1.881746e+11  5.816787e+12  2.711605e+14  6.577094e+15 
 2.732733e+02  2.268938e+08  4.619491e+08  7.897309e+08  1.451320e+09  2.404833e+09  4.051865e+09  4.480366e+09  7.111175e+09  9.633557e+09  1.296260e+10  1.772942e+10  2.531274e+10  3.646743e+10  5.569561e+10  8.511347e+10  1.880634e+11  5.812764e+12  2.709833e+14  6.573157e+15 
 2.735736e+02  2.267661e+08  4.616888e+08  7.892855e+08  1.450501e+09  2.403474e+09  4.049575e+09  4.477826e+09  7.107137e+09  9.628072e+09  1.295522e+10  1.771931e+10  2.529829e+10  3.644659e+10  5.566375e+10  8.506465e+10  1.879523e+11  5.808745e+12  2.708063e+14  6.569222e+15 
 2.738739e+02  2.266384e+08  4.614286e+08  7.888403e+08  1.449682e+09  2.402116e+09  4.047285e+09  4.475286e+09  7.103101e+09  9.622590e+09  1.294783e+10  1.770920e+10  2.528385e+10  3.642577e+10  5.563192e+10  8.501586e+10  1.878413e+11  5.804728e+12  2.706294e+14  6.565290e+15 
 2.741742e+02  2.265108e+08  4.611685e+08  7.883953e+08  1.448863e+09  2.400758e+09  4.044997e+09  4.472748e+09  7.099067e+09  9.617111e+09  1.294045e+10  1.769910e+10  2.526942e+10  3.640495e+10  5.560010e+10  8.496709e+10  1.877303e+11  5.800715e+12  2.704526e+14  6.561360e+15 
 2.744745e+02  2.263833e+08  4.609086e+08  7.879504e+08  1.448045e+09  2.399401e+09  4.042710e+09  4.470211e+09  7.095035e+09  9.611635e+09  1.293308e+10  1.768901e+10  2.525499e+10  3.638415e+10  5.556829e+10  8.491834e+10  1.876194e+11  5.796705e+12  2.702760e+14  6.557433e+15 
 2.747748e+02  2.262558e+08  4.606488e+08  7.875058e+08  1.447227e+09  2.398045e+09  4.040424e+09  4.467676e+09  7.091005e+09  9.606161e+09  1.292571e+10  1.767892e+10  2.524056e+10  3.636336e+10  5.553651e+10  8.486962e+10  1.875085e+11  5.792698e+12  2.700995e+14  6.553508e+15 
 2.750751e+02  2.261284e+08  4.603891e+08  7.870615e+08  1.446410e+09  2.396690e+09  4.038139e+09  4.465142e+09  7.086977e+09  9.600690e+09  1.291834e+10  1.766883e+10  2.522615e+10  3.634257e+10  5.550473e+10  8.482092e+10  1.873977e+11  5.788694e+12  2.699230e+14  6.549585e+15 
 2.753754e+02  2.260011e+08  4.601295e+08  7.866173e+08  1.445593e+09  2.395335e+09  4.035855e+09  4.462608e+09  7.082951e+09  9.595221e+09  1.291097e+10  1.765875e+10  2.521174e+10  3.632180e+10  5.547298e+10  8.477225e+10  1.872870e+11  5.784693e+12  2.697468e+14  6.545664e+15 
 2.756757e+02  2.258738e+08  4.598701e+08  7.861733e+08  1.444776e+09  2.393980e+09  4.033572e+09  4.460076e+09  7.078927e+09  9.589755e+09  1.290361e+10  1.764867e+10  2.519734e+10  3.630103e+10  5.544124e+10  8.472360e+10  1.871763e+11  5.780695e+12  2.695706e+14  6.541746e+15 
 2.759760e+02  2.257466e+08  4.596107e+08  7.857296e+08  1.443960e+09  2.392627e+09  4.031290e+09  4.457546e+09  7.074905e+09  9.584292e+09  1.289626e+10  1.763860e+10  2.518295e+10  3.628028e+10  5.540951e+10  8.467497e+10  1.870657e+11  5.776700e+12  2.693946e+14  6.537830e+15 
 2.762763e+02  2.256194e+08  4.593515e+08  7.852860e+08  1.443144e+09  2.391274e+09  4.029009e+09  4.455016e+09  7.070884e+09  9.578832e+09  1.288890e+10  1.762854e+10  2.516856e+10  3.625954e+10  5.537780e+10  8.462638e+10  1.869551e+11  5.772709e+12  2.692187e+14  6.533916e+15 
 2.765766e+02  2.254923e+08  4.590924e+08  7.848427e+08  1.442328e+09  2.389922e+09  4.026729e+09  4.452488e+09  7.066866e+09  9.573374e+09  1.288155e+10  1.761848e+10  2.515418e+10  3.623880e+10  5.534611e+10  8.457780e+10  1.868446e+11  5.768720e+12  2.690429e+14  6.530005e+15 
 2.768769e+02  2.253652e+08  4.588335e+08  7.843996e+08  1.441513e+09  2.388570e+09  4.024451e+09  4.449961e+09  7.062850e+09  9.567919e+09  1.287421e+10  1.760842e+10  2.513981e+10  3.621808e+10  5.531443e+10  8.452925e+10  1.867342e+11  5.764735e+12  2.688672e+14  6.526096e+15 
 2.771772e+02  2.252382e+08  4.585746e+08  7.839567e+08  1.440699e+09  2.387219e+09  4.022173e+09  4.447435e+09  7.058835e+09  9.562467e+09  1.286686e+10  1.759837e+10  2.512545e+10  3.619737e+10  5.528277e+10  8.448072e+10  1.866238e+11  5.760752e+12  2.686917e+14  6.522189e+15 
 2.774775e+02  2.251113e+08  4.583159e+08  7.835140e+08  1.439884e+09  2.385869e+09  4.019897e+09  4.444911e+09  7.054823e+09  9.557017e+09  1.285952e+10  1.758832e+10  2.511109e+10  3.617667e+10  5.525112e+10  8.443222e+10  1.865135e+11  5.756773e+12  2.685162e+14  6.518285e+15 
 2.777778e+02  2.249844e+08  4.580573e+08  7.830715e+08  1.439070e+09  2.384519e+09  4.017622e+09  4.442387e+09  7.050812e+09  9.551570e+09  1.285219e+10  1.757828e+10  2.509674e+10  3.615598e+10  5.521949e+10  8.438375e+10  1.864032e+11  5.752797e+12  2.683410e+14  6.514383e+15 
 2.780781e+02  2.248576e+08  4.577989e+08  7.826292e+08  1.438257e+09  2.383170e+09  4.015348e+09  4.439865e+09  7.046804e+09  9.546126e+09  1.284486e+10  1.756825e+10  2.508240e+10  3.613530e+10  5.518788e+10  8.433529e+10  1.862930e+11  5.748824e+12  2.681658e+14  6.510483e+15 
 2.783784e+02  2.247309e+08  4.575405e+08  7.821872e+08  1.437444e+09  2.381822e+09  4.013075e+09  4.437345e+09  7.042797e+09  9.540684e+09  1.283753e+10  1.755822e+10  2.506806e+10  3.611463e+10  5.515628e+10  8.428687e+10  1.861829e+11  5.744854e+12  2.679907e+14  6.506585e+15 
 2.786787e+02  2.246042e+08  4.572823e+08  7.817454e+08  1.436631e+09  2.380474e+09  4.010803e+09  4.434825e+09  7.038793e+09  9.535246e+09  1.283021e+10  1.754819e+10  2.505373e+10  3.609397e+10  5.512470e+10  8.423847e+10  1.860728e+11  5.740887e+12  2.678158e+14  6.502690e+15 
 2.789790e+02  2.244776e+08  4.570242e+08  7.813037e+08  1.435819e+09  2.379127e+09  4.008532e+09  4.432307e+09  7.034790e+09  9.529810e+09  1.282288e+10  1.753817e+10  2.503941e+10  3.607332e+10  5.509313e+10  8.419009e+10  1.859628e+11  5.736923e+12  2.676410e+14  6.498797e+15 
 2.792793e+02  2.243510e+08  4.567663e+08  7.808624e+08  1.435007e+09  2.377781e+09  4.006262e+09  4.429790e+09  7.030790e+09  9.524376e+09  1.281557e+10  1.752815e+10  2.502510e+10  3.605268e+10  5.506158e+10  8.414174e+10  1.858529e+11  5.732962e+12  2.674663e+14  6.494907e+15 
 2.795796e+02  2.242245e+08  4.565084e+08  7.804212e+08  1.434195e+09  2.376435e+09  4.003994e+09  4.427274e+09  7.026791e+09  9.518946e+09  1.280825e+10  1.751814e+10  2.501079e+10  3.603205e+10  5.503005e+10  8.409341e+10  1.857430e+11  5.729005e+12  2.672918e+14  6.491018e+15 
 2.798799e+02  2.240981e+08  4.562507e+08  7.799802e+08  1.433384e+09  2.375090e+09  4.001726e+09  4.424759e+09  7.022794e+09  9.513518e+09  1.280094e+10  1.750814e+10  2.499649e+10  3.601143e+10  5.499853e+10  8.404511e+10  1.856332e+11  5.725050e+12  2.671173e+14  6.487132e+15 
 2.801802e+02  2.239717e+08  4.559931e+08  7.795395e+08  1.432573e+09  2.373745e+09  3.999460e+09  4.422246e+09  7.018800e+09  9.508093e+09  1.279364e+10  1.749814e+10  2.498220e+10  3.599083e+10  5.496703e+10  8.399683e+10  1.855234e+11  5.721099e+12  2.669430e+14  6.483249e+15 
 2.804805e+02  2.238454e+08  4.557357e+08  7.790989e+08  1.431763e+09  2.372402e+09  3.997195e+09  4.419734e+09  7.014807e+09  9.502671e+09  1.278634e+10  1.748814e+10  2.496791e+10  3.597023e+10  5.493555e+10  8.394858e+10  1.854137e+11  5.717150e+12  2.667688e+14  6.479367e+15 
 2.807808e+02  2.237191e+08  4.554784e+08  7.786586e+08  1.430953e+09  2.371059e+09  3.994931e+09  4.417223e+09  7.010817e+09  9.497251e+09  1.277904e+10  1.747815e+10  2.495364e+10  3.594964e+10  5.490408e+10  8.390036e+10  1.853041e+11  5.713205e+12  2.665948e+14  6.475488e+15 
 2.810811e+02  2.235930e+08  4.552212e+08  7.782185e+08  1.430144e+09  2.369716e+09  3.992668e+09  4.414714e+09  7.006828e+09  9.491835e+09  1.277174e+10  1.746817e+10  2.493937e+10  3.592907e+10  5.487263e+10  8.385216e+10  1.851945e+11  5.709263e+12  2.664208e+14  6.471611e+15 
 2.813814e+02  2.234668e+08  4.549641e+08  7.777787e+08  1.429334e+09  2.368375e+09  3.990406e+09  4.412206e+09  7.002842e+09  9.486421e+09  1.276445e+10  1.745819e+10  2.492511e+10  3.590850e+10  5.484120e+10  8.380398e+10  1.850850e+11  5.705324e+12  2.662470e+14  6.467737e+15 
 2.816817e+02  2.233408e+08  4.547071e+08  7.773390e+08  1.428526e+09  2.367034e+09  3.988145e+09  4.409699e+09  6.998857e+09  9.481010e+09  1.275717e+10  1.744821e+10  2.491085e+10  3.588795e+10  5.480978e+10  8.375583e+10  1.849756e+11  5.701388e+12  2.660733e+14  6.463864e+15 
 2.819820e+02  2.232148e+08  4.544503e+08  7.768996e+08  1.427717e+09  2.365693e+09  3.985886e+09  4.407193e+09  6.994875e+09  9.475601e+09  1.274988e+10  1.743824e+10  2.489660e+10  3.586741e+10  5.477837e+10  8.370771e+10  1.848662e+11  5.697455e+12  2.658997e+14  6.459995e+15 
 2.822823e+02  2.230888e+08  4.541936e+08  7.764604e+08  1.426910e+09  2.364354e+09  3.983627e+09  4.404689e+09  6.990894e+09  9.470196e+09  1.274260e+10  1.742828e+10  2.488236e+10  3.584687e+10  5.474699e+10  8.365961e+10  1.847569e+11  5.693525e+12  2.657263e+14  6.456127e+15 
 2.825826e+02  2.229629e+08  4.539371e+08  7.760214e+08  1.426102e+09  2.363015e+09  3.981370e+09  4.402185e+09  6.986916e+09  9.464793e+09  1.273533e+10  1.741832e+10  2.486813e+10  3.582635e+10  5.471562e+10  8.361154e+10  1.846476e+11  5.689598e+12  2.655530e+14  6.452261e+15 
 2.828829e+02  2.228371e+08  4.536806e+08  7.755826e+08  1.425295e+09  2.361677e+09  3.979114e+09  4.399684e+09  6.982939e+09  9.459393e+09  1.272806e+10  1.740837e+10  2.485390e+10  3.580584e+10  5.468427e+10  8.356349e+10  1.845384e+11  5.685674e+12  2.653798e+14  6.448398e+15 
 2.831832e+02  2.227114e+08  4.534243e+08  7.751441e+08  1.424488e+09  2.360339e+09  3.976859e+09  4.397183e+09  6.978965e+09  9.453996e+09  1.272079e+10  1.739842e+10  2.483969e+10  3.578534e+10  5.465293e+10  8.351547e+10  1.844293e+11  5.681754e+12  2.652067e+14  6.444538e+15 
 2.834835e+02  2.225857e+08  4.531681e+08  7.747058e+08  1.423682e+09  2.359002e+09  3.974605e+09  4.394684e+09  6.974993e+09  9.448602e+09  1.271352e+10  1.738847e+10  2.482548e+10  3.576485e+10  5.462161e+10  8.346747e+10  1.843202e+11  5.677836e+12  2.650337e+14  6.440679e+15 
 2.837838e+02  2.224601e+08  4.529121e+08  7.742677e+08  1.422876e+09  2.357666e+09  3.972352e+09  4.392186e+09  6.971022e+09  9.443210e+09  1.270626e+10  1.737854e+10  2.481127e+10  3.574437e+10  5.459031e+10  8.341950e+10  1.842112e+11  5.673921e+12  2.648609e+14  6.436823e+15 
 2.840841e+02  2.223345e+08  4.526562e+08  7.738298e+08  1.422071e+09  2.356330e+09  3.970101e+09  4.389689e+09  6.967054e+09  9.437822e+09  1.269901e+10  1.736860e+10  2.479708e+10  3.572391e+10  5.455902e+10  8.337155e+10  1.841023e+11  5.670010e+12  2.646881e+14  6.432969e+15 
 2.843844e+02  2.222090e+08  4.524004e+08  7.733921e+08  1.421266e+09  2.354995e+09  3.967850e+09  4.387194e+09  6.963088e+09  9.432436e+09  1.269176e+10  1.735867e+10  2.478289e+10  3.570345e+10  5.452775e+10  8.332364e+10  1.839934e+11  5.666102e+12  2.645155e+14  6.429117e+15 
 2.846847e+02  2.220836e+08  4.521447e+08  7.729547e+08  1.420461e+09  2.353661e+09  3.965601e+09  4.384700e+09  6.959124e+09  9.427053e+09  1.268451e+10  1.734875e+10  2.476871e+10  3.568300e+10  5.449650e+10  8.327574e+10  1.838846e+11  5.662196e+12  2.643431e+14  6.425268e+15 
 2.849850e+02  2.219582e+08  4.518892e+08  7.725175e+08  1.419657e+09  2.352328e+09  3.963353e+09  4.382207e+09  6.955161e+09  9.421673e+09  1.267726e+10  1.733884e+10  2.475454e+10  3.566257e+10  5.446526e+10  8.322788e+10  1.837759e+11  5.658294e+12  2.641707e+14  6.421420e+15 
 2.852853e+02  2.218329e+08  4.516338e+08  7.720805e+08  1.418853e+09  2.350995e+09  3.961106e+09  4.379715e+09  6.951201e+09  9.416295e+09  1.267002e+10  1.732892e+10  2.474037e+10  3.564215e+10  5.443404e+10  8.318003e+10  1.836672e+11  5.654395e+12  2.639985e+14  6.417575e+15 
 2.855856e+02  2.217076e+08  4.513785e+08  7.716438e+08  1.418050e+09  2.349663e+09  3.958860e+09  4.377225e+09  6.947243e+09  9.410921e+09  1.266278e+10  1.731902e+10  2.472621e+10  3.562173e+10  5.440284e+10  8.313222e+10  1.835586e+11  5.650499e+12  2.638264e+14  6.413733e+15 
 2.858859e+02  2.215872e+08  4.511331e+08  7.712242e+08  1.417277e+09  2.348384e+09  3.956700e+09  4.374833e+09  6.943437e+09  9.405764e+09  1.265584e+10  1.730951e+10  2.471263e+10  3.560215e+10  5.437293e+10  8.308641e+10  1.834547e+11  5.646743e+12  2.636571e+14  6.409892e+15 
 2.861862e+02  2.214683e+08  4.508907e+08  7.708101e+08  1.416515e+09  2.347122e+09  3.954567e+09  4.372472e+09  6.939678e+09  9.400675e+09  1.264899e+10  1.730013e+10  2.469923e+10  3.558283e+10  5.434342e+10  8.304122e+10  1.833523e+11  5.643033e+12  2.634888e+14  6.406053e+15 
 2.864865e+02  2.213490e+08  4.506475e+08  7.703944e+08  1.415749e+09  2.345855e+09  3.952426e+09  4.370102e+09  6.935905e+09  9.395566e+09  1.264212e+10  1.729071e+10  2.468578e+10  3.556343e+10  5.431379e+10  8.299585e+10  1.832495e+11  5.639311e+12  2.633203e+14  6.402217e+15 
 2.867868e+02  2.212292e+08  4.504034e+08  7.699771e+08  1.414981e+09  2.344584e+09  3.950278e+09  4.367723e+09  6.932119e+09  9.390438e+09  1.263522e+10  1.728125e+10  2.467227e+10  3.554396e+10  5.428405e+10  8.295030e+10  1.831463e+11  5.635578e+12  2.631517e+14  6.398384e+15 
 2.870871e+02  2.211090e+08  4.501584e+08  7.695584e+08  1.414211e+09  2.343307e+09  3.948123e+09  4.365337e+09  6.928320e+09  9.385291e+09  1.262829e+10  1.727177e+10  2.465872e+10  3.552442e+10  5.425419e+10  8.290458e+10  1.830426e+11  5.631834e+12  2.629829e+14  6.394553e+15 
 2.873874e+02  2.209885e+08  4.499127e+08  7.691383e+08  1.413437e+09  2.342027e+09  3.945961e+09  4.362942e+09  6.924509e+09  9.380127e+09  1.262134e+10  1.726225e+10  2.464512e+10  3.550481e+10  5.422424e+10  8.285870e+10  1.829386e+11  5.628080e+12  2.628140e+14  6.390725e+15 
 2.876877e+02  2.208675e+08  4.496662e+08  7.687169e+08  1.412662e+09  2.340742e+09  3.943792e+09  4.360539e+09  6.920687e+09  9.374946e+09  1.261437e+10  1.725270e+10  2.463147e+10  3.548513e+10  5.419418e+10  8.281266e+10  1.828342e+11  5.624316e+12  2.626449e+14  6.386899e+15 
 2.879880e+02  2.207462e+08  4.494191e+08  7.682942e+08  1.411884e+09  2.339454e+09  3.941617e+09  4.358130e+09  6.916853e+09  9.369749e+09  1.260737e+10  1.724312e+10  2.461779e+10  3.546540e+10  5.416403e+10  8.276647e+10  1.827295e+11  5.620543e+12  2.624758e+14  6.383076e+15 
 2.882883e+02  2.206246e+08  4.491712e+08  7.678704e+08  1.411104e+09  2.338162e+09  3.939436e+09  4.355713e+09  6.913010e+09  9.364537e+09  1.260035e+10  1.723351e+10  2.460406e+10  3.544561e+10  5.413379e+10  8.272015e+10  1.826244e+11  5.616761e+12  2.623065e+14  6.379255e+15 
 2.885886e+02  2.205027e+08  4.489227e+08  7.674454e+08  1.410322e+09  2.336866e+09  3.937249e+09  4.353290e+09  6.909157e+09  9.359311e+09  1.259332e+10  1.722387e+10  2.459030e+10  3.542576e+10  5.410346e+10  8.267369e+10  1.825190e+11  5.612971e+12  2.621371e+14  6.375436e+15 
 2.888889e+02  2.203805e+08  4.486736e+08  7.670194e+08  1.409538e+09  2.335567e+09  3.935058e+09  4.350862e+09  6.905294e+09  9.354072e+09  1.258626e+10  1.721422e+10  2.457650e+10  3.540586e+10  5.407305e+10  8.262711e+10  1.824133e+11  5.609174e+12  2.619677e+14  6.371621e+15 
 2.891892e+02  2.202580e+08  4.484240e+08  7.665924e+08  1.408753e+09  2.334265e+09  3.932861e+09  4.348427e+09  6.901423e+09  9.348820e+09  1.257919e+10  1.720453e+10  2.456266e+10  3.538592e+10  5.404257e+10  8.258041e+10  1.823074e+11  5.605370e+12  2.617982e+14  6.367807e+15 
 2.894895e+02  2.201352e+08  4.481738e+08  7.661645e+08  1.407965e+09  2.332960e+09  3.930660e+09  4.345988e+09  6.897544e+09  9.343556e+09  1.257211e+10  1.719483e+10  2.454880e+10  3.536593e+10  5.401203e+10  8.253361e+10  1.822012e+11  5.601560e+12  2.616286e+14  6.363996e+15 
 2.897898e+02  2.200123e+08  4.479231e+08  7.657357e+08  1.407177e+09  2.331653e+09  3.928455e+09  4.343543e+09  6.893658e+09  9.338282e+09  1.256501e+10  1.718511e+10  2.453491e+10  3.534590e+10  5.398141e+10  8.248670e+10  1.820947e+11  5.597744e+12  2.614590e+14  6.360188e+15 
 2.900901e+02  2.198891e+08  4.476720e+08  7.653061e+08  1.406386e+09  2.330343e+09  3.926246e+09  4.341094e+09  6.889765e+09  9.332997e+09  1.255789e+10  1.717537e+10  2.452099e+10  3.532583e+10  5.395074e+10  8.243970e+10  1.819880e+11  5.593922e+12  2.612893e+14  6.356382e+15 
 2.903904e+02  2.197657e+08  4.474205e+08  7.648758e+08  1.405595e+09  2.329031e+09  3.924033e+09  4.338641e+09  6.885866e+09  9.327704e+09  1.255076e+10  1.716561e+10  2.450704e+10  3.530573e+10  5.392001e+10  8.239262e+10  1.818812e+11  5.590096e+12  2.611197e+14  6.352578e+15 
 2.906907e+02  2.196421e+08  4.471687e+08  7.644449e+08  1.404802e+09  2.327716e+09  3.921817e+09  4.336184e+09  6.881961e+09  9.322402e+09  1.254362e+10  1.715584e+10  2.449308e+10  3.528559e+10  5.388923e+10  8.234546e+10  1.817741e+11  5.586266e+12  2.609499e+14  6.348777e+15 
 2.909910e+02  2.195183e+08  4.469165e+08  7.640134e+08  1.404008e+09  2.326400e+09  3.919599e+09  4.333724e+09  6.878051e+09  9.317093e+09  1.253647e+10  1.714605e+10  2.447909e+10  3.526543e+10  5.385841e+10  8.229823e+10  1.816669e+11  5.582432e+12  2.607802e+14  6.344978e+15 
 2.912913e+02  2.193944e+08  4.466640e+08  7.635813e+08  1.403214e+09  2.325082e+09  3.917377e+09  4.331261e+09  6.874137e+09  9.311777e+09  1.252932e+10  1.713625e+10  2.446509e+10  3.524524e+10  5.382755e+10  8.225094e+10  1.815596e+11  5.578595e+12  2.606105e+14  6.341181e+15 
 2.915916e+02  2.192704e+08  4.464112e+08  7.631488e+08  1.402418e+09  2.323763e+09  3.915154e+09  4.328796e+09  6.870218e+09  9.306456e+09  1.252215e+10  1.712645e+10  2.445107e+10  3.522503e+10  5.379666e+10  8.220360e+10  1.814521e+11  5.574756e+12  2.604408e+14  6.337387e+15 
 2.918919e+02  2.191463e+08  4.461582e+08  7.627160e+08  1.401622e+09  2.322443e+09  3.912929e+09  4.326328e+09  6.866297e+09  9.301129e+09  1.251498e+10  1.711663e+10  2.443704e+10  3.520480e+10  5.376573e+10  8.215621e+10  1.813445e+11  5.570914e+12  2.602711e+14  6.333595e+15 
 2.921922e+02  2.190221e+08  4.459051e+08  7.622828e+08  1.400825e+09  2.321122e+09  3.910702e+09  4.323858e+09  6.862373e+09  9.295799e+09  1.250780e+10  1.710680e+10  2.442300e+10  3.518455e+10  5.373478e+10  8.210878e+10  1.812368e+11  5.567071e+12  2.601015e+14  6.329806e+15 
 2.924925e+02  2.188978e+08  4.456518e+08  7.618493e+08  1.400028e+09  2.319800e+09  3.908474e+09  4.321387e+09  6.858446e+09  9.290465e+09  1.250061e+10  1.709697e+10  2.440895e+10  3.516429e+10  5.370382e+10  8.206133e+10  1.811291e+11  5.563227e+12  2.599319e+14  6.326019e+15 
 2.927928e+02  2.187735e+08  4.453984e+08  7.614157e+08  1.399231e+09  2.318477e+09  3.906245e+09  4.318915e+09  6.854518e+09  9.285129e+09  1.249343e+10  1.708714e+10  2.439489e+10  3.514403e+10  5.367284e+10  8.201385e+10  1.810213e+11  5.559383e+12  2.597623e+14  6.322234e+15 
 2.930931e+02  2.186491e+08  4.451450e+08  7.609820e+08  1.398433e+09  2.317154e+09  3.904015e+09  4.316442e+09  6.850590e+09  9.279792e+09  1.248624e+10  1.707730e+10  2.438083e+10  3.512376e+10  5.364184e+10  8.196635e+10  1.809134e+11  5.555540e+12  2.595929e+14  6.318451e+15 
 2.933934e+02  2.185248e+08  4.448915e+08  7.605482e+08  1.397635e+09  2.315831e+09  3.901785e+09  4.313969e+09  6.846661e+09  9.274454e+09  1.247905e+10  1.706746e+10  2.436677e+10  3.510348e+10  5.361085e+10  8.191885e+10  1.808056e+11  5.551697e+12  2.594234e+14  6.314671e+15 
 2.936937e+02  2.184004e+08  4.446380e+08  7.601144e+08  1.396838e+09  2.314507e+09  3.899556e+09  4.311496e+09  6.842732e+09  9.269116e+09  1.247186e+10  1.705762e+10  2.435271e+10  3.508321e+10  5.357986e+10  8.187136e+10  1.806978e+11  5.547855e+12  2.592541e+14  6.310893e+15 
 2.939940e+02  2.182761e+08  4.443846e+08  7.596807e+08  1.396040e+09  2.313184e+09  3.897327e+09  4.309024e+09  6.838804e+09  9.263779e+09  1.246467e+10  1.704779e+10  2.433865e+10  3.506294e+10  5.354887e+10  8.182387e+10  1.805899e+11  5.544015e+12  2.590849e+14  6.307117e+15 
 2.942943e+02  2.181518e+08  4.441313e+08  7.592472e+08  1.395243e+09  2.311862e+09  3.895098e+09  4.306553e+09  6.834877e+09  9.258444e+09  1.245749e+10  1.703795e+10  2.432460e+10  3.504268e+10  5.351789e+10  8.177640e+10  1.804822e+11  5.540178e+12  2.589158e+14  6.303344e+15 
 2.945946e+02  2.180275e+08  4.438781e+08  7.588138e+08  1.394446e+09  2.310540e+09  3.892871e+09  4.304082e+09  6.830953e+09  9.253112e+09  1.245031e+10  1.702812e+10  2.431055e+10  3.502243e+10  5.348693e+10  8.172895e+10  1.803745e+11  5.536343e+12  2.587468e+14  6.299572e+15 
 2.948949e+02  2.179034e+08  4.436250e+08  7.583808e+08  1.393649e+09  2.309219e+09  3.890645e+09  4.301614e+09  6.827031e+09  9.247784e+09  1.244313e+10  1.701830e+10  2.429652e+10  3.500219e+10  5.345599e+10  8.168153e+10  1.802668e+11  5.532512e+12  2.585779e+14  6.295803e+15 
 2.951952e+02  2.177793e+08  4.433722e+08  7.579481e+08  1.392854e+09  2.307899e+09  3.888421e+09  4.299147e+09  6.823112e+09  9.242459e+09  1.243596e+10  1.700849e+10  2.428249e+10  3.498197e+10  5.342508e+10  8.163416e+10  1.801593e+11  5.528685e+12  2.584092e+14  6.292037e+15 
 2.954955e+02  2.176554e+08  4.431196e+08  7.575158e+08  1.392059e+09  2.306581e+09  3.886200e+09  4.296683e+09  6.819197e+09  9.237141e+09  1.242880e+10  1.699869e+10  2.426848e+10  3.496177e+10  5.339420e+10  8.158684e+10  1.800519e+11  5.524863e+12  2.582407e+14  6.288272e+15 
 2.957958e+02  2.175316e+08  4.428673e+08  7.570840e+08  1.391265e+09  2.305264e+09  3.883980e+09  4.294222e+09  6.815286e+09  9.231828e+09  1.242164e+10  1.698889e+10  2.425449e+10  3.494159e+10  5.336335e+10  8.153957e+10  1.799446e+11  5.521046e+12  2.580722e+14  6.284509e+15 
 2.960961e+02  2.174080e+08  4.426153e+08  7.566528e+08  1.390472e+09  2.303948e+09  3.881764e+09  4.291763e+09  6.811380e+09  9.226522e+09  1.241450e+10  1.697912e+10  2.424051e+10  3.492144e+10  5.333255e+10  8.149236e+10  1.798375e+11  5.517235e+12  2.579040e+14  6.280749e+15 
 2.963964e+02  2.172845e+08  4.423637e+08  7.562222e+08  1.389680e+09  2.302635e+09  3.879550e+09  4.289309e+09  6.807480e+09  9.221224e+09  1.240736e+10  1.696935e+10  2.422655e+10  3.490132e+10  5.330179e+10  8.144523e+10  1.797305e+11  5.513430e+12  2.577360e+14  6.276991e+15 
 2.966967e+02  2.171612e+08  4.421124e+08  7.557923e+08  1.388889e+09  2.301324e+09  3.877340e+09  4.286858e+09  6.803586e+09  9.215935e+09  1.240024e+10  1.695960e+10  2.421262e+10  3.488123e+10  5.327108e+10  8.139817e+10  1.796238e+11  5.509631e+12  2.575681e+14  6.273235e+15 
 2.969970e+02  2.170381e+08  4.418616e+08  7.553631e+08  1.388100e+09  2.300015e+09  3.875134e+09  4.284411e+09  6.799698e+09  9.210655e+09  1.239313e+10  1.694987e+10  2.419872e+10  3.486118e+10  5.324043e+10  8.135121e+10  1.795172e+11  5.505841e+12  2.574004e+14  6.269481e+15 
 2.972973e+02  2.169153e+08  4.416113e+08  7.549347e+08  1.387312e+09  2.298708e+09  3.872932e+09  4.281970e+09  6.795818e+09  9.205386e+09  1.238603e+10  1.694016e+10  2.418484e+10  3.484117e+10  5.320985e+10  8.130434e+10  1.794109e+11  5.502058e+12  2.572330e+14  6.265729e+15 
 2.975976e+02  2.167927e+08  4.413614e+08  7.545073e+08  1.386526e+09  2.297404e+09  3.870734e+09  4.279533e+09  6.791946e+09  9.200128e+09  1.237895e+10  1.693047e+10  2.417099e+10  3.482120e+10  5.317932e+10  8.125757e+10  1.793048e+11  5.498283e+12  2.570658e+14  6.261980e+15 
 2.978979e+02  2.166704e+08  4.411122e+08  7.540808e+08  1.385741e+09  2.296104e+09  3.868541e+09  4.277102e+09  6.788082e+09  9.194882e+09  1.237189e+10  1.692080e+10  2.415717e+10  3.480128e+10  5.314887e+10  8.121091e+10  1.791990e+11  5.494518e+12  2.568988e+14  6.258232e+15 
 2.981982e+02  2.165484e+08  4.408635e+08  7.536553e+08  1.384958e+09  2.294806e+09  3.866354e+09  4.274677e+09  6.784227e+09  9.189648e+09  1.236484e+10  1.691115e+10  2.414338e+10  3.478141e+10  5.311850e+10  8.116437e+10  1.790935e+11  5.490762e+12  2.567320e+14  6.254487e+15 
 2.984985e+02  2.164267e+08  4.406154e+08  7.532308e+08  1.384178e+09  2.293512e+09  3.864171e+09  4.272257e+09  6.780382e+09  9.184429e+09  1.235781e+10  1.690153e+10  2.412964e+10  3.476159e+10  5.308821e+10  8.111796e+10  1.789883e+11  5.487016e+12  2.565656e+14  6.250743e+15 
 2.987988e+02  2.163053e+08  4.403680e+08  7.528076e+08  1.383399e+09  2.292221e+09  3.861995e+09  4.269845e+09  6.776547e+09  9.179224e+09  1.235081e+10  1.689194e+10  2.411593e+10  3.474182e+10  5.305800e+10  8.107169e+10  1.788834e+11  5.483281e+12  2.563994e+14  6.247002e+15 
 2.990991e+02  2.161842e+08  4.401212e+08  7.523856e+08  1.382623e+09  2.290934e+09  3.859824e+09  4.267439e+09  6.772723e+09  9.174035e+09  1.234382e+10  1.688237e+10  2.410226e+10  3.472212e+10  5.302788e+10  8.102555e+10  1.787788e+11  5.479557e+12  2.562334e+14  6.243263e+15 
 2.993994e+02  2.160635e+08  4.398752e+08  7.519648e+08  1.381849e+09  2.289651e+09  3.857661e+09  4.265041e+09  6.768910e+09  9.168862e+09  1.233685e+10  1.687284e+10  2.408864e+10  3.470248e+10  5.299787e+10  8.097957e+10  1.786746e+11  5.475845e+12  2.560678e+14  6.239526e+15 
 2.996997e+02  2.159432e+08  4.396300e+08  7.515454e+08  1.381077e+09  2.288373e+09  3.855503e+09  4.262651e+09  6.765109e+09  9.163706e+09  1.232991e+10  1.686333e+10  2.407506e+10  3.468290e+10  5.296795e+10  8.093374e+10  1.785708e+11  5.472145e+12  2.559024e+14  6.235790e+15 
 3.000000e+02  2.158233e+08  4.393856e+08  7.511275e+08  1.380308e+09  2.287098e+09  3.853353e+09  4.260269e+09  6.761321e+09  9.158568e+09  1.232300e+10  1.685386e+10  2.406153e+10  3.466339e+10  5.293814e+10  8.088808e+10  1.784674e+11  5.468458e+12  2.557374e+14  6.232057e+15 
