   time (s)      Etot (j)      nD (m-3)      nD+ (m-3)     nT (m-3)     nT+ (m-3)     nHe4 (m-3)    nHe4+ (m-3)  nHe4++ (m-3)   nHe3 (m-3)    nHe3+ (m-3)  nHe3++ (m-3)
========================================================================================================================================================================
 0.000000e+00  1.600000e-01  1.000000e+20  1.000000e+00  1.000000e+20  1.000000e+00  0.000000e+00  0.000000e+00  0.000000e+00  0.000000e+00  0.000000e+00  0.000000e+00 
 3.003003e-01  2.733820e+07  6.473303e+12  9.993952e+19  6.473304e+12  9.993954e+19  2.282304e+06  1.262021e+08  4.083275e+14  2.415699e+04  1.335798e+06  4.321918e+12 
 6.006006e-01  3.800484e+07  6.999714e+12  9.987608e+19  6.999727e+12  9.987625e+19  2.138135e+07  7.965440e+08  3.640384e+15  1.993075e+05  7.425310e+06  3.393403e+13 
 9.009009e-01  4.562902e+07  7.370166e+12  9.980726e+19  7.370206e+12  9.980780e+19  7.148470e+07  2.176255e+09  1.183255e+16  6.212373e+05  1.891338e+07  1.028307e+14 
 1.201201e+00  5.151607e+07  7.646776e+12  9.973177e+19  7.646863e+12  9.973291e+19  1.599601e+08  4.292759e+09  2.597670e+16  1.321262e+06  3.545886e+07  2.145662e+14 
 1.501502e+00  5.623923e+07  7.861930e+12  9.964899e+19  7.862086e+12  9.965097e+19  2.897216e+08  7.127148e+09  4.639158e+16  2.295282e+06  5.646490e+07  3.675313e+14 
 1.801802e+00  6.012034e+07  8.033981e+12  9.955870e+19  8.034226e+12  9.956174e+19  4.608392e+08  1.063593e+10  7.299000e+16  3.521997e+06  8.128769e+07  5.578314e+14 
 2.102102e+00  6.337059e+07  8.174660e+12  9.946091e+19  8.175015e+12  9.946523e+19  6.716775e+08  1.476161e+10  1.054502e+17  4.972858e+06  1.092964e+08  7.807158e+14 
 2.402402e+00  6.612347e+07  8.291241e+12  9.935588e+19  8.291724e+12  9.936167e+19  9.192604e+08  1.943822e+10  1.432710e+17  6.617332e+06  1.399321e+08  1.031341e+15 
 2.702703e+00  6.848378e+07  8.389232e+12  9.924392e+19  8.389861e+12  9.925136e+19  1.200062e+09  2.459563e+10  1.858820e+17  8.424764e+06  1.726682e+08  1.304944e+15 
 3.003003e+00  7.052587e+07  8.472416e+12  9.912541e+19  8.473206e+12  9.913467e+19  1.510293e+09  3.016528e+10  2.326885e+17  1.036699e+07  2.070480e+08  1.597226e+15 
 3.303303e+00  7.230058e+07  8.543423e+12  9.900079e+19  8.544391e+12  9.901201e+19  1.846028e+09  3.608213e+10  2.830864e+17  1.241892e+07  2.427060e+08  1.904426e+15 
 3.603604e+00  7.385230e+07  8.604486e+12  9.887049e+19  8.605644e+12  9.888380e+19  2.203526e+09  4.228597e+10  3.365055e+17  1.455756e+07  2.793094e+08  2.223117e+15 
 3.903904e+00  7.522371e+07  8.657605e+12  9.873494e+19  8.658966e+12  9.875047e+19  2.578710e+09  4.870739e+10  3.923234e+17  1.675869e+07  3.164683e+08  2.549662e+15 
 4.204204e+00  7.643706e+07  8.703862e+12  9.859454e+19  8.705437e+12  9.861238e+19  2.968553e+09  5.530115e+10  4.500885e+17  1.900675e+07  3.539736e+08  2.881785e+15 
 4.504505e+00  7.751161e+07  8.744191e+12  9.844964e+19  8.745991e+12  9.846991e+19  3.370179e+09  6.202571e+10  5.093742e+17  2.128741e+07  3.916420e+08  3.217409e+15 
 4.804805e+00  7.846662e+07  8.779528e+12  9.830063e+19  8.781561e+12  9.832340e+19  3.780713e+09  6.883950e+10  5.697537e+17  2.358636e+07  4.292904e+08  3.554461e+15 
 5.105105e+00  7.931895e+07  8.810666e+12  9.814782e+19  8.812942e+12  9.817318e+19  4.197637e+09  7.570602e+10  6.308546e+17  2.589128e+07  4.667560e+08  3.891150e+15 
 5.405405e+00  8.008438e+07  8.838277e+12  9.799159e+19  8.840804e+12  9.801961e+19  4.618251e+09  8.258060e+10  6.922731e+17  2.818977e+07  5.038317e+08  4.225631e+15 
 5.705706e+00  8.077432e+07  8.862892e+12  9.783222e+19  8.865676e+12  9.786297e+19  5.040535e+09  8.943311e+10  7.537102e+17  3.047290e+07  5.403975e+08  4.556608e+15 
 6.006006e+00  8.139579e+07  8.884824e+12  9.766993e+19  8.887873e+12  9.770346e+19  5.463223e+09  9.624656e+10  8.149817e+17  3.273561e+07  5.763951e+08  4.883368e+15 
 6.306306e+00  8.195578e+07  8.904388e+12  9.750494e+19  8.907708e+12  9.754131e+19  5.885049e+09  1.030040e+11  8.759037e+17  3.497283e+07  6.117664e+08  5.205198e+15 
 6.606607e+00  8.246131e+07  8.921899e+12  9.733745e+19  8.925496e+12  9.737671e+19  6.304747e+09  1.096883e+11  9.362922e+17  3.717952e+07  6.464530e+08  5.521385e+15 
 6.906907e+00  8.291939e+07  8.937670e+12  9.716768e+19  8.941550e+12  9.720987e+19  6.721051e+09  1.162827e+11  9.959631e+17  3.935061e+07  6.803968e+08  5.831215e+15 
 7.207207e+00  8.333522e+07  8.951938e+12  9.699579e+19  8.956105e+12  9.704096e+19  7.133038e+09  1.227789e+11  1.054792e+18  4.148251e+07  7.135722e+08  6.134232e+15 
 7.507508e+00  8.371489e+07  8.964946e+12  9.682201e+19  8.969406e+12  9.687019e+19  7.539525e+09  1.291567e+11  1.112613e+18  4.357134e+07  7.459017e+08  6.429854e+15 
 7.807808e+00  8.406348e+07  8.976903e+12  9.664649e+19  8.981659e+12  9.669772e+19  7.939793e+09  1.354001e+11  1.169307e+18  4.561480e+07  7.773348e+08  6.717702e+15 
 8.108108e+00  8.438345e+07  8.987908e+12  9.646934e+19  8.992966e+12  9.652364e+19  8.333711e+09  1.415080e+11  1.224852e+18  4.761278e+07  8.078785e+08  6.997784e+15 
 8.408408e+00  8.467725e+07  8.998061e+12  9.629064e+19  9.003424e+12  9.634804e+19  8.721144e+09  1.474788e+11  1.279225e+18  4.956515e+07  8.375396e+08  7.270107e+15 
 8.708709e+00  8.494734e+07  9.007463e+12  9.611047e+19  9.013134e+12  9.617101e+19  9.101959e+09  1.533113e+11  1.332402e+18  5.147180e+07  8.663252e+08  7.534680e+15 
 9.009009e+00  8.519616e+07  9.016211e+12  9.592893e+19  9.022196e+12  9.599263e+19  9.476021e+09  1.590043e+11  1.384359e+18  5.333263e+07  8.942421e+08  7.791509e+15 
 9.309309e+00  8.542616e+07  9.024407e+12  9.574611e+19  9.030709e+12  9.581298e+19  9.843198e+09  1.645563e+11  1.435073e+18  5.514752e+07  9.212972e+08  8.040603e+15 
 9.609610e+00  8.563980e+07  9.032151e+12  9.556208e+19  9.038772e+12  9.563215e+19  1.020335e+10  1.699660e+11  1.484521e+18  5.691636e+07  9.474976e+08  8.281969e+15 
 9.909910e+00  8.583931e+07  9.039535e+12  9.537694e+19  9.046481e+12  9.545023e+19  1.055636e+10  1.752336e+11  1.532682e+18  5.863892e+07  9.728553e+08  8.515617e+15 
 1.021021e+01  8.602446e+07  9.046584e+12  9.519070e+19  9.053855e+12  9.526723e+19  1.090196e+10  1.803752e+11  1.579572e+18  6.031438e+07  9.974398e+08  8.741677e+15 
 1.051051e+01  8.619976e+07  9.053421e+12  9.500350e+19  9.061022e+12  9.508329e+19  1.124023e+10  1.853687e+11  1.625181e+18  6.194588e+07  1.021181e+09  8.960314e+15 
 1.081081e+01  8.636590e+07  9.060069e+12  9.481538e+19  9.068003e+12  9.489843e+19  1.157137e+10  1.902186e+11  1.669543e+18  6.353473e+07  1.044107e+09  9.171744e+15 
 1.111111e+01  8.652356e+07  9.066553e+12  9.462634e+19  9.074823e+12  9.471269e+19  1.189559e+10  1.949296e+11  1.712694e+18  6.508224e+07  1.066244e+09  9.376182e+15 
 1.141141e+01  8.667342e+07  9.072897e+12  9.443642e+19  9.081506e+12  9.452606e+19  1.221311e+10  1.995061e+11  1.754669e+18  6.658973e+07  1.087618e+09  9.573845e+15 
 1.171171e+01  8.681615e+07  9.079123e+12  9.424562e+19  9.088075e+12  9.433858e+19  1.252412e+10  2.039529e+11  1.795501e+18  6.805849e+07  1.108256e+09  9.764948e+15 
 1.201201e+01  8.695245e+07  9.085256e+12  9.405398e+19  9.094554e+12  9.415026e+19  1.282884e+10  2.082743e+11  1.835227e+18  6.948986e+07  1.128186e+09  9.949706e+15 
 1.231231e+01  8.708298e+07  9.091319e+12  9.386149e+19  9.100966e+12  9.396112e+19  1.312747e+10  2.124751e+11  1.873881e+18  7.088513e+07  1.147433e+09  1.012834e+16 
 1.261261e+01  8.720843e+07  9.097336e+12  9.366819e+19  9.107336e+12  9.377118e+19  1.342022e+10  2.165598e+11  1.911497e+18  7.224562e+07  1.166025e+09  1.030105e+16 
 1.291291e+01  8.732948e+07  9.103331e+12  9.347410e+19  9.113686e+12  9.358045e+19  1.370730e+10  2.205329e+11  1.948111e+18  7.357265e+07  1.183988e+09  1.046807e+16 
 1.321321e+01  8.744681e+07  9.109328e+12  9.327923e+19  9.120041e+12  9.338896e+19  1.398892e+10  2.243991e+11  1.983757e+18  7.486751e+07  1.201350e+09  1.062961e+16 
 1.351351e+01  8.756110e+07  9.115349e+12  9.308360e+19  9.126424e+12  9.319672e+19  1.426528e+10  2.281629e+11  2.018470e+18  7.613153e+07  1.218136e+09  1.078588e+16 
 1.381381e+01  8.767303e+07  9.121419e+12  9.288723e+19  9.132859e+12  9.300375e+19  1.453659e+10  2.318288e+11  2.052285e+18  7.736601e+07  1.234374e+09  1.093710e+16 
 1.411411e+01  8.778201e+07  9.127523e+12  9.269010e+19  9.139330e+12  9.281003e+19  1.480243e+10  2.353889e+11  2.085138e+18  7.856871e+07  1.250021e+09  1.108292e+16 
 1.441441e+01  8.788912e+07  9.133680e+12  9.249222e+19  9.145858e+12  9.261558e+19  1.506371e+10  2.388541e+11  2.117156e+18  7.974447e+07  1.265139e+09  1.122405e+16 
 1.471471e+01  8.799543e+07  9.139919e+12  9.229365e+19  9.152472e+12  9.242044e+19  1.532120e+10  2.422376e+11  2.148455e+18  8.089752e+07  1.279801e+09  1.136111e+16 
 1.501502e+01  8.810103e+07  9.146240e+12  9.209435e+19  9.159171e+12  9.222459e+19  1.557510e+10  2.455427e+11  2.179063e+18  8.202879e+07  1.294023e+09  1.149425e+16 
 1.531532e+01  8.820601e+07  9.152646e+12  9.189433e+19  9.165959e+12  9.202803e+19  1.582560e+10  2.487725e+11  2.209006e+18  8.313922e+07  1.307820e+09  1.162360e+16 
 1.561562e+01  8.831048e+07  9.159137e+12  9.169359e+19  9.172834e+12  9.183075e+19  1.607288e+10  2.519300e+11  2.238310e+18  8.422975e+07  1.321210e+09  1.174931e+16 
 1.591592e+01  8.841452e+07  9.165715e+12  9.149211e+19  9.179800e+12  9.163274e+19  1.631712e+10  2.550186e+11  2.267003e+18  8.530130e+07  1.334209e+09  1.187151e+16 
 1.621622e+01  8.851822e+07  9.172379e+12  9.128988e+19  9.186856e+12  9.143401e+19  1.655852e+10  2.580413e+11  2.295112e+18  8.635481e+07  1.346832e+09  1.199034e+16 
 1.651652e+01  8.862167e+07  9.179132e+12  9.108691e+19  9.194005e+12  9.123454e+19  1.679726e+10  2.610013e+11  2.322663e+18  8.739122e+07  1.359097e+09  1.210594e+16 
 1.681682e+01  8.872497e+07  9.185975e+12  9.088319e+19  9.201247e+12  9.103433e+19  1.703352e+10  2.639017e+11  2.349684e+18  8.841147e+07  1.371018e+09  1.221845e+16 
 1.711712e+01  8.882820e+07  9.192908e+12  9.067871e+19  9.208582e+12  9.083337e+19  1.726751e+10  2.667457e+11  2.376200e+18  8.941647e+07  1.382613e+09  1.232802e+16 
 1.741742e+01  8.893147e+07  9.199932e+12  9.047346e+19  9.216014e+12  9.063165e+19  1.749939e+10  2.695365e+11  2.402240e+18  9.040718e+07  1.393898e+09  1.243477e+16 
 1.771772e+01  8.903486e+07  9.207049e+12  9.026743e+19  9.223542e+12  9.042917e+19  1.772937e+10  2.722772e+11  2.427830e+18  9.138453e+07  1.404888e+09  1.253886e+16 
 1.801802e+01  8.913846e+07  9.214260e+12  9.006063e+19  9.231167e+12  9.022592e+19  1.795762e+10  2.749709e+11  2.452997e+18  9.234945e+07  1.415601e+09  1.264041e+16 
 1.831832e+01  8.924236e+07  9.221566e+12  8.985304e+19  9.238891e+12  9.002190e+19  1.818433e+10  2.776208e+11  2.477767e+18  9.330287e+07  1.426052e+09  1.273956e+16 
 1.861862e+01  8.934666e+07  9.228968e+12  8.964466e+19  9.246716e+12  8.981709e+19  1.840969e+10  2.802302e+11  2.502168e+18  9.424573e+07  1.436258e+09  1.283647e+16 
 1.891892e+01  8.945145e+07  9.236467e+12  8.943548e+19  9.254641e+12  8.961150e+19  1.863389e+10  2.828020e+11  2.526226e+18  9.517897e+07  1.446234e+09  1.293126e+16 
 1.921922e+01  8.955683e+07  9.244063e+12  8.922549e+19  9.262669e+12  8.940512e+19  1.885711e+10  2.853395e+11  2.549968e+18  9.610352e+07  1.455998e+09  1.302408e+16 
 1.951952e+01  8.966287e+07  9.251759e+12  8.901470e+19  9.270800e+12  8.919793e+19  1.907954e+10  2.878459e+11  2.573422e+18  9.702031e+07  1.465565e+09  1.311506e+16 
 1.981982e+01  8.976968e+07  9.259556e+12  8.880308e+19  9.279035e+12  8.898994e+19  1.930137e+10  2.903242e+11  2.596613e+18  9.793028e+07  1.474951e+09  1.320434e+16 
 2.012012e+01  8.987734e+07  9.267453e+12  8.859064e+19  9.287377e+12  8.878114e+19  1.952278e+10  2.927777e+11  2.619570e+18  9.883437e+07  1.484173e+09  1.329207e+16 
 2.042042e+01  8.998596e+07  9.275453e+12  8.837737e+19  9.295825e+12  8.857152e+19  1.974397e+10  2.952094e+11  2.642318e+18  9.973350e+07  1.493247e+09  1.337838e+16 
 2.072072e+01  9.009561e+07  9.283556e+12  8.816327e+19  9.304380e+12  8.836107e+19  1.996511e+10  2.976226e+11  2.664884e+18  1.006286e+08  1.502189e+09  1.346341e+16 
 2.102102e+01  9.020609e+07  9.291758e+12  8.794835e+19  9.313039e+12  8.814982e+19  2.018593e+10  3.000086e+11  2.687203e+18  1.015185e+08  1.510960e+09  1.354686e+16 
 2.132132e+01  9.031749e+07  9.300052e+12  8.773256e+19  9.321795e+12  8.793772e+19  2.040709e+10  3.023791e+11  2.709373e+18  1.024062e+08  1.519613e+09  1.362920e+16 
 2.162162e+01  9.042988e+07  9.308440e+12  8.751590e+19  9.330649e+12  8.772475e+19  2.062889e+10  3.047394e+11  2.731440e+18  1.032928e+08  1.528175e+09  1.371062e+16 
 2.192192e+01  9.054324e+07  9.316919e+12  8.729834e+19  9.339600e+12  8.751090e+19  2.085139e+10  3.070908e+11  2.753411e+18  1.041788e+08  1.536650e+09  1.379116e+16 
 2.222222e+01  9.065755e+07  9.325488e+12  8.707988e+19  9.348645e+12  8.729617e+19  2.107467e+10  3.094342e+11  2.775293e+18  1.050645e+08  1.545045e+09  1.387088e+16 
 2.252252e+01  9.077280e+07  9.334146e+12  8.686052e+19  9.357785e+12  8.708055e+19  2.129880e+10  3.117707e+11  2.797094e+18  1.059504e+08  1.553365e+09  1.394981e+16 
 2.282282e+01  9.088895e+07  9.342892e+12  8.664025e+19  9.367017e+12  8.686403e+19  2.152387e+10  3.141013e+11  2.818821e+18  1.068366e+08  1.561615e+09  1.402799e+16 
 2.312312e+01  9.100599e+07  9.351725e+12  8.641907e+19  9.376342e+12  8.664660e+19  2.174993e+10  3.164271e+11  2.840481e+18  1.077238e+08  1.569802e+09  1.410547e+16 
 2.342342e+01  9.112390e+07  9.360643e+12  8.619696e+19  9.385756e+12  8.642827e+19  2.197708e+10  3.187491e+11  2.862081e+18  1.086121e+08  1.577931e+09  1.418228e+16 
 2.372372e+01  9.124266e+07  9.369645e+12  8.597393e+19  9.395261e+12  8.620902e+19  2.220537e+10  3.210683e+11  2.883630e+18  1.095019e+08  1.586008e+09  1.425847e+16 
 2.402402e+01  9.136224e+07  9.378730e+12  8.574995e+19  9.404853e+12  8.598885e+19  2.243490e+10  3.233859e+11  2.905134e+18  1.103937e+08  1.594038e+09  1.433408e+16 
 2.432432e+01  9.148264e+07  9.387896e+12  8.552504e+19  9.414532e+12  8.576775e+19  2.266573e+10  3.257029e+11  2.926601e+18  1.112878e+08  1.602026e+09  1.440915e+16 
 2.462462e+01  9.160381e+07  9.397143e+12  8.529918e+19  9.424297e+12  8.554572e+19  2.289794e+10  3.280203e+11  2.948038e+18  1.121846e+08  1.609979e+09  1.448373e+16 
 2.492492e+01  9.172575e+07  9.406468e+12  8.507237e+19  9.434147e+12  8.532275e+19  2.313161e+10  3.303392e+11  2.969452e+18  1.130843e+08  1.617903e+09  1.455784e+16 
 2.522523e+01  9.184844e+07  9.415872e+12  8.484459e+19  9.444080e+12  8.509883e+19  2.336680e+10  3.326605e+11  2.990852e+18  1.139875e+08  1.625801e+09  1.463154e+16 
 2.552553e+01  9.197185e+07  9.425351e+12  8.461585e+19  9.454096e+12  8.487396e+19  2.360360e+10  3.349854e+11  3.012243e+18  1.148944e+08  1.633682e+09  1.470487e+16 
 2.582583e+01  9.209596e+07  9.434906e+12  8.438614e+19  9.464193e+12  8.464812e+19  2.384208e+10  3.373150e+11  3.033635e+18  1.158054e+08  1.641549e+09  1.477787e+16 
 2.612613e+01  9.222076e+07  9.444535e+12  8.415544e+19  9.474369e+12  8.442133e+19  2.408231e+10  3.396501e+11  3.055033e+18  1.167210e+08  1.649408e+09  1.485057e+16 
 2.642643e+01  9.234622e+07  9.454237e+12  8.392376e+19  9.484625e+12  8.419356e+19  2.432437e+10  3.419920e+11  3.076446e+18  1.176413e+08  1.657266e+09  1.492303e+16 
 2.672673e+01  9.247232e+07  9.464010e+12  8.369109e+19  9.494958e+12  8.396481e+19  2.456833e+10  3.443417e+11  3.097880e+18  1.185669e+08  1.665128e+09  1.499528e+16 
 2.702703e+01  9.259904e+07  9.473854e+12  8.345742e+19  9.505367e+12  8.373508e+19  2.481427e+10  3.467001e+11  3.119344e+18  1.194981e+08  1.672999e+09  1.506736e+16 
 2.732733e+01  9.272636e+07  9.483766e+12  8.322274e+19  9.515852e+12  8.350436e+19  2.506227e+10  3.490684e+11  3.140844e+18  1.204353e+08  1.680885e+09  1.513932e+16 
 2.762763e+01  9.285426e+07  9.493746e+12  8.298706e+19  9.526411e+12  8.327264e+19  2.531240e+10  3.514475e+11  3.162388e+18  1.213787e+08  1.688792e+09  1.521120e+16 
 2.792793e+01  9.298272e+07  9.503792e+12  8.275035e+19  9.537042e+12  8.303992e+19  2.556473e+10  3.538387e+11  3.183983e+18  1.223289e+08  1.696725e+09  1.528304e+16 
 2.822823e+01  9.311356e+07  9.513338e+12  8.251262e+19  9.547177e+12  8.280619e+19  2.581951e+10  3.562435e+11  3.205660e+18  1.232868e+08  1.704692e+09  1.535501e+16 
 2.852853e+01  9.324474e+07  9.523157e+12  8.227387e+19  9.557593e+12  8.257144e+19  2.607656e+10  3.586613e+11  3.227390e+18  1.242516e+08  1.712691e+09  1.542696e+16 
 2.882883e+01  9.337563e+07  9.533416e+12  8.203407e+19  9.568458e+12  8.233568e+19  2.633584e+10  3.610920e+11  3.249162e+18  1.252233e+08  1.720720e+09  1.549885e+16 
 2.912913e+01  9.350628e+07  9.544056e+12  8.179325e+19  9.579713e+12  8.209890e+19  2.659738e+10  3.635356e+11  3.270975e+18  1.262019e+08  1.728783e+09  1.557067e+16 
 2.942943e+01  9.363673e+07  9.555022e+12  8.155140e+19  9.591302e+12  8.186110e+19  2.686120e+10  3.659921e+11  3.292827e+18  1.271876e+08  1.736881e+09  1.564244e+16 
 2.972973e+01  9.376702e+07  9.566255e+12  8.130852e+19  9.603166e+12  8.162229e+19  2.712732e+10  3.684618e+11  3.314718e+18  1.281808e+08  1.745016e+09  1.571417e+16 
 3.003003e+01  9.389718e+07  9.577697e+12  8.106461e+19  9.615248e+12  8.138247e+19  2.739577e+10  3.709446e+11  3.336644e+18  1.291814e+08  1.753189e+09  1.578586e+16 
 3.033033e+01  9.402727e+07  9.589292e+12  8.081968e+19  9.627490e+12  8.114164e+19  2.766656e+10  3.734407e+11  3.358606e+18  1.301897e+08  1.761402e+09  1.585752e+16 
 3.063063e+01  9.415731e+07  9.600981e+12  8.057373e+19  9.639834e+12  8.089980e+19  2.793972e+10  3.759501e+11  3.380601e+18  1.312060e+08  1.769657e+09  1.592915e+16 
 3.093093e+01  9.428736e+07  9.612709e+12  8.032675e+19  9.652224e+12  8.065695e+19  2.821527e+10  3.784730e+11  3.402628e+18  1.322303e+08  1.777955e+09  1.600076e+16 
 3.123123e+01  9.441745e+07  9.624416e+12  8.007874e+19  9.664601e+12  8.041309e+19  2.849323e+10  3.810095e+11  3.424685e+18  1.332629e+08  1.786298e+09  1.607236e+16 
 3.153153e+01  9.454761e+07  9.636045e+12  7.982972e+19  9.676907e+12  8.016822e+19  2.877363e+10  3.835595e+11  3.446770e+18  1.343040e+08  1.794689e+09  1.614396e+16 
 3.183183e+01  9.467790e+07  9.647540e+12  7.957968e+19  9.689085e+12  7.992235e+19  2.905649e+10  3.861233e+11  3.468883e+18  1.353536e+08  1.803127e+09  1.621556e+16 
 3.213213e+01  9.480834e+07  9.658842e+12  7.932862e+19  9.701077e+12  7.967548e+19  2.934182e+10  3.887009e+11  3.491022e+18  1.364121e+08  1.811616e+09  1.628717e+16 
 3.243243e+01  9.493899e+07  9.669894e+12  7.907655e+19  9.712826e+12  7.942761e+19  2.962966e+10  3.912924e+11  3.513184e+18  1.374796e+08  1.820157e+09  1.635879e+16 
 3.273273e+01  9.506988e+07  9.680639e+12  7.882346e+19  9.724274e+12  7.917873e+19  2.992002e+10  3.938978e+11  3.535369e+18  1.385563e+08  1.828752e+09  1.643044e+16 
 3.303303e+01  9.520105e+07  9.691020e+12  7.856935e+19  9.735363e+12  7.892886e+19  3.021293e+10  3.965174e+11  3.557576e+18  1.396423e+08  1.837402e+09  1.650211e+16 
 3.333333e+01  9.533255e+07  9.700978e+12  7.831423e+19  9.746036e+12  7.867799e+19  3.050840e+10  3.991511e+11  3.579801e+18  1.407379e+08  1.846108e+09  1.657383e+16 
 3.363363e+01  9.546440e+07  9.710456e+12  7.805811e+19  9.756234e+12  7.842612e+19  3.080647e+10  4.017991e+11  3.602045e+18  1.418433e+08  1.854874e+09  1.664558e+16 
 3.393393e+01  9.559666e+07  9.719397e+12  7.780097e+19  9.765901e+12  7.817326e+19  3.110715e+10  4.044615e+11  3.624305e+18  1.429585e+08  1.863700e+09  1.671739e+16 
 3.423423e+01  9.572936e+07  9.727744e+12  7.754282e+19  9.774978e+12  7.791940e+19  3.141047e+10  4.071383e+11  3.646580e+18  1.440839e+08  1.872587e+09  1.678925e+16 
 3.453453e+01  9.586255e+07  9.735438e+12  7.728367e+19  9.783408e+12  7.766455e+19  3.171645e+10  4.098296e+11  3.668869e+18  1.452195e+08  1.881539e+09  1.686117e+16 
 3.483483e+01  9.599626e+07  9.742423e+12  7.702351e+19  9.791134e+12  7.740871e+19  3.202511e+10  4.125356e+11  3.691169e+18  1.463657e+08  1.890556e+09  1.693317e+16 
 3.513514e+01  9.613053e+07  9.748642e+12  7.676234e+19  9.798097e+12  7.715188e+19  3.233646e+10  4.152562e+11  3.713480e+18  1.475224e+08  1.899641e+09  1.700524e+16 
 3.543544e+01  9.626540e+07  9.754035e+12  7.650017e+19  9.804240e+12  7.689406e+19  3.265055e+10  4.179917e+11  3.735799e+18  1.486901e+08  1.908794e+09  1.707740e+16 
 3.573574e+01  9.640092e+07  9.758547e+12  7.623700e+19  9.809505e+12  7.663525e+19  3.296738e+10  4.207421e+11  3.758126e+18  1.498687e+08  1.918017e+09  1.714965e+16 
 3.603604e+01  9.653713e+07  9.762120e+12  7.597283e+19  9.813835e+12  7.637546e+19  3.328698e+10  4.235075e+11  3.780458e+18  1.510585e+08  1.927313e+09  1.722199e+16 
 3.633634e+01  9.667406e+07  9.764695e+12  7.570766e+19  9.817172e+12  7.611468e+19  3.360938e+10  4.262879e+11  3.802795e+18  1.522598e+08  1.936683e+09  1.729444e+16 
 3.663664e+01  9.681175e+07  9.766217e+12  7.544149e+19  9.819458e+12  7.585292e+19  3.393458e+10  4.290835e+11  3.825134e+18  1.534726e+08  1.946129e+09  1.736701e+16 
 3.693694e+01  9.695025e+07  9.766627e+12  7.517432e+19  9.820636e+12  7.559018e+19  3.426263e+10  4.318944e+11  3.847474e+18  1.546972e+08  1.955651e+09  1.743969e+16 
 3.723724e+01  9.708960e+07  9.765867e+12  7.490616e+19  9.820647e+12  7.532646e+19  3.459353e+10  4.347206e+11  3.869814e+18  1.559337e+08  1.965253e+09  1.751249e+16 
 3.753754e+01  9.722983e+07  9.763882e+12  7.463701e+19  9.819435e+12  7.506176e+19  3.492732e+10  4.375623e+11  3.892152e+18  1.571824e+08  1.974936e+09  1.758543e+16 
 3.783784e+01  9.739151e+07  9.758902e+12  7.436628e+19  9.815220e+12  7.479552e+19  3.526924e+10  4.404533e+11  3.914974e+18  1.584657e+08  1.984830e+09  1.766052e+16 
 3.813814e+01  9.754399e+07  9.753134e+12  7.409476e+19  9.810217e+12  7.452849e+19  3.561198e+10  4.433543e+11  3.937618e+18  1.597532e+08  1.994791e+09  1.773505e+16 
 3.843844e+01  9.768255e+07  9.747571e+12  7.382266e+19  9.805427e+12  7.426088e+19  3.595399e+10  4.462509e+11  3.959913e+18  1.610383e+08  2.004764e+09  1.780833e+16 
 3.873874e+01  9.781681e+07  9.742151e+12  7.354979e+19  9.800787e+12  7.399253e+19  3.629722e+10  4.491491e+11  3.982007e+18  1.623296e+08  2.014774e+09  1.788101e+16 
 3.903904e+01  9.795642e+07  9.736808e+12  7.327601e+19  9.796231e+12  7.372327e+19  3.664363e+10  4.520548e+11  4.004047e+18  1.636355e+08  2.024843e+09  1.795370e+16 
 3.933934e+01  9.811102e+07  9.731478e+12  7.300114e+19  9.791698e+12  7.345294e+19  3.699517e+10  4.549742e+11  4.026183e+18  1.649644e+08  2.034995e+09  1.802706e+16 
 3.963964e+01  9.829023e+07  9.726097e+12  7.272501e+19  9.787122e+12  7.318138e+19  3.735379e+10  4.579133e+11  4.048561e+18  1.663246e+08  2.045254e+09  1.810170e+16 
 3.993994e+01  9.850371e+07  9.720601e+12  7.244747e+19  9.782440e+12  7.290842e+19  3.772146e+10  4.608781e+11  4.071330e+18  1.677248e+08  2.055644e+09  1.817828e+16 
 4.024024e+01  9.876108e+07  9.714925e+12  7.216833e+19  9.777589e+12  7.263390e+19  3.810013e+10  4.638745e+11  4.094638e+18  1.691731e+08  2.066187e+09  1.825742e+16 
 4.054054e+01  9.907198e+07  9.709006e+12  7.188744e+19  9.772504e+12  7.235766e+19  3.849175e+10  4.669087e+11  4.118634e+18  1.706782e+08  2.076908e+09  1.833976e+16 
 4.084084e+01  9.944914e+07  9.702838e+12  7.160461e+19  9.767181e+12  7.207951e+19  3.889885e+10  4.699875e+11  4.143475e+18  1.722508e+08  2.087836e+09  1.842598e+16 
 4.114114e+01  1.000313e+08  9.696546e+12  7.131915e+19  9.761748e+12  7.179878e+19  3.933706e+10  4.730353e+11  4.169790e+18  1.739584e+08  2.098632e+09  1.851878e+16 
 4.144144e+01  1.073864e+08  9.688511e+12  7.101994e+19  9.754616e+12  7.150458e+19  4.030615e+10  4.707785e+11  4.208306e+18  1.779772e+08  2.085830e+09  1.866431e+16 
 4.174174e+01  1.227580e+08  9.670512e+12  7.064503e+19  9.737750e+12  7.113628e+19  4.240959e+10  4.729182e+11  4.317859e+18  1.870825e+08  2.093916e+09  1.913638e+16 
 4.204204e+01  1.383689e+08  9.641595e+12  7.018442e+19  9.710274e+12  7.068442e+19  4.527631e+10  4.874210e+11  4.503959e+18  2.003826e+08  2.165854e+09  2.003182e+16 
 4.234234e+01  1.534075e+08  9.603441e+12  6.964797e+19  9.673893e+12  7.015899e+19  4.878628e+10  5.117815e+11  4.753180e+18  2.180986e+08  2.297739e+09  2.135889e+16 
 4.264264e+01  1.672522e+08  9.557964e+12  6.904796e+19  9.630525e+12  6.957222e+19  5.280571e+10  5.434668e+11  5.050611e+18  2.401597e+08  2.482905e+09  2.309392e+16 
 4.294294e+01  1.794406e+08  9.507105e+12  6.839699e+19  9.582100e+12  6.893660e+19  5.718475e+10  5.803761e+11  5.381413e+18  2.662196e+08  2.714704e+09  2.519208e+16 
 4.324324e+01  1.898620e+08  9.452499e+12  6.770641e+19  9.530222e+12  6.826320e+19  6.180193e+10  6.208071e+11  5.733274e+18  2.956217e+08  2.984130e+09  2.758097e+16 
 4.354354e+01  1.985337e+08  9.395534e+12  6.698618e+19  9.476245e+12  6.756169e+19  6.655458e+10  6.633700e+11  6.095785e+18  3.276696e+08  3.282426e+09  3.018602e+16 
 4.384384e+01  2.055455e+08  9.337508e+12  6.624562e+19  9.421429e+12  6.684107e+19  7.133856e+10  7.069149e+11  6.459445e+18  3.615618e+08  3.601171e+09  3.293058e+16 
 4.414414e+01  2.110660e+08  9.279581e+12  6.549344e+19  9.366894e+12  6.610976e+19  7.606957e+10  7.503765e+11  6.815866e+18  3.965035e+08  3.931503e+09  3.573721e+16 
 4.444444e+01  2.152860e+08  9.222347e+12  6.473471e+19  9.313205e+12  6.537255e+19  8.070271e+10  7.932401e+11  7.160892e+18  4.319587e+08  4.267914e+09  3.855637e+16 
 4.474474e+01  2.183963e+08  9.166400e+12  6.397446e+19  9.260929e+12  6.463428e+19  8.519308e+10  8.349912e+11  7.490365e+18  4.673914e+08  4.604894e+09  4.133848e+16 
 4.504505e+01  2.205710e+08  9.112258e+12  6.321712e+19  9.210558e+12  6.389916e+19  8.950384e+10  8.752173e+11  7.800781e+18  5.023296e+08  4.937672e+09  4.404064e+16 
 4.534535e+01  2.220010e+08  9.060313e+12  6.246631e+19  9.162459e+12  6.317064e+19  9.360991e+10  9.136051e+11  8.089740e+18  5.363602e+08  5.261934e+09  4.662593e+16 
 4.564565e+01  2.228087e+08  9.010680e+12  6.172370e+19  9.116735e+12  6.245027e+19  9.750523e+10  9.500602e+11  8.356770e+18  5.693019e+08  5.575796e+09  4.907923e+16 
 4.594595e+01  2.231001e+08  8.963422e+12  6.099060e+19  9.073439e+12  6.173929e+19  1.011877e+11  9.845403e+11  8.601757e+18  6.010184e+08  5.877881e+09  5.138977e+16 
 4.624625e+01  2.229813e+08  8.918605e+12  6.026832e+19  9.032626e+12  6.103892e+19  1.046553e+11  1.017003e+12  8.824583e+18  6.313732e+08  6.166817e+09  5.354683e+16 
 4.654655e+01  2.225323e+08  8.876247e+12  5.955771e+19  8.994307e+12  6.034996e+19  1.079092e+11  1.047450e+12  9.025428e+18  6.602953e+08  6.441805e+09  5.554455e+16 
 4.684685e+01  2.218487e+08  8.836344e+12  5.885962e+19  8.958470e+12  5.967321e+19  1.109553e+11  1.075902e+12  9.204868e+18  6.877158e+08  6.702069e+09  5.737884e+16 
 4.714715e+01  2.209696e+08  8.798824e+12  5.817412e+19  8.925039e+12  5.900870e+19  1.138014e+11  1.102426e+12  9.363840e+18  7.136545e+08  6.947802e+09  5.905399e+16 
 4.744745e+01  2.199263e+08  8.763602e+12  5.750115e+19  8.893929e+12  5.835637e+19  1.164555e+11  1.127097e+12  9.503324e+18  7.381455e+08  7.179337e+09  6.057547e+16 
 4.774775e+01  2.187498e+08  8.730595e+12  5.684066e+19  8.865054e+12  5.771616e+19  1.189255e+11  1.149989e+12  9.624300e+18  7.612231e+08  7.397006e+09  6.194871e+16 
 4.804805e+01  2.174712e+08  8.699720e+12  5.619259e+19  8.838330e+12  5.708801e+19  1.212196e+11  1.171177e+12  9.727748e+18  7.829215e+08  7.601141e+09  6.317918e+16 
 4.834835e+01  2.161217e+08  8.670893e+12  5.555690e+19  8.813671e+12  5.647187e+19  1.233456e+11  1.190735e+12  9.814649e+18  8.032748e+08  7.792075e+09  6.427231e+16 
 4.864865e+01  2.147116e+08  8.643962e+12  5.493350e+19  8.790933e+12  5.586764e+19  1.253121e+11  1.208738e+12  9.885454e+18  8.223754e+08  7.970534e+09  6.523104e+16 
 4.894895e+01  2.132729e+08  8.618839e+12  5.432201e+19  8.770019e+12  5.527495e+19  1.271334e+11  1.225322e+12  9.942167e+18  8.402763e+08  8.137176e+09  6.606950e+16 
 4.924925e+01  2.118118e+08  8.595449e+12  5.372216e+19  8.750855e+12  5.469354e+19  1.288160e+11  1.240553e+12  9.985610e+18  8.570255e+08  8.292495e+09  6.679419e+16 
 4.954955e+01  2.103326e+08  8.573715e+12  5.313367e+19  8.733363e+12  5.412313e+19  1.303662e+11  1.254491e+12  1.001654e+19  8.726733e+08  8.436991e+09  6.741118e+16 
 4.984985e+01  2.088398e+08  8.553559e+12  5.255627e+19  8.717467e+12  5.356347e+19  1.317900e+11  1.267199e+12  1.003573e+19  8.872695e+08  8.571163e+09  6.792657e+16 
 5.015015e+01  2.073378e+08  8.534904e+12  5.198969e+19  8.703091e+12  5.301428e+19  1.330937e+11  1.278737e+12  1.004393e+19  9.008645e+08  8.695513e+09  6.834645e+16 
 5.045045e+01  2.058310e+08  8.517673e+12  5.143365e+19  8.690158e+12  5.247530e+19  1.342834e+11  1.289169e+12  1.004190e+19  9.135082e+08  8.810540e+09  6.867689e+16 
 5.075075e+01  2.043240e+08  8.501787e+12  5.088788e+19  8.678591e+12  5.194627e+19  1.353654e+11  1.298555e+12  1.003041e+19  9.252508e+08  8.916744e+09  6.892399e+16 
 5.105105e+01  2.028211e+08  8.487169e+12  5.035210e+19  8.668313e+12  5.142692e+19  1.363458e+11  1.306958e+12  1.001021e+19  9.361423e+08  9.014627e+09  6.909384e+16 
 5.135135e+01  2.013268e+08  8.473742e+12  4.982604e+19  8.659248e+12  5.091698e+19  1.372309e+11  1.314438e+12  9.982075e+18  9.462329e+08  9.104688e+09  6.919252e+16 
 5.165165e+01  1.998453e+08  8.461430e+12  4.930946e+19  8.651322e+12  5.041622e+19  1.380264e+11  1.321054e+12  9.946673e+18  9.555715e+08  9.187409e+09  6.922546e+16 
 5.195195e+01  1.983758e+08  8.450151e+12  4.880220e+19  8.644454e+12  4.992448e+19  1.387372e+11  1.326847e+12  9.904218e+18  9.642121e+08  9.263290e+09  6.919454e+16 
 5.225225e+01  1.969207e+08  8.439830e+12  4.830376e+19  8.638565e+12  4.944128e+19  1.393728e+11  1.331918e+12  9.856080e+18  9.722113e+08  9.332960e+09  6.911117e+16 
 5.255255e+01  1.954801e+08  8.430425e+12  4.781394e+19  8.633615e+12  4.896644e+19  1.399362e+11  1.336299e+12  9.802614e+18  9.795958e+08  9.396690e+09  6.897839e+16 
 5.285285e+01  1.940543e+08  8.421896e+12  4.733255e+19  8.629563e+12  4.849976e+19  1.404305e+11  1.340020e+12  9.744176e+18  9.863925e+08  9.454751e+09  6.879919e+16 
 5.315315e+01  1.926435e+08  8.414202e+12  4.685940e+19  8.626369e+12  4.804106e+19  1.408587e+11  1.343112e+12  9.681123e+18  9.926284e+08  9.507412e+09  6.857659e+16 
 5.345345e+01  1.912478e+08  8.407302e+12  4.639429e+19  8.623992e+12  4.759014e+19  1.412239e+11  1.345606e+12  9.613809e+18  9.983303e+08  9.554944e+09  6.831361e+16 
 5.375375e+01  1.898675e+08  8.401155e+12  4.593702e+19  8.622391e+12  4.714683e+19  1.415292e+11  1.347534e+12  9.542592e+18  1.003525e+09  9.597617e+09  6.801326e+16 
 5.405405e+01  1.885028e+08  8.395720e+12  4.548741e+19  8.621528e+12  4.671093e+19  1.417777e+11  1.348926e+12  9.467828e+18  1.008240e+09  9.635701e+09  6.767856e+16 
 5.435435e+01  1.871539e+08  8.390956e+12  4.504525e+19  8.621360e+12  4.628225e+19  1.419724e+11  1.349814e+12  9.389871e+18  1.012501e+09  9.669467e+09  6.731252e+16 
 5.465465e+01  1.858210e+08  8.386822e+12  4.461035e+19  8.621847e+12  4.586060e+19  1.421163e+11  1.350228e+12  9.309079e+18  1.016335e+09  9.699184e+09  6.691816e+16 
 5.495495e+01  1.845043e+08  8.383278e+12  4.418253e+19  8.622949e+12  4.544581e+19  1.422127e+11  1.350199e+12  9.225808e+18  1.019770e+09  9.725123e+09  6.649848e+16 
 5.525526e+01  1.832040e+08  8.380282e+12  4.376157e+19  8.624626e+12  4.503767e+19  1.422645e+11  1.349759e+12  9.140412e+18  1.022832e+09  9.747554e+09  6.605651e+16 
 5.555556e+01  1.819203e+08  8.377858e+12  4.334730e+19  8.626907e+12  4.463600e+19  1.422715e+11  1.348882e+12  9.053238e+18  1.025512e+09  9.766391e+09  6.559517e+16 
 5.585586e+01  1.806527e+08  8.375902e+12  4.293956e+19  8.629681e+12  4.424066e+19  1.422414e+11  1.347662e+12  8.964460e+18  1.027875e+09  9.782253e+09  6.511599e+16 
 5.615616e+01  1.794010e+08  8.374321e+12  4.253821e+19  8.632846e+12  4.385152e+19  1.421793e+11  1.346184e+12  8.874257e+18  1.029975e+09  9.795691e+09  6.462052e+16 
 5.645646e+01  1.781653e+08  8.373223e+12  4.214309e+19  8.636525e+12  4.346842e+19  1.420792e+11  1.344339e+12  8.782839e+18  1.031749e+09  9.806094e+09  6.411056e+16 
 5.675676e+01  1.769452e+08  8.372527e+12  4.175408e+19  8.640631e+12  4.309122e+19  1.419467e+11  1.342200e+12  8.690408e+18  1.033248e+09  9.813956e+09  6.358785e+16 
 5.705706e+01  1.757407e+08  8.372216e+12  4.137101e+19  8.645149e+12  4.271979e+19  1.417830e+11  1.339777e+12  8.597141e+18  1.034484e+09  9.819382e+09  6.305393e+16 
 5.735736e+01  1.745516e+08  8.372278e+12  4.099376e+19  8.650067e+12  4.235400e+19  1.415893e+11  1.337077e+12  8.503204e+18  1.035463e+09  9.822457e+09  6.251023e+16 
 5.765766e+01  1.733778e+08  8.372608e+12  4.062220e+19  8.655271e+12  4.199372e+19  1.413716e+11  1.334202e+12  8.408730e+18  1.036252e+09  9.823833e+09  6.195793e+16 
 5.795796e+01  1.722190e+08  8.373273e+12  4.025618e+19  8.660839e+12  4.163881e+19  1.411273e+11  1.331077e+12  8.313928e+18  1.036810e+09  9.823108e+09  6.139882e+16 
 5.825826e+01  1.710752e+08  8.374250e+12  3.989558e+19  8.666745e+12  4.128916e+19  1.408580e+11  1.327721e+12  8.218902e+18  1.037153e+09  9.820420e+09  6.083381e+16 
 5.855856e+01  1.699460e+08  8.375516e+12  3.954030e+19  8.672969e+12  4.094466e+19  1.405653e+11  1.324152e+12  8.123759e+18  1.037295e+09  9.815913e+09  6.026386e+16 
 5.885886e+01  1.688314e+08  8.377050e+12  3.919022e+19  8.679485e+12  4.060519e+19  1.402509e+11  1.320389e+12  8.028602e+18  1.037249e+09  9.809725e+09  5.968988e+16 
 5.915916e+01  1.677312e+08  8.378827e+12  3.884523e+19  8.686271e+12  4.027066e+19  1.399163e+11  1.316451e+12  7.933538e+18  1.037030e+09  9.801999e+09  5.911281e+16 
 5.945946e+01  1.666451e+08  8.380827e+12  3.850521e+19  8.693304e+12  3.994094e+19  1.395632e+11  1.312355e+12  7.838670e+18  1.036654e+09  9.792874e+09  5.853358e+16 
 5.975976e+01  1.655730e+08  8.382921e+12  3.817005e+19  8.700446e+12  3.961594e+19  1.391967e+11  1.308223e+12  7.744101e+18  1.036200e+09  9.783188e+09  5.795309e+16 
 6.006006e+01  1.639054e+08  1.274904e+13  3.808525e+19  1.306996e+13  3.954115e+19  1.378806e+11  1.295858e+12  7.650061e+18  1.028564e+09  9.711251e+09  5.737108e+16 
 6.036036e+01  1.604352e+08  1.272780e+13  3.893613e+19  1.304566e+13  4.040178e+19  1.332662e+11  1.255279e+12  7.561642e+18  9.950584e+08  9.415994e+09  5.676345e+16 
 6.066066e+01  1.576905e+08  1.270544e+13  3.978317e+19  1.302028e+13  4.125836e+19  1.290346e+11  1.218240e+12  7.481035e+18  9.630621e+08  9.134505e+09  5.613729e+16 
 6.096096e+01  1.555743e+08  1.268204e+13  4.062594e+19  1.299389e+13  4.211051e+19  1.251564e+11  1.184434e+12  7.408246e+18  9.326629e+08  8.867342e+09  5.550670e+16 
 6.126126e+01  1.540136e+08  1.265763e+13  4.146389e+19  1.296655e+13  4.295772e+19  1.216074e+11  1.153607e+12  7.343374e+18  9.039048e+08  8.614665e+09  5.488236e+16 
 6.156156e+01  1.529351e+08  1.263227e+13  4.229647e+19  1.293831e+13  4.379951e+19  1.183635e+11  1.125501e+12  7.286516e+18  8.768316e+08  8.376634e+09  5.427495e+16 
 6.186186e+01  1.522766e+08  1.260599e+13  4.312318e+19  1.290924e+13  4.463541e+19  1.154038e+11  1.099933e+12  7.237740e+18  8.514301e+08  8.153154e+09  5.369328e+16 
 6.216216e+01  1.519747e+08  1.257883e+13  4.394337e+19  1.287935e+13  4.546483e+19  1.127105e+11  1.076763e+12  7.197231e+18  8.276807e+08  7.944255e+09  5.314672e+16 
 6.246246e+01  1.519797e+08  1.255080e+13  4.475649e+19  1.284869e+13  4.628724e+19  1.102657e+11  1.055785e+12  7.165107e+18  8.056115e+08  7.749960e+09  5.264208e+16 
 6.276276e+01  1.522650e+08  1.252197e+13  4.556207e+19  1.281732e+13  4.710220e+19  1.080568e+11  1.036893e+12  7.141383e+18  7.851629e+08  7.569811e+09  5.218208e+16 
 6.306306e+01  1.528043e+08  1.249236e+13  4.635964e+19  1.278526e+13  4.790929e+19  1.060711e+11  1.019980e+12  7.126075e+18  7.662753e+08  7.403347e+09  5.176943e+16 
 6.336336e+01  1.535712e+08  1.246203e+13  4.714876e+19  1.275258e+13  4.870805e+19  1.042959e+11  1.004940e+12  7.119197e+18  7.488892e+08  7.250106e+09  5.140687e+16 
 6.366366e+01  1.545392e+08  1.243103e+13  4.792896e+19  1.271933e+13  4.949806e+19  1.027183e+11  9.916657e+11  7.120764e+18  7.329450e+08  7.109630e+09  5.109713e+16 
 6.396396e+01  1.556820e+08  1.239940e+13  4.869977e+19  1.268554e+13  5.027888e+19  1.013258e+11  9.800508e+11  7.130791e+18  7.183831e+08  6.981456e+09  5.084293e+16 
 6.426426e+01  1.569788e+08  1.236717e+13  4.946089e+19  1.265127e+13  5.105021e+19  1.001078e+11  9.699879e+11  7.149210e+18  7.051692e+08  6.865255e+09  5.064575e+16 
 6.456456e+01  1.584087e+08  1.233439e+13  5.021181e+19  1.261654e+13  5.181158e+19  9.905728e+10  9.614243e+11  7.176010e+18  6.932707e+08  6.760870e+09  5.050725e+16 
 6.486486e+01  1.599524e+08  1.230110e+13  5.095212e+19  1.258142e+13  5.256258e+19  9.816385e+10  9.542992e+11  7.211132e+18  6.826083e+08  6.667768e+09  5.042855e+16 
 6.516517e+01  1.615990e+08  1.226737e+13  5.168161e+19  1.254594e+13  5.330302e+19  9.741899e+10  9.485364e+11  7.254382e+18  6.731256e+08  6.585462e+09  5.040894e+16 
 6.546547e+01  1.633376e+08  1.223323e+13  5.240009e+19  1.251017e+13  5.403273e+19  9.681416e+10  9.440597e+11  7.305568e+18  6.647662e+08  6.513467e+09  5.044769e+16 
 6.576577e+01  1.651574e+08  1.219874e+13  5.310739e+19  1.247415e+13  5.475152e+19  9.634078e+10  9.407930e+11  7.364496e+18  6.574737e+08  6.451296e+09  5.054408e+16 
 6.606607e+01  1.670475e+08  1.216395e+13  5.380329e+19  1.243794e+13  5.545922e+19  9.599031e+10  9.386599e+11  7.430973e+18  6.511919e+08  6.398466e+09  5.069739e+16 
 6.636637e+01  1.689969e+08  1.212890e+13  5.448762e+19  1.240157e+13  5.615564e+19  9.575420e+10  9.375843e+11  7.504805e+18  6.458644e+08  6.354488e+09  5.090690e+16 
 6.666667e+01  1.709949e+08  1.209366e+13  5.516019e+19  1.236511e+13  5.684060e+19  9.562387e+10  9.374900e+11  7.585798e+18  6.414347e+08  6.318879e+09  5.117187e+16 
 6.696697e+01  1.730306e+08  1.205827e+13  5.582079e+19  1.232860e+13  5.751392e+19  9.559079e+10  9.383008e+11  7.673760e+18  6.378466e+08  6.291152e+09  5.149159e+16 
 6.726727e+01  1.751101e+08  1.202274e+13  5.646992e+19  1.229203e+13  5.817606e+19  9.566901e+10  9.401812e+11  7.768514e+18  6.351226e+08  6.271787e+09  5.186423e+16 
 6.756757e+01  1.772032e+08  1.198715e+13  5.710659e+19  1.225551e+13  5.882609e+19  9.583094e+10  9.428580e+11  7.869681e+18  6.331395e+08  6.259482e+09  5.228885e+16 
 6.786787e+01  1.793061e+08  1.195156e+13  5.773087e+19  1.221908e+13  5.946407e+19  9.607136e+10  9.462827e+11  7.976971e+18  6.318566e+08  6.253858e+09  5.276336e+16 
 6.816817e+01  1.814153e+08  1.191598e+13  5.834285e+19  1.218276e+13  6.009008e+19  9.638567e+10  9.504126e+11  8.090098e+18  6.312356e+08  6.254561e+09  5.328568e+16 
 6.846847e+01  1.835277e+08  1.188046e+13  5.894262e+19  1.214659e+13  6.070423e+19  9.676925e+10  9.552055e+11  8.208772e+18  6.312379e+08  6.261237e+09  5.385369e+16 
 6.876877e+01  1.856398e+08  1.184502e+13  5.953027e+19  1.211059e+13  6.130659e+19  9.721749e+10  9.606188e+11  8.332707e+18  6.318249e+08  6.273532e+09  5.446529e+16 
 6.906907e+01  1.877484e+08  1.180969e+13  6.010589e+19  1.207479e+13  6.189726e+19  9.772576e+10  9.666102e+11  8.461615e+18  6.329583e+08  6.291093e+09  5.511839e+16 
 6.936937e+01  1.898502e+08  1.177451e+13  6.066957e+19  1.203923e+13  6.247632e+19  9.828946e+10  9.731372e+11  8.595208e+18  6.345994e+08  6.313565e+09  5.581087e+16 
 6.966967e+01  1.919418e+08  1.173951e+13  6.122140e+19  1.200393e+13  6.304386e+19  9.890397e+10  9.801574e+11  8.733199e+18  6.367098e+08  6.340594e+09  5.654064e+16 
 6.996997e+01  1.940199e+08  1.170472e+13  6.176148e+19  1.196892e+13  6.359996e+19  9.956468e+10  9.876284e+11  8.875300e+18  6.392509e+08  6.371827e+09  5.730560e+16 
 7.027027e+01  1.960813e+08  1.167018e+13  6.228988e+19  1.193424e+13  6.414473e+19  1.002670e+11  9.955077e+11  9.021223e+18  6.421844e+08  6.406909e+09  5.810364e+16 
 7.057057e+01  1.981226e+08  1.163590e+13  6.280670e+19  1.189990e+13  6.467823e+19  1.010062e+11  1.003753e+12  9.170681e+18  6.454716e+08  6.445488e+09  5.893266e+16 
 7.087087e+01  2.001406e+08  1.160194e+13  6.331203e+19  1.186595e+13  6.520057e+19  1.017778e+11  1.012321e+12  9.323387e+18  6.490742e+08  6.487207e+09  5.979056e+16 
 7.117117e+01  2.021318e+08  1.156831e+13  6.380596e+19  1.183241e+13  6.571183e+19  1.025772e+11  1.021171e+12  9.479051e+18  6.529534e+08  6.531715e+09  6.067523e+16 
 7.147147e+01  2.040930e+08  1.153505e+13  6.428857e+19  1.179930e+13  6.621210e+19  1.033997e+11  1.030259e+12  9.637388e+18  6.570710e+08  6.578656e+09  6.158458e+16 
 7.177177e+01  2.060253e+08  1.150209e+13  6.476002e+19  1.176656e+13  6.670151e+19  1.042511e+11  1.039639e+12  9.798495e+18  6.614776e+08  6.628472e+09  6.251942e+16 
 7.207207e+01  2.079263e+08  1.146947e+13  6.522052e+19  1.173424e+13  6.718028e+19  1.051247e+11  1.049239e+12  9.961706e+18  6.661183e+08  6.680599e+09  6.347439e+16 
 7.237237e+01  2.097936e+08  1.143729e+13  6.567025e+19  1.170242e+13  6.764859e+19  1.060118e+11  1.058979e+12  1.012651e+19  6.709205e+08  6.734362e+09  6.444549e+16 
 7.267267e+01  2.116272e+08  1.140555e+13  6.610940e+19  1.167110e+13  6.810661e+19  1.069109e+11  1.068845e+12  1.029275e+19  6.758704e+08  6.789622e+09  6.543132e+16 
 7.297297e+01  2.134273e+08  1.137424e+13  6.653814e+19  1.164028e+13  6.855452e+19  1.078206e+11  1.078820e+12  1.046023e+19  6.809544e+08  6.846244e+09  6.643049e+16 
 7.327327e+01  2.151940e+08  1.134338e+13  6.695666e+19  1.160996e+13  6.899249e+19  1.087393e+11  1.088890e+12  1.062879e+19  6.861588e+08  6.904088e+09  6.744161e+16 
 7.357357e+01  2.169274e+08  1.131295e+13  6.736514e+19  1.158014e+13  6.942070e+19  1.096655e+11  1.099039e+12  1.079825e+19  6.914699e+08  6.963018e+09  6.846327e+16 
 7.387387e+01  2.186276e+08  1.128297e+13  6.776376e+19  1.155082e+13  6.983932e+19  1.105978e+11  1.109253e+12  1.096844e+19  6.968740e+08  7.022896e+09  6.949407e+16 
 7.417417e+01  2.202948e+08  1.125344e+13  6.815270e+19  1.152201e+13  7.024853e+19  1.115346e+11  1.119516e+12  1.113918e+19  7.023574e+08  7.083585e+09  7.053263e+16 
 7.447447e+01  2.219291e+08  1.122436e+13  6.853213e+19  1.149370e+13  7.064850e+19  1.124744e+11  1.129813e+12  1.131031e+19  7.079065e+08  7.144948e+09  7.157754e+16 
 7.477477e+01  2.235305e+08  1.119573e+13  6.890225e+19  1.146589e+13  7.103942e+19  1.134157e+11  1.140129e+12  1.148165e+19  7.135075e+08  7.206846e+09  7.262740e+16 
 7.507508e+01  2.250993e+08  1.116755e+13  6.926324e+19  1.143859e+13  7.142144e+19  1.143570e+11  1.150448e+12  1.165303e+19  7.191468e+08  7.269143e+09  7.368083e+16 
 7.537538e+01  2.266356e+08  1.113983e+13  6.961526e+19  1.141180e+13  7.179475e+19  1.152968e+11  1.160757e+12  1.182426e+19  7.248106e+08  7.331701e+09  7.473641e+16 
 7.567568e+01  2.281394e+08  1.111257e+13  6.995851e+19  1.138551e+13  7.215953e+19  1.162336e+11  1.171038e+12  1.199519e+19  7.304854e+08  7.394382e+09  7.579276e+16 
 7.597598e+01  2.296109e+08  1.108578e+13  7.029317e+19  1.135973e+13  7.251595e+19  1.171659e+11  1.181278e+12  1.216563e+19  7.361572e+08  7.457050e+09  7.684847e+16 
 7.627628e+01  2.310502e+08  1.105944e+13  7.061941e+19  1.133446e+13  7.286418e+19  1.180922e+11  1.191461e+12  1.233541e+19  7.418126e+08  7.519566e+09  7.790215e+16 
 7.657658e+01  2.324575e+08  1.103358e+13  7.093741e+19  1.130969e+13  7.320440e+19  1.190110e+11  1.201571e+12  1.250436e+19  7.474378e+08  7.581793e+09  7.895241e+16 
 7.687688e+01  2.338327e+08  1.100818e+13  7.124735e+19  1.128544e+13  7.353676e+19  1.199211e+11  1.211597e+12  1.267235e+19  7.530216e+08  7.643619e+09  7.999820e+16 
 7.717718e+01  2.351766e+08  1.098328e+13  7.154918e+19  1.126172e+13  7.386124e+19  1.208253e+11  1.221549e+12  1.283964e+19  7.585825e+08  7.705214e+09  8.104153e+16 
 7.747748e+01  2.364905e+08  1.095885e+13  7.184343e+19  1.123852e+13  7.417834e+19  1.217191e+11  1.231399e+12  1.300555e+19  7.640894e+08  7.766255e+09  8.207707e+16 
 7.777778e+01  2.377748e+08  1.093488e+13  7.213024e+19  1.121582e+13  7.448819e+19  1.226024e+11  1.241144e+12  1.317006e+19  7.695404e+08  7.826720e+09  8.310447e+16 
 7.807808e+01  2.390301e+08  1.091138e+13  7.240974e+19  1.119362e+13  7.479093e+19  1.234752e+11  1.250783e+12  1.333312e+19  7.749337e+08  7.886587e+09  8.412338e+16 
 7.837838e+01  2.402569e+08  1.088834e+13  7.268208e+19  1.117191e+13  7.508670e+19  1.243373e+11  1.260312e+12  1.349469e+19  7.802672e+08  7.945833e+09  8.513345e+16 
 7.867868e+01  2.414557e+08  1.086574e+13  7.294739e+19  1.115069e+13  7.537562e+19  1.251884e+11  1.269730e+12  1.365472e+19  7.855390e+08  8.004438e+09  8.613433e+16 
 7.897898e+01  2.426271e+08  1.084358e+13  7.320583e+19  1.112994e+13  7.565785e+19  1.260284e+11  1.279036e+12  1.381318e+19  7.907472e+08  8.062378e+09  8.712568e+16 
 7.927928e+01  2.437715e+08  1.082186e+13  7.345754e+19  1.110966e+13  7.593352e+19  1.268573e+11  1.288226e+12  1.397002e+19  7.958899e+08  8.119632e+09  8.810714e+16 
 7.957958e+01  2.448895e+08  1.080057e+13  7.370264e+19  1.108985e+13  7.620276e+19  1.276748e+11  1.297298e+12  1.412520e+19  8.009650e+08  8.176177e+09  8.907838e+16 
 7.987988e+01  2.459815e+08  1.077970e+13  7.394130e+19  1.107049e+13  7.646571e+19  1.284808e+11  1.306251e+12  1.427868e+19  8.059707e+08  8.231991e+09  9.003904e+16 
 8.018018e+01  2.470482e+08  1.075925e+13  7.417364e+19  1.105157e+13  7.672251e+19  1.292751e+11  1.315083e+12  1.443042e+19  8.109050e+08  8.287053e+09  9.098877e+16 
 8.048048e+01  2.480900e+08  1.073920e+13  7.439982e+19  1.103309e+13  7.697330e+19  1.300577e+11  1.323790e+12  1.458037e+19  8.157660e+08  8.341341e+09  9.192724e+16 
 8.078078e+01  2.491074e+08  1.071956e+13  7.461996e+19  1.101505e+13  7.721822e+19  1.308282e+11  1.332372e+12  1.472849e+19  8.205517e+08  8.394831e+09  9.285408e+16 
 8.108108e+01  2.501009e+08  1.070031e+13  7.483422e+19  1.099743e+13  7.745740e+19  1.315866e+11  1.340826e+12  1.487475e+19  8.252602e+08  8.447502e+09  9.376896e+16 
 8.138138e+01  2.510711e+08  1.068145e+13  7.504274e+19  1.098022e+13  7.769098e+19  1.323328e+11  1.349149e+12  1.501909e+19  8.298896e+08  8.499333e+09  9.467152e+16 
 8.168168e+01  2.520185e+08  1.066298e+13  7.524566e+19  1.096343e+13  7.791909e+19  1.330665e+11  1.357341e+12  1.516149e+19  8.344379e+08  8.550300e+09  9.556141e+16 
 8.198198e+01  2.529436e+08  1.064488e+13  7.544312e+19  1.094703e+13  7.814188e+19  1.337877e+11  1.365397e+12  1.530189e+19  8.389032e+08  8.600383e+09  9.643830e+16 
 8.228228e+01  2.538469e+08  1.062714e+13  7.563525e+19  1.093103e+13  7.835949e+19  1.344961e+11  1.373318e+12  1.544025e+19  8.432835e+08  8.649558e+09  9.730183e+16 
 8.258258e+01  2.547289e+08  1.060977e+13  7.582222e+19  1.091541e+13  7.857204e+19  1.351917e+11  1.381100e+12  1.557653e+19  8.475769e+08  8.697803e+09  9.815165e+16 
 8.288288e+01  2.555896e+08  1.059276e+13  7.600400e+19  1.090019e+13  7.877954e+19  1.358746e+11  1.388745e+12  1.571077e+19  8.517849e+08  8.745135e+09  9.898801e+16 
 8.318318e+01  2.564293e+08  1.057613e+13  7.618064e+19  1.088536e+13  7.898202e+19  1.365453e+11  1.396260e+12  1.584303e+19  8.559126e+08  8.791607e+09  9.981137e+16 
 8.348348e+01  2.572495e+08  1.055984e+13  7.635258e+19  1.087089e+13  7.917991e+19  1.372031e+11  1.403636e+12  1.597314e+19  8.599544e+08  8.837148e+09  1.006204e+17 
 8.378378e+01  2.580508e+08  1.054389e+13  7.651992e+19  1.085680e+13  7.937331e+19  1.378482e+11  1.410875e+12  1.610111e+19  8.639114e+08  8.881771e+09  1.014153e+17 
 8.408408e+01  2.588333e+08  1.052828e+13  7.668275e+19  1.084305e+13  7.956230e+19  1.384808e+11  1.417979e+12  1.622697e+19  8.677846e+08  8.925485e+09  1.021962e+17 
 8.438438e+01  2.595976e+08  1.051299e+13  7.684115e+19  1.082966e+13  7.974697e+19  1.391011e+11  1.424950e+12  1.635073e+19  8.715753e+08  8.968303e+09  1.029631e+17 
 8.468468e+01  2.603438e+08  1.049803e+13  7.699520e+19  1.081661e+13  7.992739e+19  1.397091e+11  1.431788e+12  1.647240e+19  8.752844e+08  9.010234e+09  1.037161e+17 
 8.498498e+01  2.610724e+08  1.048339e+13  7.714500e+19  1.080390e+13  8.010365e+19  1.403052e+11  1.438496e+12  1.659200e+19  8.789132e+08  9.051290e+09  1.044554e+17 
 8.528529e+01  2.617837e+08  1.046905e+13  7.729062e+19  1.079152e+13  8.027584e+19  1.408895e+11  1.445076e+12  1.670955e+19  8.824627e+08  9.091482e+09  1.051811e+17 
 8.558559e+01  2.624781e+08  1.045502e+13  7.743217e+19  1.077946e+13  8.044403e+19  1.414621e+11  1.451528e+12  1.682507e+19  8.859341e+08  9.130821e+09  1.058932e+17 
 8.588589e+01  2.631558e+08  1.044128e+13  7.756971e+19  1.076771e+13  8.060832e+19  1.420232e+11  1.457855e+12  1.693856e+19  8.893284e+08  9.169317e+09  1.065919e+17 
 8.618619e+01  2.638174e+08  1.042784e+13  7.770335e+19  1.075627e+13  8.076879e+19  1.425730e+11  1.464058e+12  1.705005e+19  8.926468e+08  9.206982e+09  1.072774e+17 
 8.648649e+01  2.644630e+08  1.041468e+13  7.783316e+19  1.074514e+13  8.092551e+19  1.431117e+11  1.470139e+12  1.715955e+19  8.958904e+08  9.243827e+09  1.079496e+17 
 8.678679e+01  2.650930e+08  1.040179e+13  7.795924e+19  1.073430e+13  8.107858e+19  1.436394e+11  1.476100e+12  1.726708e+19  8.990604e+08  9.279861e+09  1.086088e+17 
 8.708709e+01  2.657079e+08  1.038918e+13  7.808166e+19  1.072375e+13  8.122808e+19  1.441563e+11  1.481942e+12  1.737265e+19  9.021577e+08  9.315098e+09  1.092550e+17 
 8.738739e+01  2.663079e+08  1.037684e+13  7.820052e+19  1.071348e+13  8.137410e+19  1.446626e+11  1.487667e+12  1.747628e+19  9.051836e+08  9.349546e+09  1.098883e+17 
 8.768769e+01  2.668933e+08  1.036475e+13  7.831590e+19  1.070349e+13  8.151670e+19  1.451585e+11  1.493277e+12  1.757800e+19  9.081391e+08  9.383218e+09  1.105089e+17 
 8.798799e+01  2.674646e+08  1.035291e+13  7.842789e+19  1.069376e+13  8.165599e+19  1.456442e+11  1.498772e+12  1.767780e+19  9.110255e+08  9.416124e+09  1.111169e+17 
 8.828829e+01  2.680221e+08  1.034132e+13  7.853658e+19  1.068430e+13  8.179205e+19  1.461197e+11  1.504156e+12  1.777571e+19  9.138437e+08  9.448275e+09  1.117123e+17 
 8.858859e+01  2.685661e+08  1.032997e+13  7.864205e+19  1.067509e+13  8.192495e+19  1.465853e+11  1.509429e+12  1.787175e+19  9.165949e+08  9.479681e+09  1.122952e+17 
 8.888889e+01  2.690969e+08  1.031885e+13  7.874438e+19  1.066613e+13  8.205478e+19  1.470412e+11  1.514593e+12  1.796593e+19  9.192802e+08  9.510355e+09  1.128659e+17 
 8.918919e+01  2.696150e+08  1.030796e+13  7.884367e+19  1.065741e+13  8.218163e+19  1.474875e+11  1.519649e+12  1.805826e+19  9.219007e+08  9.540307e+09  1.134244e+17 
 8.948949e+01  2.701207e+08  1.029729e+13  7.894001e+19  1.064892e+13  8.230558e+19  1.479244e+11  1.524601e+12  1.814877e+19  9.244576e+08  9.569548e+09  1.139707e+17 
 8.978979e+01  2.706142e+08  1.028684e+13  7.903347e+19  1.064066e+13  8.242672e+19  1.483521e+11  1.529448e+12  1.823747e+19  9.269520e+08  9.598088e+09  1.145051e+17 
 9.009009e+01  2.710960e+08  1.027659e+13  7.912414e+19  1.063262e+13  8.254512e+19  1.487708e+11  1.534193e+12  1.832438e+19  9.293849e+08  9.625939e+09  1.150276e+17 
 9.039039e+01  2.715643e+08  1.026658e+13  7.921158e+19  1.062485e+13  8.266036e+19  1.491799e+11  1.538833e+12  1.840936e+19  9.317572e+08  9.653096e+09  1.155373e+17 
 9.069069e+01  2.720199e+08  1.025682e+13  7.929599e+19  1.061732e+13  8.277262e+19  1.495797e+11  1.543372e+12  1.849251e+19  9.340714e+08  9.679586e+09  1.160347e+17 
 9.099099e+01  2.724653e+08  1.024724e+13  7.937801e+19  1.061000e+13  8.288254e+19  1.499711e+11  1.547816e+12  1.857401e+19  9.363292e+08  9.705443e+09  1.165214e+17 
 9.129129e+01  2.729007e+08  1.023785e+13  7.945767e+19  1.060288e+13  8.299014e+19  1.503542e+11  1.552165e+12  1.865388e+19  9.385316e+08  9.730678e+09  1.169974e+17 
 9.159159e+01  2.733263e+08  1.022864e+13  7.953502e+19  1.059595e+13  8.309546e+19  1.507291e+11  1.556423e+12  1.873215e+19  9.406794e+08  9.755299e+09  1.174628e+17 
 9.189189e+01  2.737422e+08  1.021962e+13  7.961009e+19  1.058921e+13  8.319855e+19  1.510960e+11  1.560590e+12  1.880883e+19  9.427736e+08  9.779317e+09  1.179179e+17 
 9.219219e+01  2.741486e+08  1.021077e+13  7.968291e+19  1.058266e+13  8.329943e+19  1.514550e+11  1.564667e+12  1.888396e+19  9.448150e+08  9.802742e+09  1.183628e+17 
 9.249249e+01  2.745456e+08  1.020210e+13  7.975354e+19  1.057630e+13  8.339815e+19  1.518062e+11  1.568657e+12  1.895755e+19  9.468047e+08  9.825584e+09  1.187976e+17 
 9.279279e+01  2.749334e+08  1.019360e+13  7.982200e+19  1.057012e+13  8.349474e+19  1.521498e+11  1.572559e+12  1.902962e+19  9.487435e+08  9.847852e+09  1.192225e+17 
 9.309309e+01  2.753122e+08  1.018527e+13  7.988833e+19  1.056411e+13  8.358923e+19  1.524858e+11  1.576377e+12  1.910019e+19  9.506324e+08  9.869557e+09  1.196376e+17 
 9.339339e+01  2.756821e+08  1.017710e+13  7.995257e+19  1.055828e+13  8.368167e+19  1.528145e+11  1.580111e+12  1.916929e+19  9.524722e+08  9.890709e+09  1.200430e+17 
 9.369369e+01  2.760432e+08  1.016910e+13  8.001476e+19  1.055263e+13  8.377209e+19  1.531360e+11  1.583763e+12  1.923694e+19  9.542639e+08  9.911317e+09  1.204390e+17 
 9.399399e+01  2.763958e+08  1.016126e+13  8.007494e+19  1.054714e+13  8.386052e+19  1.534503e+11  1.587334e+12  1.930316e+19  9.560085e+08  9.931392e+09  1.208256e+17 
 9.429429e+01  2.767400e+08  1.015357e+13  8.013314e+19  1.054181e+13  8.394701e+19  1.537577e+11  1.590826e+12  1.936796e+19  9.577068e+08  9.950943e+09  1.212030e+17 
 9.459459e+01  2.770759e+08  1.014603e+13  8.018940e+19  1.053665e+13  8.403159e+19  1.540582e+11  1.594240e+12  1.943138e+19  9.593597e+08  9.969981e+09  1.215714e+17 
 9.489489e+01  2.774037e+08  1.013864e+13  8.024376e+19  1.053165e+13  8.411430e+19  1.543519e+11  1.597578e+12  1.949344e+19  9.609682e+08  9.988514e+09  1.219309e+17 
 9.519520e+01  2.777236e+08  1.013140e+13  8.029626e+19  1.052680e+13  8.419517e+19  1.546391e+11  1.600840e+12  1.955415e+19  9.625333e+08  1.000655e+10  1.222816e+17 
 9.549550e+01  2.780357e+08  1.012430e+13  8.034694e+19  1.052210e+13  8.427424e+19  1.549199e+11  1.604029e+12  1.961354e+19  9.640557e+08  1.002411e+10  1.226238e+17 
 9.579580e+01  2.783401e+08  1.011734e+13  8.039582e+19  1.051755e+13  8.435155e+19  1.551943e+11  1.607146e+12  1.967163e+19  9.655365e+08  1.004119e+10  1.229574e+17 
 9.609610e+01  2.786371e+08  1.011052e+13  8.044296e+19  1.051314e+13  8.442714e+19  1.554625e+11  1.610192e+12  1.972844e+19  9.669765e+08  1.005781e+10  1.232828e+17 
 9.639640e+01  2.789268e+08  1.010383e+13  8.048838e+19  1.050888e+13  8.450103e+19  1.557247e+11  1.613169e+12  1.978399e+19  9.683767e+08  1.007398e+10  1.236000e+17 
 9.669670e+01  2.792093e+08  1.009727e+13  8.053213e+19  1.050476e+13  8.457327e+19  1.559809e+11  1.616078e+12  1.983831e+19  9.697380e+08  1.008970e+10  1.239092e+17 
 9.699700e+01  2.794848e+08  1.009084e+13  8.057424e+19  1.050077e+13  8.464390e+19  1.562313e+11  1.618921e+12  1.989141e+19  9.710614e+08  1.010498e+10  1.242106e+17 
 9.729730e+01  2.797535e+08  1.008453e+13  8.061476e+19  1.049691e+13  8.471295e+19  1.564761e+11  1.621699e+12  1.994332e+19  9.723477e+08  1.011985e+10  1.245042e+17 
 9.759760e+01  2.800155e+08  1.007835e+13  8.065371e+19  1.049318e+13  8.478045e+19  1.567153e+11  1.624413e+12  1.999406e+19  9.735978e+08  1.013429e+10  1.247902e+17 
 9.789790e+01  2.802709e+08  1.007228e+13  8.069114e+19  1.048957e+13  8.484645e+19  1.569492e+11  1.627066e+12  2.004366e+19  9.748128e+08  1.014834e+10  1.250688e+17 
 9.819820e+01  2.805200e+08  1.006632e+13  8.072709e+19  1.048609e+13  8.491098e+19  1.571777e+11  1.629657e+12  2.009212e+19  9.759934e+08  1.016199e+10  1.253402e+17 
 9.849850e+01  2.807629e+08  1.006048e+13  8.076159e+19  1.048272e+13  8.497408e+19  1.574012e+11  1.632190e+12  2.013948e+19  9.771407e+08  1.017525e+10  1.256044e+17 
 9.879880e+01  2.809997e+08  1.005474e+13  8.079468e+19  1.047947e+13  8.503579e+19  1.576196e+11  1.634665e+12  2.018576e+19  9.782555e+08  1.018815e+10  1.258616e+17 
 9.909910e+01  2.812307e+08  1.004911e+13  8.082639e+19  1.047633e+13  8.509613e+19  1.578331e+11  1.637083e+12  2.023097e+19  9.793388e+08  1.020067e+10  1.261120e+17 
 9.939940e+01  2.814558e+08  1.004358e+13  8.085677e+19  1.047330e+13  8.515515e+19  1.580419e+11  1.639447e+12  2.027514e+19  9.803915e+08  1.021284e+10  1.263557e+17 
 9.969970e+01  2.816755e+08  1.003814e+13  8.088586e+19  1.047038e+13  8.521289e+19  1.582461e+11  1.641758e+12  2.031830e+19  9.814145e+08  1.022467e+10  1.265929e+17 
 1.000000e+02  2.818897e+08  1.003281e+13  8.091369e+19  1.046755e+13  8.526938e+19  1.584458e+11  1.644016e+12  2.036046e+19  9.824087e+08  1.023616e+10  1.268236e+17 
 1.003003e+02  2.820986e+08  1.002756e+13  8.094029e+19  1.046483e+13  8.532465e+19  1.586411e+11  1.646224e+12  2.040164e+19  9.833751e+08  1.024733e+10  1.270482e+17 
 1.006006e+02  2.823024e+08  1.002240e+13  8.096572e+19  1.046219e+13  8.537875e+19  1.588322e+11  1.648383e+12  2.044187e+19  9.843145e+08  1.025819e+10  1.272666e+17 
 1.009009e+02  2.825013e+08  1.001733e+13  8.098999e+19  1.045965e+13  8.543171e+19  1.590193e+11  1.650494e+12  2.048117e+19  9.852280e+08  1.026873e+10  1.274791e+17 
 1.012012e+02  2.826953e+08  1.001234e+13  8.101316e+19  1.045720e+13  8.548357e+19  1.592024e+11  1.652559e+12  2.051955e+19  9.861163e+08  1.027899e+10  1.276858e+17 
 1.015015e+02  2.828848e+08  1.000743e+13  8.103526e+19  1.045483e+13  8.553437e+19  1.593816e+11  1.654579e+12  2.055705e+19  9.869805e+08  1.028896e+10  1.278868e+17 
 1.018018e+02  2.830697e+08  1.000260e+13  8.105633e+19  1.045255e+13  8.558413e+19  1.595572e+11  1.656556e+12  2.059368e+19  9.878214e+08  1.029865e+10  1.280823e+17 
 1.021021e+02  2.832504e+08  9.997838e+12  8.107640e+19  1.045034e+13  8.563291e+19  1.597292e+11  1.658491e+12  2.062947e+19  9.886401e+08  1.030808e+10  1.282725e+17 
 1.024024e+02  2.834268e+08  9.993146e+12  8.109552e+19  1.044821e+13  8.568073e+19  1.598977e+11  1.660385e+12  2.066443e+19  9.894373e+08  1.031725e+10  1.284574e+17 
 1.027027e+02  2.835993e+08  9.988520e+12  8.111372e+19  1.044615e+13  8.572763e+19  1.600630e+11  1.662241e+12  2.069859e+19  9.902140e+08  1.032618e+10  1.286373e+17 
 1.030030e+02  2.837670e+08  9.984032e+12  8.113083e+19  1.044423e+13  8.577344e+19  1.602236e+11  1.664041e+12  2.073183e+19  9.909615e+08  1.033477e+10  1.288113e+17 
 1.033033e+02  2.839285e+08  9.979828e+12  8.114649e+19  1.044259e+13  8.581783e+19  1.603763e+11  1.665754e+12  2.076394e+19  9.916606e+08  1.034282e+10  1.289781e+17 
 1.036036e+02  2.840865e+08  9.975679e+12  8.116138e+19  1.044102e+13  8.586144e+19  1.605262e+11  1.667433e+12  2.079539e+19  9.923413e+08  1.035066e+10  1.291406e+17 
 1.039039e+02  2.842413e+08  9.971583e+12  8.117550e+19  1.043950e+13  8.590428e+19  1.606731e+11  1.669078e+12  2.082617e+19  9.930039e+08  1.035828e+10  1.292991e+17 
 1.042042e+02  2.843927e+08  9.967541e+12  8.118888e+19  1.043804e+13  8.594636e+19  1.608172e+11  1.670690e+12  2.085631e+19  9.936486e+08  1.036570e+10  1.294535e+17 
 1.045045e+02  2.845409e+08  9.963552e+12  8.120151e+19  1.043663e+13  8.598771e+19  1.609586e+11  1.672269e+12  2.088581e+19  9.942758e+08  1.037291e+10  1.296038e+17 
 1.048048e+02  2.846859e+08  9.959614e+12  8.121342e+19  1.043528e+13  8.602831e+19  1.610971e+11  1.673817e+12  2.091467e+19  9.948855e+08  1.037992e+10  1.297503e+17 
 1.051051e+02  2.848277e+08  9.955729e+12  8.122460e+19  1.043399e+13  8.606820e+19  1.612329e+11  1.675332e+12  2.094291e+19  9.954782e+08  1.038673e+10  1.298928e+17 
 1.054054e+02  2.849665e+08  9.951894e+12  8.123508e+19  1.043275e+13  8.610737e+19  1.613660e+11  1.676816e+12  2.097054e+19  9.960540e+08  1.039335e+10  1.300315e+17 
 1.057057e+02  2.851021e+08  9.948110e+12  8.124487e+19  1.043156e+13  8.614584e+19  1.614965e+11  1.678269e+12  2.099757e+19  9.966132e+08  1.039977e+10  1.301664e+17 
 1.060060e+02  2.852348e+08  9.944375e+12  8.125397e+19  1.043043e+13  8.618362e+19  1.616243e+11  1.679692e+12  2.102400e+19  9.971560e+08  1.040599e+10  1.302976e+17 
 1.063063e+02  2.853645e+08  9.940690e+12  8.126239e+19  1.042935e+13  8.622071e+19  1.617495e+11  1.681084e+12  2.104984e+19  9.976827e+08  1.041203e+10  1.304251e+17 
 1.066066e+02  2.854913e+08  9.937053e+12  8.127015e+19  1.042832e+13  8.625714e+19  1.618723e+11  1.682447e+12  2.107510e+19  9.981936e+08  1.041789e+10  1.305491e+17 
 1.069069e+02  2.856152e+08  9.933464e+12  8.127725e+19  1.042734e+13  8.629291e+19  1.619925e+11  1.683781e+12  2.109980e+19  9.986889e+08  1.042356e+10  1.306694e+17 
 1.072072e+02  2.857362e+08  9.929922e+12  8.128372e+19  1.042641e+13  8.632802e+19  1.621102e+11  1.685086e+12  2.112393e+19  9.991688e+08  1.042906e+10  1.307863e+17 
 1.075075e+02  2.858545e+08  9.926428e+12  8.128955e+19  1.042553e+13  8.636250e+19  1.622256e+11  1.686363e+12  2.114751e+19  9.996335e+08  1.043438e+10  1.308997e+17 
 1.078078e+02  2.859701e+08  9.922980e+12  8.129476e+19  1.042470e+13  8.639635e+19  1.623385e+11  1.687612e+12  2.117055e+19  1.000083e+09  1.043952e+10  1.310097e+17 
 1.081081e+02  2.860829e+08  9.919577e+12  8.129936e+19  1.042391e+13  8.642959e+19  1.624491e+11  1.688834e+12  2.119305e+19  1.000519e+09  1.044449e+10  1.311164e+17 
 1.084084e+02  2.861931e+08  9.916219e+12  8.130336e+19  1.042318e+13  8.646221e+19  1.625574e+11  1.690029e+12  2.121503e+19  1.000940e+09  1.044930e+10  1.312199e+17 
 1.087087e+02  2.863008e+08  9.912906e+12  8.130678e+19  1.042249e+13  8.649424e+19  1.626634e+11  1.691197e+12  2.123649e+19  1.001347e+09  1.045394e+10  1.313201e+17 
 1.090090e+02  2.864058e+08  9.909637e+12  8.130962e+19  1.042185e+13  8.652569e+19  1.627672e+11  1.692339e+12  2.125744e+19  1.001740e+09  1.045842e+10  1.314171e+17 
 1.093093e+02  2.865084e+08  9.906411e+12  8.131189e+19  1.042125e+13  8.655656e+19  1.628688e+11  1.693456e+12  2.127790e+19  1.002119e+09  1.046274e+10  1.315111e+17 
 1.096096e+02  2.866085e+08  9.903228e+12  8.131361e+19  1.042070e+13  8.658686e+19  1.629682e+11  1.694548e+12  2.129786e+19  1.002485e+09  1.046691e+10  1.316020e+17 
 1.099099e+02  2.867062e+08  9.900087e+12  8.131478e+19  1.042019e+13  8.661661e+19  1.630656e+11  1.695614e+12  2.131735e+19  1.002838e+09  1.047092e+10  1.316899e+17 
 1.102102e+02  2.868015e+08  9.896987e+12  8.131542e+19  1.041973e+13  8.664582e+19  1.631608e+11  1.696657e+12  2.133636e+19  1.003178e+09  1.047478e+10  1.317749e+17 
 1.105105e+02  2.868946e+08  9.893928e+12  8.131554e+19  1.041931e+13  8.667449e+19  1.632540e+11  1.697675e+12  2.135490e+19  1.003506e+09  1.047849e+10  1.318570e+17 
 1.108108e+02  2.869853e+08  9.890910e+12  8.131514e+19  1.041893e+13  8.670265e+19  1.633452e+11  1.698671e+12  2.137299e+19  1.003821e+09  1.048206e+10  1.319363e+17 
 1.111111e+02  2.870738e+08  9.887932e+12  8.131425e+19  1.041859e+13  8.673029e+19  1.634344e+11  1.699643e+12  2.139064e+19  1.004124e+09  1.048549e+10  1.320128e+17 
 1.114114e+02  2.871601e+08  9.884992e+12  8.131286e+19  1.041830e+13  8.675743e+19  1.635217e+11  1.700593e+12  2.140785e+19  1.004415e+09  1.048877e+10  1.320866e+17 
 1.117117e+02  2.872443e+08  9.882091e+12  8.131100e+19  1.041804e+13  8.678408e+19  1.636071e+11  1.701520e+12  2.142463e+19  1.004694e+09  1.049193e+10  1.321578e+17 
 1.120120e+02  2.873265e+08  9.879229e+12  8.130866e+19  1.041783e+13  8.681025e+19  1.636907e+11  1.702427e+12  2.144099e+19  1.004963e+09  1.049495e+10  1.322263e+17 
 1.123123e+02  2.874065e+08  9.876403e+12  8.130587e+19  1.041765e+13  8.683595e+19  1.637725e+11  1.703311e+12  2.145694e+19  1.005220e+09  1.049784e+10  1.322924e+17 
 1.126126e+02  2.874846e+08  9.873615e+12  8.130264e+19  1.041752e+13  8.686119e+19  1.638525e+11  1.704176e+12  2.147248e+19  1.005466e+09  1.050060e+10  1.323559e+17 
 1.129129e+02  2.875607e+08  9.870863e+12  8.129896e+19  1.041742e+13  8.688599e+19  1.639307e+11  1.705019e+12  2.148764e+19  1.005702e+09  1.050323e+10  1.324170e+17 
 1.132132e+02  2.876350e+08  9.868146e+12  8.129487e+19  1.041735e+13  8.691034e+19  1.640073e+11  1.705843e+12  2.150240e+19  1.005927e+09  1.050575e+10  1.324758e+17 
 1.135135e+02  2.877073e+08  9.865464e+12  8.129036e+19  1.041733e+13  8.693427e+19  1.640822e+11  1.706648e+12  2.151680e+19  1.006142e+09  1.050815e+10  1.325322e+17 
 1.138138e+02  2.877779e+08  9.862817e+12  8.128544e+19  1.041734e+13  8.695779e+19  1.641555e+11  1.707433e+12  2.153082e+19  1.006348e+09  1.051043e+10  1.325864e+17 
 1.141141e+02  2.878467e+08  9.860204e+12  8.128014e+19  1.041738e+13  8.698090e+19  1.642272e+11  1.708200e+12  2.154449e+19  1.006543e+09  1.051260e+10  1.326384e+17 
 1.144144e+02  2.879138e+08  9.857624e+12  8.127445e+19  1.041746e+13  8.700361e+19  1.642973e+11  1.708949e+12  2.155781e+19  1.006730e+09  1.051466e+10  1.326882e+17 
 1.147147e+02  2.879792e+08  9.855077e+12  8.126839e+19  1.041758e+13  8.702594e+19  1.643660e+11  1.709681e+12  2.157079e+19  1.006907e+09  1.051661e+10  1.327360e+17 
 1.150150e+02  2.880430e+08  9.852562e+12  8.126197e+19  1.041772e+13  8.704789e+19  1.644332e+11  1.710395e+12  2.158344e+19  1.007075e+09  1.051846e+10  1.327817e+17 
 1.153153e+02  2.881052e+08  9.850078e+12  8.125521e+19  1.041790e+13  8.706948e+19  1.644990e+11  1.711092e+12  2.159576e+19  1.007235e+09  1.052021e+10  1.328255e+17 
 1.156156e+02  2.881659e+08  9.847625e+12  8.124810e+19  1.041811e+13  8.709072e+19  1.645633e+11  1.711773e+12  2.160777e+19  1.007387e+09  1.052186e+10  1.328673e+17 
 1.159159e+02  2.882251e+08  9.845203e+12  8.124067e+19  1.041835e+13  8.711162e+19  1.646264e+11  1.712438e+12  2.161948e+19  1.007530e+09  1.052341e+10  1.329073e+17 
 1.162162e+02  2.882828e+08  9.842811e+12  8.123293e+19  1.041863e+13  8.713219e+19  1.646881e+11  1.713087e+12  2.163088e+19  1.007666e+09  1.052487e+10  1.329455e+17 
 1.165165e+02  2.883392e+08  9.840447e+12  8.122488e+19  1.041893e+13  8.715243e+19  1.647485e+11  1.713722e+12  2.164201e+19  1.007794e+09  1.052624e+10  1.329819e+17 
 1.168168e+02  2.883942e+08  9.838112e+12  8.121653e+19  1.041926e+13  8.717236e+19  1.648078e+11  1.714342e+12  2.165285e+19  1.007914e+09  1.052753e+10  1.330166e+17 
 1.171171e+02  2.884479e+08  9.835806e+12  8.120790e+19  1.041962e+13  8.719200e+19  1.648658e+11  1.714948e+12  2.166342e+19  1.008028e+09  1.052873e+10  1.330497e+17 
 1.174174e+02  2.885004e+08  9.833526e+12  8.119900e+19  1.042001e+13  8.721134e+19  1.649226e+11  1.715540e+12  2.167373e+19  1.008135e+09  1.052985e+10  1.330813e+17 
 1.177177e+02  2.885516e+08  9.831274e+12  8.118984e+19  1.042043e+13  8.723041e+19  1.649784e+11  1.716119e+12  2.168379e+19  1.008235e+09  1.053089e+10  1.331113e+17 
 1.180180e+02  2.886017e+08  9.829047e+12  8.118042e+19  1.042087e+13  8.724921e+19  1.650330e+11  1.716685e+12  2.169361e+19  1.008328e+09  1.053186e+10  1.331398e+17 
 1.183183e+02  2.886507e+08  9.826846e+12  8.117077e+19  1.042134e+13  8.726775e+19  1.650866e+11  1.717239e+12  2.170319e+19  1.008416e+09  1.053275e+10  1.331669e+17 
 1.186186e+02  2.886986e+08  9.824671e+12  8.116089e+19  1.042183e+13  8.728605e+19  1.651392e+11  1.717781e+12  2.171254e+19  1.008498e+09  1.053358e+10  1.331927e+17 
 1.189189e+02  2.887455e+08  9.822520e+12  8.115079e+19  1.042235e+13  8.730411e+19  1.651909e+11  1.718311e+12  2.172168e+19  1.008574e+09  1.053433e+10  1.332172e+17 
 1.192192e+02  2.887914e+08  9.820392e+12  8.114048e+19  1.042290e+13  8.732194e+19  1.652416e+11  1.718831e+12  2.173061e+19  1.008645e+09  1.053503e+10  1.332405e+17 
 1.195195e+02  2.888364e+08  9.818288e+12  8.112998e+19  1.042346e+13  8.733956e+19  1.652914e+11  1.719340e+12  2.173934e+19  1.008711e+09  1.053566e+10  1.332625e+17 
 1.198198e+02  2.888805e+08  9.816207e+12  8.111929e+19  1.042405e+13  8.735697e+19  1.653404e+11  1.719838e+12  2.174788e+19  1.008771e+09  1.053624e+10  1.332835e+17 
 1.201201e+02  2.889235e+08  9.814124e+12  8.110835e+19  1.042464e+13  8.737412e+19  1.653887e+11  1.720330e+12  2.175617e+19  1.008830e+09  1.053678e+10  1.333029e+17 
 1.204204e+02  2.889648e+08  9.811992e+12  8.109703e+19  1.042519e+13  8.739088e+19  1.654368e+11  1.720820e+12  2.176411e+19  1.008891e+09  1.053732e+10  1.333202e+17 
 1.207207e+02  2.890052e+08  9.809879e+12  8.108555e+19  1.042576e+13  8.740745e+19  1.654840e+11  1.721301e+12  2.177189e+19  1.008947e+09  1.053780e+10  1.333366e+17 
 1.210210e+02  2.890449e+08  9.807785e+12  8.107392e+19  1.042635e+13  8.742385e+19  1.655304e+11  1.721773e+12  2.177950e+19  1.008999e+09  1.053824e+10  1.333520e+17 
 1.213213e+02  2.890839e+08  9.805708e+12  8.106212e+19  1.042695e+13  8.744007e+19  1.655761e+11  1.722236e+12  2.178696e+19  1.009045e+09  1.053861e+10  1.333664e+17 
 1.216216e+02  2.891221e+08  9.803649e+12  8.105017e+19  1.042757e+13  8.745611e+19  1.656210e+11  1.722690e+12  2.179425e+19  1.009087e+09  1.053894e+10  1.333799e+17 
 1.219219e+02  2.891595e+08  9.801607e+12  8.103807e+19  1.042821e+13  8.747198e+19  1.656652e+11  1.723135e+12  2.180139e+19  1.009125e+09  1.053921e+10  1.333925e+17 
 1.222222e+02  2.891962e+08  9.799583e+12  8.102581e+19  1.042886e+13  8.748769e+19  1.657086e+11  1.723571e+12  2.180838e+19  1.009158e+09  1.053943e+10  1.334042e+17 
 1.225225e+02  2.892322e+08  9.797576e+12  8.101341e+19  1.042953e+13  8.750322e+19  1.657513e+11  1.723999e+12  2.181522e+19  1.009187e+09  1.053961e+10  1.334150e+17 
 1.228228e+02  2.892675e+08  9.795585e+12  8.100086e+19  1.043022e+13  8.751859e+19  1.657933e+11  1.724418e+12  2.182190e+19  1.009211e+09  1.053973e+10  1.334249e+17 
 1.231231e+02  2.893021e+08  9.793610e+12  8.098817e+19  1.043092e+13  8.753379e+19  1.658346e+11  1.724829e+12  2.182844e+19  1.009232e+09  1.053981e+10  1.334339e+17 
 1.234234e+02  2.893360e+08  9.791652e+12  8.097533e+19  1.043163e+13  8.754883e+19  1.658753e+11  1.725232e+12  2.183483e+19  1.009248e+09  1.053983e+10  1.334421e+17 
 1.237237e+02  2.893692e+08  9.789710e+12  8.096236e+19  1.043236e+13  8.756371e+19  1.659152e+11  1.725627e+12  2.184108e+19  1.009260e+09  1.053982e+10  1.334495e+17 
 1.240240e+02  2.894017e+08  9.787783e+12  8.094925e+19  1.043311e+13  8.757844e+19  1.659545e+11  1.726014e+12  2.184719e+19  1.009268e+09  1.053975e+10  1.334560e+17 
 1.243243e+02  2.894336e+08  9.785871e+12  8.093600e+19  1.043387e+13  8.759301e+19  1.659931e+11  1.726394e+12  2.185316e+19  1.009272e+09  1.053964e+10  1.334617e+17 
 1.246246e+02  2.894648e+08  9.783974e+12  8.092262e+19  1.043464e+13  8.760743e+19  1.660310e+11  1.726765e+12  2.185900e+19  1.009272e+09  1.053949e+10  1.334665e+17 
 1.249249e+02  2.894953e+08  9.782092e+12  8.090912e+19  1.043543e+13  8.762170e+19  1.660683e+11  1.727130e+12  2.186469e+19  1.009268e+09  1.053929e+10  1.334706e+17 
 1.252252e+02  2.895253e+08  9.780225e+12  8.089548e+19  1.043623e+13  8.763582e+19  1.661050e+11  1.727486e+12  2.187026e+19  1.009261e+09  1.053905e+10  1.334739e+17 
 1.255255e+02  2.895546e+08  9.778372e+12  8.088172e+19  1.043705e+13  8.764980e+19  1.661411e+11  1.727836e+12  2.187569e+19  1.009250e+09  1.053877e+10  1.334764e+17 
 1.258258e+02  2.895833e+08  9.776533e+12  8.086784e+19  1.043787e+13  8.766363e+19  1.661766e+11  1.728178e+12  2.188100e+19  1.009235e+09  1.053844e+10  1.334782e+17 
 1.261261e+02  2.896114e+08  9.774707e+12  8.085383e+19  1.043871e+13  8.767732e+19  1.662115e+11  1.728514e+12  2.188617e+19  1.009217e+09  1.053808e+10  1.334793e+17 
 1.264264e+02  2.896389e+08  9.772895e+12  8.083971e+19  1.043957e+13  8.769088e+19  1.662458e+11  1.728843e+12  2.189123e+19  1.009196e+09  1.053768e+10  1.334796e+17 
 1.267267e+02  2.896658e+08  9.771096e+12  8.082547e+19  1.044043e+13  8.770429e+19  1.662795e+11  1.729164e+12  2.189616e+19  1.009171e+09  1.053724e+10  1.334791e+17 
 1.270270e+02  2.896922e+08  9.769310e+12  8.081112e+19  1.044131e+13  8.771757e+19  1.663127e+11  1.729480e+12  2.190097e+19  1.009143e+09  1.053676e+10  1.334780e+17 
 1.273273e+02  2.897180e+08  9.767537e+12  8.079665e+19  1.044220e+13  8.773072e+19  1.663453e+11  1.729789e+12  2.190566e+19  1.009111e+09  1.053624e+10  1.334762e+17 
 1.276276e+02  2.897432e+08  9.765776e+12  8.078208e+19  1.044309e+13  8.774374e+19  1.663774e+11  1.730091e+12  2.191024e+19  1.009077e+09  1.053569e+10  1.334737e+17 
 1.279279e+02  2.897679e+08  9.764027e+12  8.076740e+19  1.044401e+13  8.775664e+19  1.664089e+11  1.730387e+12  2.191470e+19  1.009039e+09  1.053510e+10  1.334706e+17 
 1.282282e+02  2.897921e+08  9.762290e+12  8.075261e+19  1.044493e+13  8.776941e+19  1.664400e+11  1.730678e+12  2.191904e+19  1.008998e+09  1.053447e+10  1.334668e+17 
 1.285285e+02  2.898157e+08  9.760564e+12  8.073772e+19  1.044586e+13  8.778205e+19  1.664705e+11  1.730962e+12  2.192328e+19  1.008954e+09  1.053382e+10  1.334623e+17 
 1.288288e+02  2.898388e+08  9.758850e+12  8.072274e+19  1.044680e+13  8.779458e+19  1.665005e+11  1.731240e+12  2.192741e+19  1.008908e+09  1.053312e+10  1.334572e+17 
 1.291291e+02  2.898614e+08  9.757147e+12  8.070765e+19  1.044776e+13  8.780698e+19  1.665301e+11  1.731513e+12  2.193144e+19  1.008859e+09  1.053240e+10  1.334515e+17 
 1.294294e+02  2.898836e+08  9.755454e+12  8.069247e+19  1.044872e+13  8.781927e+19  1.665592e+11  1.731780e+12  2.193536e+19  1.008806e+09  1.053165e+10  1.334452e+17 
 1.297297e+02  2.899052e+08  9.753772e+12  8.067720e+19  1.044969e+13  8.783145e+19  1.665878e+11  1.732042e+12  2.193918e+19  1.008752e+09  1.053086e+10  1.334383e+17 
 1.300300e+02  2.899264e+08  9.752100e+12  8.066183e+19  1.045067e+13  8.784351e+19  1.666159e+11  1.732299e+12  2.194289e+19  1.008694e+09  1.053005e+10  1.334308e+17 
 1.303303e+02  2.899471e+08  9.750438e+12  8.064638e+19  1.045166e+13  8.785547e+19  1.666437e+11  1.732550e+12  2.194651e+19  1.008635e+09  1.052920e+10  1.334228e+17 
 1.306306e+02  2.899673e+08  9.748786e+12  8.063084e+19  1.045266e+13  8.786732e+19  1.666710e+11  1.732796e+12  2.195004e+19  1.008572e+09  1.052833e+10  1.334142e+17 
 1.309309e+02  2.899871e+08  9.747143e+12  8.061521e+19  1.045367e+13  8.787906e+19  1.666978e+11  1.733038e+12  2.195347e+19  1.008508e+09  1.052743e+10  1.334051e+17 
 1.312312e+02  2.900065e+08  9.745510e+12  8.059951e+19  1.045468e+13  8.789070e+19  1.667243e+11  1.733274e+12  2.195681e+19  1.008441e+09  1.052650e+10  1.333954e+17 
 1.315315e+02  2.900255e+08  9.743885e+12  8.058372e+19  1.045571e+13  8.790224e+19  1.667504e+11  1.733506e+12  2.196006e+19  1.008372e+09  1.052555e+10  1.333852e+17 
 1.318318e+02  2.900440e+08  9.742269e+12  8.056786e+19  1.045674e+13  8.791368e+19  1.667760e+11  1.733733e+12  2.196322e+19  1.008300e+09  1.052457e+10  1.333745e+17 
 1.321321e+02  2.900621e+08  9.740661e+12  8.055193e+19  1.045778e+13  8.792503e+19  1.668013e+11  1.733956e+12  2.196630e+19  1.008227e+09  1.052357e+10  1.333634e+17 
 1.324324e+02  2.900799e+08  9.739061e+12  8.053592e+19  1.045882e+13  8.793628e+19  1.668263e+11  1.734175e+12  2.196929e+19  1.008151e+09  1.052254e+10  1.333517e+17 
 1.327327e+02  2.900972e+08  9.737469e+12  8.051984e+19  1.045987e+13  8.794744e+19  1.668509e+11  1.734390e+12  2.197220e+19  1.008074e+09  1.052149e+10  1.333396e+17 
 1.330330e+02  2.901142e+08  9.735885e+12  8.050369e+19  1.046093e+13  8.795852e+19  1.668751e+11  1.734600e+12  2.197503e+19  1.007995e+09  1.052042e+10  1.333270e+17 
 1.333333e+02  2.901308e+08  9.734308e+12  8.048748e+19  1.046200e+13  8.796950e+19  1.668990e+11  1.734807e+12  2.197779e+19  1.007914e+09  1.051933e+10  1.333140e+17 
 1.336336e+02  2.901471e+08  9.732737e+12  8.047120e+19  1.046307e+13  8.798040e+19  1.669226e+11  1.735010e+12  2.198047e+19  1.007831e+09  1.051822e+10  1.333006e+17 
 1.339339e+02  2.901630e+08  9.731174e+12  8.045487e+19  1.046415e+13  8.799122e+19  1.669459e+11  1.735209e+12  2.198308e+19  1.007746e+09  1.051708e+10  1.332868e+17 
 1.342342e+02  2.901786e+08  9.729617e+12  8.043847e+19  1.046523e+13  8.800196e+19  1.669688e+11  1.735405e+12  2.198561e+19  1.007660e+09  1.051593e+10  1.332725e+17 
 1.345345e+02  2.901939e+08  9.728066e+12  8.042202e+19  1.046631e+13  8.801263e+19  1.669915e+11  1.735597e+12  2.198808e+19  1.007573e+09  1.051476e+10  1.332579e+17 
 1.348348e+02  2.902088e+08  9.726521e+12  8.040552e+19  1.046741e+13  8.802321e+19  1.670139e+11  1.735787e+12  2.199048e+19  1.007484e+09  1.051358e+10  1.332429e+17 
 1.351351e+02  2.902235e+08  9.724982e+12  8.038896e+19  1.046850e+13  8.803373e+19  1.670361e+11  1.735973e+12  2.199282e+19  1.007393e+09  1.051237e+10  1.332275e+17 
 1.354354e+02  2.902378e+08  9.723448e+12  8.037236e+19  1.046960e+13  8.804417e+19  1.670580e+11  1.736156e+12  2.199509e+19  1.007302e+09  1.051116e+10  1.332118e+17 
 1.357357e+02  2.902519e+08  9.721920e+12  8.035570e+19  1.047071e+13  8.805454e+19  1.670796e+11  1.736336e+12  2.199730e+19  1.007209e+09  1.050992e+10  1.331957e+17 
 1.360360e+02  2.902657e+08  9.720396e+12  8.033901e+19  1.047182e+13  8.806485e+19  1.671010e+11  1.736514e+12  2.199946e+19  1.007115e+09  1.050867e+10  1.331793e+17 
 1.363363e+02  2.902792e+08  9.718877e+12  8.032227e+19  1.047293e+13  8.807509e+19  1.671222e+11  1.736689e+12  2.200155e+19  1.007020e+09  1.050741e+10  1.331626e+17 
 1.366366e+02  2.902925e+08  9.717362e+12  8.030549e+19  1.047405e+13  8.808528e+19  1.671432e+11  1.736861e+12  2.200359e+19  1.006923e+09  1.050614e+10  1.331456e+17 
 1.369369e+02  2.903055e+08  9.715851e+12  8.028867e+19  1.047517e+13  8.809540e+19  1.671639e+11  1.737031e+12  2.200559e+19  1.006826e+09  1.050486e+10  1.331283e+17 
 1.372372e+02  2.903183e+08  9.714344e+12  8.027181e+19  1.047629e+13  8.810546e+19  1.671845e+11  1.737199e+12  2.200752e+19  1.006728e+09  1.050356e+10  1.331108e+17 
 1.375375e+02  2.903309e+08  9.712840e+12  8.025493e+19  1.047741e+13  8.811547e+19  1.672049e+11  1.737365e+12  2.200942e+19  1.006630e+09  1.050226e+10  1.330929e+17 
 1.378378e+02  2.903432e+08  9.711340e+12  8.023801e+19  1.047854e+13  8.812543e+19  1.672251e+11  1.737529e+12  2.201126e+19  1.006530e+09  1.050094e+10  1.330748e+17 
 1.381381e+02  2.903554e+08  9.709843e+12  8.022106e+19  1.047967e+13  8.813534e+19  1.672452e+11  1.737691e+12  2.201306e+19  1.006430e+09  1.049962e+10  1.330565e+17 
 1.384384e+02  2.903673e+08  9.708348e+12  8.020409e+19  1.048080e+13  8.814519e+19  1.672651e+11  1.737852e+12  2.201482e+19  1.006329e+09  1.049829e+10  1.330380e+17 
 1.387387e+02  2.903791e+08  9.706856e+12  8.018710e+19  1.048193e+13  8.815501e+19  1.672849e+11  1.738011e+12  2.201654e+19  1.006228e+09  1.049695e+10  1.330192e+17 
 1.390390e+02  2.903907e+08  9.705366e+12  8.017008e+19  1.048306e+13  8.816477e+19  1.673045e+11  1.738168e+12  2.201822e+19  1.006126e+09  1.049561e+10  1.330003e+17 
 1.393393e+02  2.904021e+08  9.703878e+12  8.015304e+19  1.048419e+13  8.817450e+19  1.673241e+11  1.738324e+12  2.201987e+19  1.006024e+09  1.049426e+10  1.329812e+17 
 1.396396e+02  2.904134e+08  9.702392e+12  8.013599e+19  1.048533e+13  8.818419e+19  1.673435e+11  1.738479e+12  2.202148e+19  1.005922e+09  1.049291e+10  1.329619e+17 
 1.399399e+02  2.904245e+08  9.700907e+12  8.011892e+19  1.048646e+13  8.819384e+19  1.673628e+11  1.738633e+12  2.202306e+19  1.005819e+09  1.049155e+10  1.329424e+17 
 1.402402e+02  2.904353e+08  9.699439e+12  8.010177e+19  1.048761e+13  8.820340e+19  1.673814e+11  1.738780e+12  2.202455e+19  1.005713e+09  1.049015e+10  1.329224e+17 
 1.405405e+02  2.904457e+08  9.697987e+12  8.008457e+19  1.048877e+13  8.821287e+19  1.673992e+11  1.738921e+12  2.202598e+19  1.005603e+09  1.048872e+10  1.329021e+17 
 1.408408e+02  2.904559e+08  9.696539e+12  8.006735e+19  1.048994e+13  8.822231e+19  1.674169e+11  1.739061e+12  2.202737e+19  1.005492e+09  1.048728e+10  1.328816e+17 
 1.411411e+02  2.904661e+08  9.695094e+12  8.005013e+19  1.049110e+13  8.823172e+19  1.674344e+11  1.739198e+12  2.202874e+19  1.005381e+09  1.048583e+10  1.328609e+17 
 1.414414e+02  2.904761e+08  9.693652e+12  8.003290e+19  1.049227e+13  8.824110e+19  1.674519e+11  1.739335e+12  2.203008e+19  1.005269e+09  1.048438e+10  1.328402e+17 
 1.417417e+02  2.904860e+08  9.692214e+12  8.001565e+19  1.049343e+13  8.825044e+19  1.674692e+11  1.739470e+12  2.203139e+19  1.005157e+09  1.048292e+10  1.328193e+17 
 1.420420e+02  2.904957e+08  9.690779e+12  7.999840e+19  1.049460e+13  8.825976e+19  1.674865e+11  1.739604e+12  2.203268e+19  1.005044e+09  1.048145e+10  1.327982e+17 
 1.423423e+02  2.905054e+08  9.689347e+12  7.998113e+19  1.049578e+13  8.826904e+19  1.675036e+11  1.739736e+12  2.203394e+19  1.004931e+09  1.047998e+10  1.327771e+17 
 1.426426e+02  2.905149e+08  9.687918e+12  7.996386e+19  1.049695e+13  8.827829e+19  1.675206e+11  1.739867e+12  2.203518e+19  1.004817e+09  1.047850e+10  1.327558e+17 
 1.429429e+02  2.905243e+08  9.686492e+12  7.994658e+19  1.049812e+13  8.828751e+19  1.675375e+11  1.739997e+12  2.203639e+19  1.004702e+09  1.047701e+10  1.327344e+17 
 1.432432e+02  2.905336e+08  9.685069e+12  7.992929e+19  1.049930e+13  8.829670e+19  1.675543e+11  1.740125e+12  2.203758e+19  1.004587e+09  1.047552e+10  1.327128e+17 
 1.435435e+02  2.905428e+08  9.683650e+12  7.991200e+19  1.050047e+13  8.830586e+19  1.675709e+11  1.740252e+12  2.203874e+19  1.004471e+09  1.047403e+10  1.326912e+17 
 1.438438e+02  2.905519e+08  9.682233e+12  7.989469e+19  1.050165e+13  8.831499e+19  1.675875e+11  1.740378e+12  2.203988e+19  1.004355e+09  1.047252e+10  1.326694e+17 
 1.441441e+02  2.905608e+08  9.680820e+12  7.987738e+19  1.050283e+13  8.832409e+19  1.676040e+11  1.740502e+12  2.204099e+19  1.004239e+09  1.047102e+10  1.326475e+17 
 1.444444e+02  2.905697e+08  9.679409e+12  7.986007e+19  1.050401e+13  8.833316e+19  1.676203e+11  1.740625e+12  2.204208e+19  1.004121e+09  1.046950e+10  1.326255e+17 
 1.447447e+02  2.905784e+08  9.678002e+12  7.984274e+19  1.050520e+13  8.834221e+19  1.676366e+11  1.740747e+12  2.204314e+19  1.004004e+09  1.046798e+10  1.326034e+17 
 1.450450e+02  2.905871e+08  9.676597e+12  7.982541e+19  1.050638e+13  8.835122e+19  1.676528e+11  1.740868e+12  2.204418e+19  1.003886e+09  1.046646e+10  1.325812e+17 
 1.453453e+02  2.905956e+08  9.675195e+12  7.980807e+19  1.050756e+13  8.836021e+19  1.676688e+11  1.740987e+12  2.204520e+19  1.003767e+09  1.046493e+10  1.325588e+17 
 1.456456e+02  2.906040e+08  9.673797e+12  7.979073e+19  1.050875e+13  8.836917e+19  1.676848e+11  1.741105e+12  2.204620e+19  1.003648e+09  1.046339e+10  1.325363e+17 
 1.459459e+02  2.906123e+08  9.672401e+12  7.977338e+19  1.050994e+13  8.837810e+19  1.677006e+11  1.741222e+12  2.204717e+19  1.003528e+09  1.046185e+10  1.325138e+17 
 1.462462e+02  2.906205e+08  9.671008e+12  7.975603e+19  1.051113e+13  8.838700e+19  1.677164e+11  1.741338e+12  2.204812e+19  1.003408e+09  1.046031e+10  1.324911e+17 
 1.465465e+02  2.906286e+08  9.669618e+12  7.973867e+19  1.051232e+13  8.839588e+19  1.677320e+11  1.741452e+12  2.204905e+19  1.003288e+09  1.045875e+10  1.324683e+17 
 1.468468e+02  2.906367e+08  9.668231e+12  7.972130e+19  1.051351e+13  8.840473e+19  1.677476e+11  1.741566e+12  2.204996e+19  1.003167e+09  1.045720e+10  1.324454e+17 
 1.471471e+02  2.906446e+08  9.666846e+12  7.970394e+19  1.051470e+13  8.841355e+19  1.677630e+11  1.741678e+12  2.205085e+19  1.003045e+09  1.045564e+10  1.324225e+17 
 1.474474e+02  2.906524e+08  9.665464e+12  7.968656e+19  1.051589e+13  8.842235e+19  1.677784e+11  1.741789e+12  2.205172e+19  1.002924e+09  1.045407e+10  1.323994e+17 
 1.477477e+02  2.906601e+08  9.664085e+12  7.966919e+19  1.051709e+13  8.843112e+19  1.677937e+11  1.741899e+12  2.205256e+19  1.002801e+09  1.045250e+10  1.323762e+17 
 1.480480e+02  2.906677e+08  9.662709e+12  7.965181e+19  1.051828e+13  8.843987e+19  1.678089e+11  1.742008e+12  2.205338e+19  1.002679e+09  1.045093e+10  1.323529e+17 
 1.483483e+02  2.906753e+08  9.661336e+12  7.963443e+19  1.051948e+13  8.844859e+19  1.678240e+11  1.742116e+12  2.205419e+19  1.002556e+09  1.044935e+10  1.323296e+17 
 1.486486e+02  2.906827e+08  9.659965e+12  7.961704e+19  1.052068e+13  8.845729e+19  1.678390e+11  1.742222e+12  2.205497e+19  1.002432e+09  1.044776e+10  1.323061e+17 
 1.489489e+02  2.906901e+08  9.658596e+12  7.959966e+19  1.052187e+13  8.846596e+19  1.678539e+11  1.742328e+12  2.205574e+19  1.002308e+09  1.044617e+10  1.322825e+17 
 1.492492e+02  2.906973e+08  9.657231e+12  7.958227e+19  1.052307e+13  8.847461e+19  1.678687e+11  1.742433e+12  2.205648e+19  1.002184e+09  1.044458e+10  1.322589e+17 
 1.495495e+02  2.907045e+08  9.655868e+12  7.956487e+19  1.052427e+13  8.848324e+19  1.678834e+11  1.742536e+12  2.205721e+19  1.002059e+09  1.044298e+10  1.322352e+17 
 1.498498e+02  2.907116e+08  9.654507e+12  7.954748e+19  1.052547e+13  8.849184e+19  1.678981e+11  1.742639e+12  2.205792e+19  1.001934e+09  1.044138e+10  1.322114e+17 
 1.501502e+02  2.907186e+08  9.653149e+12  7.953009e+19  1.052667e+13  8.850041e+19  1.679126e+11  1.742740e+12  2.205861e+19  1.001809e+09  1.043978e+10  1.321875e+17 
 1.504505e+02  2.907255e+08  9.651794e+12  7.951269e+19  1.052788e+13  8.850897e+19  1.679271e+11  1.742841e+12  2.205928e+19  1.001683e+09  1.043817e+10  1.321635e+17 
 1.507508e+02  2.907323e+08  9.650441e+12  7.949529e+19  1.052908e+13  8.851750e+19  1.679415e+11  1.742940e+12  2.205993e+19  1.001557e+09  1.043655e+10  1.321394e+17 
 1.510511e+02  2.907391e+08  9.649090e+12  7.947790e+19  1.053028e+13  8.852601e+19  1.679558e+11  1.743039e+12  2.206057e+19  1.001430e+09  1.043494e+10  1.321153e+17 
 1.513514e+02  2.907458e+08  9.647742e+12  7.946050e+19  1.053149e+13  8.853450e+19  1.679700e+11  1.743137e+12  2.206119e+19  1.001303e+09  1.043332e+10  1.320911e+17 
 1.516517e+02  2.907524e+08  9.646397e+12  7.944310e+19  1.053269e+13  8.854296e+19  1.679842e+11  1.743233e+12  2.206179e+19  1.001176e+09  1.043169e+10  1.320668e+17 
 1.519520e+02  2.907589e+08  9.645054e+12  7.942570e+19  1.053390e+13  8.855141e+19  1.679983e+11  1.743329e+12  2.206238e+19  1.001048e+09  1.043006e+10  1.320424e+17 
 1.522523e+02  2.907653e+08  9.643713e+12  7.940831e+19  1.053511e+13  8.855983e+19  1.680122e+11  1.743424e+12  2.206295e+19  1.000921e+09  1.042843e+10  1.320179e+17 
 1.525526e+02  2.907717e+08  9.642374e+12  7.939091e+19  1.053631e+13  8.856823e+19  1.680262e+11  1.743518e+12  2.206350e+19  1.000792e+09  1.042680e+10  1.319934e+17 
 1.528529e+02  2.907780e+08  9.641038e+12  7.937352e+19  1.053752e+13  8.857662e+19  1.680400e+11  1.743611e+12  2.206403e+19  1.000664e+09  1.042516e+10  1.319689e+17 
 1.531532e+02  2.907842e+08  9.639704e+12  7.935613e+19  1.053873e+13  8.858498e+19  1.680538e+11  1.743703e+12  2.206456e+19  1.000535e+09  1.042352e+10  1.319442e+17 
 1.534535e+02  2.907904e+08  9.638373e+12  7.933874e+19  1.053994e+13  8.859332e+19  1.680674e+11  1.743795e+12  2.206506e+19  1.000406e+09  1.042187e+10  1.319195e+17 
 1.537538e+02  2.907965e+08  9.637043e+12  7.932135e+19  1.054115e+13  8.860164e+19  1.680811e+11  1.743885e+12  2.206555e+19  1.000277e+09  1.042023e+10  1.318947e+17 
 1.540541e+02  2.908025e+08  9.635716e+12  7.930396e+19  1.054236e+13  8.860994e+19  1.680946e+11  1.743975e+12  2.206603e+19  1.000147e+09  1.041858e+10  1.318699e+17 
 1.543544e+02  2.908085e+08  9.634391e+12  7.928658e+19  1.054357e+13  8.861823e+19  1.681081e+11  1.744064e+12  2.206649e+19  1.000017e+09  1.041692e+10  1.318450e+17 
 1.546547e+02  2.908144e+08  9.633068e+12  7.926920e+19  1.054478e+13  8.862649e+19  1.681215e+11  1.744152e+12  2.206694e+19  9.998870e+08  1.041527e+10  1.318200e+17 
 1.549550e+02  2.908202e+08  9.631748e+12  7.925182e+19  1.054599e+13  8.863474e+19  1.681348e+11  1.744240e+12  2.206737e+19  9.997565e+08  1.041361e+10  1.317950e+17 
 1.552553e+02  2.908260e+08  9.630429e+12  7.923445e+19  1.054720e+13  8.864297e+19  1.681481e+11  1.744326e+12  2.206779e+19  9.996258e+08  1.041195e+10  1.317699e+17 
 1.555556e+02  2.908317e+08  9.629113e+12  7.921708e+19  1.054841e+13  8.865118e+19  1.681613e+11  1.744412e+12  2.206820e+19  9.994949e+08  1.041028e+10  1.317448e+17 
 1.558559e+02  2.908373e+08  9.627799e+12  7.919972e+19  1.054963e+13  8.865937e+19  1.681744e+11  1.744498e+12  2.206859e+19  9.993637e+08  1.040862e+10  1.317196e+17 
 1.561562e+02  2.908429e+08  9.626486e+12  7.918236e+19  1.055084e+13  8.866755e+19  1.681874e+11  1.744582e+12  2.206898e+19  9.992323e+08  1.040695e+10  1.316944e+17 
 1.564565e+02  2.908484e+08  9.625176e+12  7.916500e+19  1.055205e+13  8.867571e+19  1.682004e+11  1.744666e+12  2.206935e+19  9.991006e+08  1.040528e+10  1.316691e+17 
 1.567568e+02  2.908539e+08  9.623868e+12  7.914765e+19  1.055326e+13  8.868385e+19  1.682134e+11  1.744749e+12  2.206970e+19  9.989688e+08  1.040360e+10  1.316438e+17 
 1.570571e+02  2.908593e+08  9.622562e+12  7.913030e+19  1.055448e+13  8.869198e+19  1.682263e+11  1.744831e+12  2.207005e+19  9.988367e+08  1.040193e+10  1.316185e+17 
 1.573574e+02  2.908647e+08  9.621257e+12  7.911297e+19  1.055569e+13  8.870009e+19  1.682391e+11  1.744913e+12  2.207038e+19  9.987044e+08  1.040025e+10  1.315930e+17 
 1.576577e+02  2.908700e+08  9.619955e+12  7.909563e+19  1.055690e+13  8.870819e+19  1.682518e+11  1.744994e+12  2.207070e+19  9.985720e+08  1.039857e+10  1.315676e+17 
 1.579580e+02  2.908753e+08  9.618654e+12  7.907831e+19  1.055812e+13  8.871627e+19  1.682645e+11  1.745075e+12  2.207102e+19  9.984393e+08  1.039689e+10  1.315421e+17 
 1.582583e+02  2.908805e+08  9.617356e+12  7.906099e+19  1.055933e+13  8.872433e+19  1.682772e+11  1.745154e+12  2.207132e+19  9.983065e+08  1.039521e+10  1.315166e+17 
 1.585586e+02  2.908857e+08  9.616059e+12  7.904367e+19  1.056054e+13  8.873238e+19  1.682897e+11  1.745234e+12  2.207161e+19  9.981735e+08  1.039352e+10  1.314910e+17 
 1.588589e+02  2.908908e+08  9.614764e+12  7.902637e+19  1.056176e+13  8.874042e+19  1.683023e+11  1.745312e+12  2.207189e+19  9.980403e+08  1.039183e+10  1.314654e+17 
 1.591592e+02  2.908959e+08  9.613471e+12  7.900907e+19  1.056297e+13  8.874844e+19  1.683147e+11  1.745390e+12  2.207216e+19  9.979070e+08  1.039015e+10  1.314398e+17 
 1.594595e+02  2.909009e+08  9.612180e+12  7.899178e+19  1.056419e+13  8.875645e+19  1.683271e+11  1.745468e+12  2.207242e+19  9.977735e+08  1.038846e+10  1.314141e+17 
 1.597598e+02  2.909059e+08  9.610890e+12  7.897449e+19  1.056540e+13  8.876445e+19  1.683395e+11  1.745545e+12  2.207267e+19  9.976399e+08  1.038677e+10  1.313884e+17 
 1.600601e+02  2.909109e+08  9.609602e+12  7.895722e+19  1.056661e+13  8.877243e+19  1.683518e+11  1.745621e+12  2.207291e+19  9.975061e+08  1.038507e+10  1.313627e+17 
 1.603604e+02  2.909158e+08  9.608316e+12  7.893995e+19  1.056783e+13  8.878040e+19  1.683641e+11  1.745697e+12  2.207315e+19  9.973722e+08  1.038338e+10  1.313369e+17 
 1.606607e+02  2.909207e+08  9.607032e+12  7.892270e+19  1.056904e+13  8.878835e+19  1.683763e+11  1.745773e+12  2.207337e+19  9.972382e+08  1.038169e+10  1.313112e+17 
 1.609610e+02  2.909255e+08  9.605749e+12  7.890545e+19  1.057025e+13  8.879630e+19  1.683884e+11  1.745848e+12  2.207359e+19  9.971040e+08  1.037999e+10  1.312854e+17 
 1.612613e+02  2.909303e+08  9.604468e+12  7.888821e+19  1.057147e+13  8.880423e+19  1.684006e+11  1.745922e+12  2.207380e+19  9.969698e+08  1.037829e+10  1.312596e+17 
 1.615616e+02  2.909351e+08  9.603188e+12  7.887099e+19  1.057268e+13  8.881215e+19  1.684126e+11  1.745996e+12  2.207400e+19  9.968354e+08  1.037660e+10  1.312337e+17 
 1.618619e+02  2.909399e+08  9.601910e+12  7.885377e+19  1.057389e+13  8.882006e+19  1.684246e+11  1.746070e+12  2.207420e+19  9.967010e+08  1.037490e+10  1.312079e+17 
 1.621622e+02  2.909446e+08  9.600634e+12  7.883656e+19  1.057511e+13  8.882796e+19  1.684366e+11  1.746143e+12  2.207439e+19  9.965664e+08  1.037320e+10  1.311820e+17 
 1.624625e+02  2.909493e+08  9.599359e+12  7.881936e+19  1.057632e+13  8.883585e+19  1.684485e+11  1.746216e+12  2.207457e+19  9.964318e+08  1.037150e+10  1.311561e+17 
 1.627628e+02  2.909539e+08  9.598085e+12  7.880218e+19  1.057753e+13  8.884372e+19  1.684604e+11  1.746288e+12  2.207475e+19  9.962971e+08  1.036980e+10  1.311302e+17 
 1.630631e+02  2.909585e+08  9.596813e+12  7.878500e+19  1.057874e+13  8.885159e+19  1.684723e+11  1.746360e+12  2.207491e+19  9.961623e+08  1.036810e+10  1.311043e+17 
 1.633634e+02  2.909631e+08  9.595543e+12  7.876784e+19  1.057995e+13  8.885945e+19  1.684841e+11  1.746432e+12  2.207508e+19  9.960275e+08  1.036640e+10  1.310784e+17 
 1.636637e+02  2.909677e+08  9.594274e+12  7.875069e+19  1.058116e+13  8.886730e+19  1.684959e+11  1.746503e+12  2.207524e+19  9.958926e+08  1.036470e+10  1.310525e+17 
 1.639640e+02  2.909723e+08  9.593006e+12  7.873355e+19  1.058237e+13  8.887513e+19  1.685076e+11  1.746574e+12  2.207539e+19  9.957577e+08  1.036300e+10  1.310265e+17 
 1.642643e+02  2.909768e+08  9.591740e+12  7.871643e+19  1.058358e+13  8.888296e+19  1.685193e+11  1.746645e+12  2.207554e+19  9.956227e+08  1.036130e+10  1.310006e+17 
 1.645646e+02  2.909813e+08  9.590475e+12  7.869931e+19  1.058479e+13  8.889079e+19  1.685309e+11  1.746715e+12  2.207568e+19  9.954877e+08  1.035959e+10  1.309746e+17 
 1.648649e+02  2.909858e+08  9.589211e+12  7.868221e+19  1.058600e+13  8.889860e+19  1.685425e+11  1.746785e+12  2.207582e+19  9.953527e+08  1.035789e+10  1.309487e+17 
 1.651652e+02  2.909903e+08  9.587949e+12  7.866513e+19  1.058721e+13  8.890640e+19  1.685541e+11  1.746855e+12  2.207595e+19  9.952177e+08  1.035619e+10  1.309228e+17 
 1.654655e+02  2.909948e+08  9.586688e+12  7.864806e+19  1.058842e+13  8.891420e+19  1.685657e+11  1.746924e+12  2.207609e+19  9.950826e+08  1.035449e+10  1.308968e+17 
 1.657658e+02  2.909992e+08  9.585429e+12  7.863100e+19  1.058963e+13  8.892199e+19  1.685772e+11  1.746994e+12  2.207621e+19  9.949476e+08  1.035279e+10  1.308709e+17 
 1.660661e+02  2.910036e+08  9.584170e+12  7.861395e+19  1.059083e+13  8.892978e+19  1.685887e+11  1.747063e+12  2.207634e+19  9.948125e+08  1.035109e+10  1.308450e+17 
 1.663664e+02  2.910081e+08  9.582913e+12  7.859692e+19  1.059204e+13  8.893755e+19  1.686001e+11  1.747131e+12  2.207646e+19  9.946775e+08  1.034939e+10  1.308191e+17 
 1.666667e+02  2.910125e+08  9.581657e+12  7.857991e+19  1.059324e+13  8.894532e+19  1.686116e+11  1.747200e+12  2.207658e+19  9.945425e+08  1.034769e+10  1.307931e+17 
 1.669670e+02  2.910169e+08  9.580402e+12  7.856291e+19  1.059445e+13  8.895309e+19  1.686230e+11  1.747268e+12  2.207670e+19  9.944075e+08  1.034599e+10  1.307673e+17 
 1.672673e+02  2.910213e+08  9.579148e+12  7.854592e+19  1.059565e+13  8.896085e+19  1.686343e+11  1.747336e+12  2.207681e+19  9.942725e+08  1.034429e+10  1.307414e+17 
 1.675676e+02  2.910256e+08  9.577896e+12  7.852896e+19  1.059686e+13  8.896860e+19  1.686457e+11  1.747404e+12  2.207692e+19  9.941376e+08  1.034260e+10  1.307155e+17 
 1.678679e+02  2.910300e+08  9.576644e+12  7.851200e+19  1.059806e+13  8.897635e+19  1.686570e+11  1.747472e+12  2.207703e+19  9.940027e+08  1.034090e+10  1.306896e+17 
 1.681682e+02  2.910344e+08  9.575394e+12  7.849507e+19  1.059926e+13  8.898409e+19  1.686683e+11  1.747540e+12  2.207714e+19  9.938678e+08  1.033921e+10  1.306638e+17 
 1.684685e+02  2.910388e+08  9.574144e+12  7.847815e+19  1.060046e+13  8.899183e+19  1.686796e+11  1.747608e+12  2.207725e+19  9.937331e+08  1.033751e+10  1.306380e+17 
 1.687688e+02  2.910430e+08  9.572898e+12  7.846122e+19  1.060166e+13  8.899953e+19  1.686906e+11  1.747674e+12  2.207734e+19  9.935977e+08  1.033581e+10  1.306120e+17 
 1.690691e+02  2.910472e+08  9.571653e+12  7.844430e+19  1.060286e+13  8.900723e+19  1.687015e+11  1.747740e+12  2.207742e+19  9.934624e+08  1.033411e+10  1.305861e+17 
 1.693694e+02  2.910515e+08  9.570409e+12  7.842740e+19  1.060407e+13  8.901493e+19  1.687125e+11  1.747806e+12  2.207749e+19  9.933271e+08  1.033241e+10  1.305602e+17 
 1.696697e+02  2.910557e+08  9.569166e+12  7.841052e+19  1.060527e+13  8.902261e+19  1.687234e+11  1.747871e+12  2.207757e+19  9.931918e+08  1.033071e+10  1.305342e+17 
 1.699700e+02  2.910599e+08  9.567925e+12  7.839365e+19  1.060647e+13  8.903030e+19  1.687343e+11  1.747937e+12  2.207764e+19  9.930566e+08  1.032902e+10  1.305083e+17 
 1.702703e+02  2.910641e+08  9.566684e+12  7.837680e+19  1.060766e+13  8.903798e+19  1.687452e+11  1.748002e+12  2.207772e+19  9.929215e+08  1.032732e+10  1.304824e+17 
 1.705706e+02  2.910683e+08  9.565445e+12  7.835996e+19  1.060886e+13  8.904565e+19  1.687561e+11  1.748068e+12  2.207779e+19  9.927863e+08  1.032562e+10  1.304566e+17 
 1.708709e+02  2.910725e+08  9.564206e+12  7.834314e+19  1.061006e+13  8.905331e+19  1.687670e+11  1.748133e+12  2.207786e+19  9.926512e+08  1.032393e+10  1.304307e+17 
 1.711712e+02  2.910767e+08  9.562969e+12  7.832633e+19  1.061126e+13  8.906098e+19  1.687778e+11  1.748197e+12  2.207792e+19  9.925162e+08  1.032223e+10  1.304049e+17 
 1.714715e+02  2.910809e+08  9.561733e+12  7.830954e+19  1.061245e+13  8.906863e+19  1.687887e+11  1.748262e+12  2.207799e+19  9.923812e+08  1.032054e+10  1.303790e+17 
 1.717718e+02  2.910851e+08  9.560498e+12  7.829277e+19  1.061365e+13  8.907628e+19  1.687995e+11  1.748327e+12  2.207805e+19  9.922462e+08  1.031885e+10  1.303532e+17 
 1.720721e+02  2.910892e+08  9.559264e+12  7.827601e+19  1.061484e+13  8.908393e+19  1.688103e+11  1.748391e+12  2.207812e+19  9.921113e+08  1.031715e+10  1.303274e+17 
 1.723724e+02  2.910934e+08  9.558031e+12  7.825926e+19  1.061603e+13  8.909157e+19  1.688211e+11  1.748455e+12  2.207818e+19  9.919764e+08  1.031546e+10  1.303016e+17 
 1.726727e+02  2.910975e+08  9.556800e+12  7.824254e+19  1.061723e+13  8.909920e+19  1.688319e+11  1.748520e+12  2.207824e+19  9.918416e+08  1.031377e+10  1.302758e+17 
 1.729730e+02  2.911017e+08  9.555569e+12  7.822582e+19  1.061842e+13  8.910683e+19  1.688426e+11  1.748584e+12  2.207830e+19  9.917068e+08  1.031208e+10  1.302501e+17 
 1.732733e+02  2.911058e+08  9.554340e+12  7.820913e+19  1.061961e+13  8.911446e+19  1.688534e+11  1.748647e+12  2.207835e+19  9.915721e+08  1.031040e+10  1.302243e+17 
 1.735736e+02  2.911100e+08  9.553111e+12  7.819245e+19  1.062080e+13  8.912208e+19  1.688641e+11  1.748711e+12  2.207841e+19  9.914374e+08  1.030871e+10  1.301986e+17 
 1.738739e+02  2.911141e+08  9.551884e+12  7.817578e+19  1.062199e+13  8.912969e+19  1.688748e+11  1.748774e+12  2.207846e+19  9.913027e+08  1.030702e+10  1.301729e+17 
 1.741742e+02  2.911183e+08  9.550658e+12  7.815913e+19  1.062318e+13  8.913730e+19  1.688855e+11  1.748838e+12  2.207851e+19  9.911681e+08  1.030534e+10  1.301472e+17 
 1.744745e+02  2.911224e+08  9.549433e+12  7.814250e+19  1.062436e+13  8.914490e+19  1.688962e+11  1.748901e+12  2.207856e+19  9.910336e+08  1.030365e+10  1.301215e+17 
 1.747748e+02  2.911265e+08  9.548209e+12  7.812588e+19  1.062555e+13  8.915250e+19  1.689068e+11  1.748964e+12  2.207861e+19  9.908990e+08  1.030197e+10  1.300958e+17 
 1.750751e+02  2.911306e+08  9.546986e+12  7.810928e+19  1.062674e+13  8.916009e+19  1.689175e+11  1.749027e+12  2.207866e+19  9.907646e+08  1.030028e+10  1.300702e+17 
 1.753754e+02  2.911347e+08  9.545764e+12  7.809269e+19  1.062792e+13  8.916768e+19  1.689281e+11  1.749090e+12  2.207871e+19  9.906302e+08  1.029860e+10  1.300446e+17 
 1.756757e+02  2.911388e+08  9.544543e+12  7.807612e+19  1.062911e+13  8.917526e+19  1.689387e+11  1.749152e+12  2.207875e+19  9.904958e+08  1.029692e+10  1.300189e+17 
 1.759760e+02  2.911429e+08  9.543323e+12  7.805956e+19  1.063029e+13  8.918284e+19  1.689493e+11  1.749215e+12  2.207880e+19  9.903615e+08  1.029524e+10  1.299933e+17 
 1.762763e+02  2.911470e+08  9.542105e+12  7.804302e+19  1.063147e+13  8.919042e+19  1.689599e+11  1.749277e+12  2.207884e+19  9.902272e+08  1.029356e+10  1.299677e+17 
 1.765766e+02  2.911511e+08  9.540887e+12  7.802649e+19  1.063266e+13  8.919798e+19  1.689705e+11  1.749339e+12  2.207888e+19  9.900930e+08  1.029188e+10  1.299422e+17 
 1.768769e+02  2.911552e+08  9.539671e+12  7.800998e+19  1.063384e+13  8.920555e+19  1.689810e+11  1.749401e+12  2.207892e+19  9.899588e+08  1.029020e+10  1.299166e+17 
 1.771772e+02  2.911592e+08  9.538455e+12  7.799349e+19  1.063502e+13  8.921310e+19  1.689916e+11  1.749463e+12  2.207896e+19  9.898246e+08  1.028852e+10  1.298911e+17 
 1.774775e+02  2.911633e+08  9.537241e+12  7.797701e+19  1.063620e+13  8.922066e+19  1.690021e+11  1.749525e+12  2.207900e+19  9.896906e+08  1.028685e+10  1.298655e+17 
 1.777778e+02  2.911674e+08  9.536028e+12  7.796055e+19  1.063738e+13  8.922820e+19  1.690126e+11  1.749587e+12  2.207903e+19  9.895565e+08  1.028517e+10  1.298400e+17 
 1.780781e+02  2.911714e+08  9.534815e+12  7.794410e+19  1.063856e+13  8.923574e+19  1.690231e+11  1.749648e+12  2.207907e+19  9.894225e+08  1.028350e+10  1.298145e+17 
 1.783784e+02  2.911755e+08  9.533604e+12  7.792767e+19  1.063973e+13  8.924328e+19  1.690336e+11  1.749709e+12  2.207910e+19  9.892886e+08  1.028182e+10  1.297890e+17 
 1.786787e+02  2.911795e+08  9.532394e+12  7.791126e+19  1.064091e+13  8.925081e+19  1.690440e+11  1.749770e+12  2.207913e+19  9.891547e+08  1.028015e+10  1.297636e+17 
 1.789790e+02  2.911836e+08  9.531185e+12  7.789485e+19  1.064209e+13  8.925834e+19  1.690545e+11  1.749831e+12  2.207916e+19  9.890209e+08  1.027848e+10  1.297381e+17 
 1.792793e+02  2.911876e+08  9.529977e+12  7.787847e+19  1.064326e+13  8.926586e+19  1.690649e+11  1.749892e+12  2.207919e+19  9.888871e+08  1.027681e+10  1.297127e+17 
 1.795796e+02  2.911917e+08  9.528770e+12  7.786210e+19  1.064444e+13  8.927338e+19  1.690753e+11  1.749953e+12  2.207922e+19  9.887534e+08  1.027514e+10  1.296873e+17 
 1.798799e+02  2.911957e+08  9.527565e+12  7.784575e+19  1.064561e+13  8.928089e+19  1.690857e+11  1.750014e+12  2.207924e+19  9.886197e+08  1.027347e+10  1.296619e+17 
 1.801802e+02  2.911997e+08  9.526360e+12  7.782941e+19  1.064678e+13  8.928840e+19  1.690961e+11  1.750074e+12  2.207927e+19  9.884861e+08  1.027180e+10  1.296365e+17 
 1.804805e+02  2.912037e+08  9.525156e+12  7.781308e+19  1.064796e+13  8.929590e+19  1.691064e+11  1.750135e+12  2.207929e+19  9.883525e+08  1.027014e+10  1.296111e+17 
 1.807808e+02  2.912077e+08  9.523954e+12  7.779678e+19  1.064913e+13  8.930340e+19  1.691168e+11  1.750195e+12  2.207932e+19  9.882190e+08  1.026847e+10  1.295858e+17 
 1.810811e+02  2.912118e+08  9.522752e+12  7.778049e+19  1.065030e+13  8.931089e+19  1.691271e+11  1.750255e+12  2.207934e+19  9.880855e+08  1.026680e+10  1.295604e+17 
 1.813814e+02  2.912158e+08  9.521552e+12  7.776421e+19  1.065147e+13  8.931838e+19  1.691374e+11  1.750315e+12  2.207936e+19  9.879521e+08  1.026514e+10  1.295351e+17 
 1.816817e+02  2.912198e+08  9.520352e+12  7.774795e+19  1.065264e+13  8.932586e+19  1.691477e+11  1.750375e+12  2.207938e+19  9.878187e+08  1.026348e+10  1.295098e+17 
 1.819820e+02  2.912238e+08  9.519154e+12  7.773170e+19  1.065380e+13  8.933334e+19  1.691580e+11  1.750434e+12  2.207940e+19  9.876854e+08  1.026181e+10  1.294845e+17 
 1.822823e+02  2.912278e+08  9.517956e+12  7.771547e+19  1.065497e+13  8.934081e+19  1.691683e+11  1.750494e+12  2.207941e+19  9.875521e+08  1.026015e+10  1.294593e+17 
 1.825826e+02  2.912317e+08  9.516760e+12  7.769926e+19  1.065614e+13  8.934828e+19  1.691786e+11  1.750553e+12  2.207943e+19  9.874189e+08  1.025849e+10  1.294340e+17 
 1.828829e+02  2.912357e+08  9.515565e+12  7.768306e+19  1.065730e+13  8.935574e+19  1.691888e+11  1.750612e+12  2.207944e+19  9.872858e+08  1.025683e+10  1.294088e+17 
 1.831832e+02  2.912397e+08  9.514371e+12  7.766688e+19  1.065847e+13  8.936320e+19  1.691990e+11  1.750672e+12  2.207946e+19  9.871527e+08  1.025517e+10  1.293836e+17 
 1.834835e+02  2.912437e+08  9.513177e+12  7.765071e+19  1.065963e+13  8.937066e+19  1.692093e+11  1.750731e+12  2.207947e+19  9.870196e+08  1.025352e+10  1.293584e+17 
 1.837838e+02  2.912477e+08  9.511985e+12  7.763456e+19  1.066080e+13  8.937811e+19  1.692195e+11  1.750789e+12  2.207948e+19  9.868866e+08  1.025186e+10  1.293332e+17 
 1.840841e+02  2.912516e+08  9.510794e+12  7.761842e+19  1.066196e+13  8.938555e+19  1.692297e+11  1.750848e+12  2.207949e+19  9.867537e+08  1.025020e+10  1.293080e+17 
 1.843844e+02  2.912556e+08  9.509604e+12  7.760230e+19  1.066312e+13  8.939299e+19  1.692398e+11  1.750907e+12  2.207950e+19  9.866208e+08  1.024855e+10  1.292828e+17 
 1.846847e+02  2.912596e+08  9.508415e+12  7.758619e+19  1.066428e+13  8.940042e+19  1.692500e+11  1.750965e+12  2.207951e+19  9.864880e+08  1.024690e+10  1.292577e+17 
 1.849850e+02  2.912635e+08  9.507227e+12  7.757010e+19  1.066544e+13  8.940785e+19  1.692601e+11  1.751024e+12  2.207952e+19  9.863552e+08  1.024524e+10  1.292326e+17 
 1.852853e+02  2.912675e+08  9.506040e+12  7.755403e+19  1.066660e+13  8.941528e+19  1.692702e+11  1.751082e+12  2.207952e+19  9.862225e+08  1.024359e+10  1.292075e+17 
 1.855856e+02  2.912714e+08  9.504854e+12  7.753797e+19  1.066776e+13  8.942270e+19  1.692804e+11  1.751140e+12  2.207953e+19  9.860899e+08  1.024194e+10  1.291824e+17 
 1.858859e+02  2.912754e+08  9.503669e+12  7.752192e+19  1.066892e+13  8.943011e+19  1.692905e+11  1.751198e+12  2.207953e+19  9.859573e+08  1.024029e+10  1.291573e+17 
 1.861862e+02  2.912793e+08  9.502485e+12  7.750589e+19  1.067007e+13  8.943752e+19  1.693005e+11  1.751256e+12  2.207954e+19  9.858247e+08  1.023864e+10  1.291323e+17 
 1.864865e+02  2.912832e+08  9.501302e+12  7.748988e+19  1.067123e+13  8.944493e+19  1.693106e+11  1.751314e+12  2.207954e+19  9.856922e+08  1.023699e+10  1.291073e+17 
 1.867868e+02  2.912872e+08  9.500121e+12  7.747388e+19  1.067238e+13  8.945233e+19  1.693207e+11  1.751371e+12  2.207954e+19  9.855598e+08  1.023535e+10  1.290822e+17 
 1.870871e+02  2.912911e+08  9.498940e+12  7.745790e+19  1.067354e+13  8.945973e+19  1.693307e+11  1.751429e+12  2.207954e+19  9.854275e+08  1.023370e+10  1.290572e+17 
 1.873874e+02  2.912950e+08  9.497760e+12  7.744193e+19  1.067469e+13  8.946712e+19  1.693407e+11  1.751486e+12  2.207954e+19  9.852952e+08  1.023205e+10  1.290323e+17 
 1.876877e+02  2.912990e+08  9.496581e+12  7.742598e+19  1.067584e+13  8.947451e+19  1.693507e+11  1.751543e+12  2.207954e+19  9.851629e+08  1.023041e+10  1.290073e+17 
 1.879880e+02  2.913029e+08  9.495404e+12  7.741004e+19  1.067700e+13  8.948189e+19  1.693607e+11  1.751601e+12  2.207954e+19  9.850307e+08  1.022877e+10  1.289824e+17 
 1.882883e+02  2.913068e+08  9.494227e+12  7.739412e+19  1.067815e+13  8.948927e+19  1.693707e+11  1.751658e+12  2.207953e+19  9.848986e+08  1.022713e+10  1.289574e+17 
 1.885886e+02  2.913107e+08  9.493051e+12  7.737822e+19  1.067930e+13  8.949664e+19  1.693807e+11  1.751715e+12  2.207953e+19  9.847665e+08  1.022548e+10  1.289325e+17 
 1.888889e+02  2.913146e+08  9.491876e+12  7.736233e+19  1.068045e+13  8.950401e+19  1.693906e+11  1.751771e+12  2.207952e+19  9.846345e+08  1.022384e+10  1.289076e+17 
 1.891892e+02  2.913185e+08  9.490703e+12  7.734645e+19  1.068160e+13  8.951137e+19  1.694006e+11  1.751828e+12  2.207952e+19  9.845026e+08  1.022221e+10  1.288827e+17 
 1.894895e+02  2.913224e+08  9.489530e+12  7.733059e+19  1.068274e+13  8.951873e+19  1.694105e+11  1.751885e+12  2.207951e+19  9.843707e+08  1.022057e+10  1.288579e+17 
 1.897898e+02  2.913263e+08  9.488358e+12  7.731475e+19  1.068389e+13  8.952609e+19  1.694204e+11  1.751941e+12  2.207950e+19  9.842388e+08  1.021893e+10  1.288331e+17 
 1.900901e+02  2.913302e+08  9.487188e+12  7.729892e+19  1.068504e+13  8.953344e+19  1.694303e+11  1.751997e+12  2.207950e+19  9.841071e+08  1.021729e+10  1.288082e+17 
 1.903904e+02  2.913341e+08  9.486018e+12  7.728311e+19  1.068618e+13  8.954079e+19  1.694402e+11  1.752054e+12  2.207949e+19  9.839754e+08  1.021566e+10  1.287834e+17 
 1.906907e+02  2.913380e+08  9.484849e+12  7.726731e+19  1.068733e+13  8.954813e+19  1.694500e+11  1.752110e+12  2.207948e+19  9.838437e+08  1.021403e+10  1.287586e+17 
 1.909910e+02  2.913419e+08  9.483682e+12  7.725153e+19  1.068847e+13  8.955546e+19  1.694599e+11  1.752166e+12  2.207947e+19  9.837122e+08  1.021239e+10  1.287339e+17 
 1.912913e+02  2.913458e+08  9.482515e+12  7.723576e+19  1.068962e+13  8.956280e+19  1.694697e+11  1.752222e+12  2.207945e+19  9.835806e+08  1.021076e+10  1.287091e+17 
 1.915916e+02  2.913497e+08  9.481349e+12  7.722001e+19  1.069076e+13  8.957013e+19  1.694795e+11  1.752277e+12  2.207944e+19  9.834492e+08  1.020913e+10  1.286844e+17 
 1.918919e+02  2.913536e+08  9.480185e+12  7.720427e+19  1.069190e+13  8.957745e+19  1.694894e+11  1.752333e+12  2.207943e+19  9.833178e+08  1.020750e+10  1.286597e+17 
 1.921922e+02  2.913574e+08  9.479021e+12  7.718855e+19  1.069304e+13  8.958477e+19  1.694991e+11  1.752389e+12  2.207941e+19  9.831865e+08  1.020587e+10  1.286350e+17 
 1.924925e+02  2.913613e+08  9.477858e+12  7.717285e+19  1.069418e+13  8.959208e+19  1.695089e+11  1.752444e+12  2.207940e+19  9.830552e+08  1.020424e+10  1.286103e+17 
 1.927928e+02  2.913652e+08  9.476697e+12  7.715716e+19  1.069532e+13  8.959939e+19  1.695187e+11  1.752499e+12  2.207938e+19  9.829240e+08  1.020262e+10  1.285857e+17 
 1.930931e+02  2.913691e+08  9.475536e+12  7.714148e+19  1.069646e+13  8.960670e+19  1.695285e+11  1.752555e+12  2.207937e+19  9.827929e+08  1.020099e+10  1.285610e+17 
 1.933934e+02  2.913729e+08  9.474376e+12  7.712582e+19  1.069759e+13  8.961400e+19  1.695382e+11  1.752610e+12  2.207935e+19  9.826618e+08  1.019937e+10  1.285364e+17 
 1.936937e+02  2.913768e+08  9.473218e+12  7.711018e+19  1.069873e+13  8.962130e+19  1.695479e+11  1.752665e+12  2.207933e+19  9.825308e+08  1.019774e+10  1.285118e+17 
 1.939940e+02  2.913807e+08  9.472060e+12  7.709455e+19  1.069987e+13  8.962859e+19  1.695576e+11  1.752720e+12  2.207932e+19  9.823998e+08  1.019612e+10  1.284872e+17 
 1.942943e+02  2.913845e+08  9.470903e+12  7.707893e+19  1.070100e+13  8.963588e+19  1.695673e+11  1.752775e+12  2.207930e+19  9.822690e+08  1.019450e+10  1.284626e+17 
 1.945946e+02  2.913884e+08  9.469748e+12  7.706334e+19  1.070213e+13  8.964316e+19  1.695770e+11  1.752829e+12  2.207928e+19  9.821381e+08  1.019288e+10  1.284381e+17 
 1.948949e+02  2.913922e+08  9.468593e+12  7.704775e+19  1.070327e+13  8.965044e+19  1.695867e+11  1.752884e+12  2.207926e+19  9.820074e+08  1.019126e+10  1.284136e+17 
 1.951952e+02  2.913961e+08  9.467439e+12  7.703218e+19  1.070440e+13  8.965772e+19  1.695963e+11  1.752938e+12  2.207924e+19  9.818767e+08  1.018964e+10  1.283891e+17 
 1.954955e+02  2.913999e+08  9.466286e+12  7.701663e+19  1.070553e+13  8.966499e+19  1.696060e+11  1.752993e+12  2.207922e+19  9.817461e+08  1.018802e+10  1.283646e+17 
 1.957958e+02  2.914038e+08  9.465134e+12  7.700110e+19  1.070666e+13  8.967225e+19  1.696156e+11  1.753047e+12  2.207919e+19  9.816156e+08  1.018641e+10  1.283401e+17 
 1.960961e+02  2.914076e+08  9.463983e+12  7.698557e+19  1.070779e+13  8.967952e+19  1.696252e+11  1.753101e+12  2.207917e+19  9.814851e+08  1.018479e+10  1.283156e+17 
 1.963964e+02  2.914115e+08  9.462834e+12  7.697007e+19  1.070892e+13  8.968677e+19  1.696348e+11  1.753155e+12  2.207915e+19  9.813547e+08  1.018318e+10  1.282912e+17 
 1.966967e+02  2.914153e+08  9.461685e+12  7.695458e+19  1.071005e+13  8.969403e+19  1.696444e+11  1.753209e+12  2.207912e+19  9.812243e+08  1.018157e+10  1.282668e+17 
 1.969970e+02  2.914192e+08  9.460537e+12  7.693910e+19  1.071118e+13  8.970128e+19  1.696540e+11  1.753263e+12  2.207910e+19  9.810940e+08  1.017995e+10  1.282424e+17 
 1.972973e+02  2.914230e+08  9.459390e+12  7.692364e+19  1.071230e+13  8.970852e+19  1.696636e+11  1.753317e+12  2.207908e+19  9.809638e+08  1.017834e+10  1.282180e+17 
 1.975976e+02  2.914268e+08  9.458244e+12  7.690819e+19  1.071343e+13  8.971576e+19  1.696731e+11  1.753371e+12  2.207905e+19  9.808337e+08  1.017673e+10  1.281937e+17 
 1.978979e+02  2.914307e+08  9.457099e+12  7.689276e+19  1.071455e+13  8.972300e+19  1.696826e+11  1.753424e+12  2.207902e+19  9.807036e+08  1.017512e+10  1.281693e+17 
 1.981982e+02  2.914345e+08  9.455955e+12  7.687735e+19  1.071568e+13  8.973023e+19  1.696922e+11  1.753478e+12  2.207900e+19  9.805736e+08  1.017352e+10  1.281450e+17 
 1.984985e+02  2.914384e+08  9.454812e+12  7.686195e+19  1.071680e+13  8.973746e+19  1.697017e+11  1.753531e+12  2.207897e+19  9.804437e+08  1.017191e+10  1.281207e+17 
 1.987988e+02  2.914422e+08  9.453669e+12  7.684656e+19  1.071792e+13  8.974468e+19  1.697112e+11  1.753585e+12  2.207894e+19  9.803138e+08  1.017031e+10  1.280964e+17 
 1.990991e+02  2.914460e+08  9.452528e+12  7.683119e+19  1.071905e+13  8.975190e+19  1.697207e+11  1.753638e+12  2.207892e+19  9.801840e+08  1.016870e+10  1.280722e+17 
 1.993994e+02  2.914498e+08  9.451388e+12  7.681584e+19  1.072017e+13  8.975912e+19  1.697301e+11  1.753691e+12  2.207889e+19  9.800543e+08  1.016710e+10  1.280479e+17 
 1.996997e+02  2.914537e+08  9.450249e+12  7.680050e+19  1.072129e+13  8.976633e+19  1.697396e+11  1.753744e+12  2.207886e+19  9.799247e+08  1.016550e+10  1.280237e+17 
 2.000000e+02  2.914575e+08  9.449110e+12  7.678518e+19  1.072241e+13  8.977354e+19  1.697490e+11  1.753797e+12  2.207883e+19  9.797951e+08  1.016389e+10  1.279995e+17 
 2.003003e+02  2.914613e+08  9.447973e+12  7.676987e+19  1.072352e+13  8.978074e+19  1.697584e+11  1.753850e+12  2.207880e+19  9.796656e+08  1.016230e+10  1.279753e+17 
 2.006006e+02  2.914651e+08  9.446837e+12  7.675458e+19  1.072464e+13  8.978794e+19  1.697679e+11  1.753903e+12  2.207877e+19  9.795361e+08  1.016070e+10  1.279512e+17 
 2.009009e+02  2.914690e+08  9.445701e+12  7.673930e+19  1.072576e+13  8.979514e+19  1.697773e+11  1.753955e+12  2.207874e+19  9.794068e+08  1.015910e+10  1.279270e+17 
 2.012012e+02  2.914728e+08  9.444567e+12  7.672404e+19  1.072687e+13  8.980233e+19  1.697867e+11  1.754008e+12  2.207871e+19  9.792775e+08  1.015750e+10  1.279029e+17 
 2.015015e+02  2.914766e+08  9.443433e+12  7.670879e+19  1.072799e+13  8.980951e+19  1.697960e+11  1.754060e+12  2.207868e+19  9.791483e+08  1.015591e+10  1.278788e+17 
 2.018018e+02  2.914804e+08  9.442300e+12  7.669356e+19  1.072910e+13  8.981670e+19  1.698054e+11  1.754113e+12  2.207865e+19  9.790191e+08  1.015431e+10  1.278547e+17 
 2.021021e+02  2.914842e+08  9.441169e+12  7.667834e+19  1.073021e+13  8.982388e+19  1.698147e+11  1.754165e+12  2.207862e+19  9.788900e+08  1.015272e+10  1.278306e+17 
 2.024024e+02  2.914881e+08  9.440038e+12  7.666314e+19  1.073133e+13  8.983105e+19  1.698241e+11  1.754217e+12  2.207858e+19  9.787610e+08  1.015113e+10  1.278066e+17 
 2.027027e+02  2.914919e+08  9.438908e+12  7.664795e+19  1.073244e+13  8.983822e+19  1.698334e+11  1.754269e+12  2.207855e+19  9.786321e+08  1.014954e+10  1.277826e+17 
 2.030030e+02  2.914957e+08  9.437779e+12  7.663278e+19  1.073355e+13  8.984539e+19  1.698427e+11  1.754322e+12  2.207852e+19  9.785032e+08  1.014795e+10  1.277586e+17 
 2.033033e+02  2.914995e+08  9.436652e+12  7.661763e+19  1.073466e+13  8.985255e+19  1.698520e+11  1.754373e+12  2.207849e+19  9.783745e+08  1.014636e+10  1.277346e+17 
 2.036036e+02  2.915033e+08  9.435525e+12  7.660248e+19  1.073577e+13  8.985971e+19  1.698613e+11  1.754425e+12  2.207845e+19  9.782458e+08  1.014477e+10  1.277106e+17 
 2.039039e+02  2.915071e+08  9.434398e+12  7.658736e+19  1.073688e+13  8.986686e+19  1.698706e+11  1.754477e+12  2.207842e+19  9.781171e+08  1.014319e+10  1.276867e+17 
 2.042042e+02  2.915110e+08  9.433273e+12  7.657225e+19  1.073798e+13  8.987402e+19  1.698798e+11  1.754529e+12  2.207839e+19  9.779886e+08  1.014160e+10  1.276628e+17 
 2.045045e+02  2.915148e+08  9.432149e+12  7.655715e+19  1.073909e+13  8.988116e+19  1.698891e+11  1.754581e+12  2.207835e+19  9.778601e+08  1.014002e+10  1.276389e+17 
 2.048048e+02  2.915186e+08  9.431026e+12  7.654207e+19  1.074020e+13  8.988830e+19  1.698983e+11  1.754632e+12  2.207832e+19  9.777317e+08  1.013843e+10  1.276150e+17 
 2.051051e+02  2.915224e+08  9.429904e+12  7.652701e+19  1.074130e+13  8.989544e+19  1.699076e+11  1.754684e+12  2.207828e+19  9.776034e+08  1.013685e+10  1.275911e+17 
 2.054054e+02  2.915262e+08  9.428782e+12  7.651196e+19  1.074240e+13  8.990258e+19  1.699168e+11  1.754735e+12  2.207825e+19  9.774751e+08  1.013527e+10  1.275673e+17 
 2.057057e+02  2.915300e+08  9.427662e+12  7.649692e+19  1.074351e+13  8.990971e+19  1.699260e+11  1.754786e+12  2.207821e+19  9.773469e+08  1.013369e+10  1.275435e+17 
 2.060060e+02  2.915338e+08  9.426542e+12  7.648190e+19  1.074461e+13  8.991684e+19  1.699351e+11  1.754838e+12  2.207818e+19  9.772188e+08  1.013211e+10  1.275197e+17 
 2.063063e+02  2.915376e+08  9.425424e+12  7.646690e+19  1.074571e+13  8.992396e+19  1.699443e+11  1.754889e+12  2.207814e+19  9.770908e+08  1.013054e+10  1.274959e+17 
 2.066066e+02  2.915414e+08  9.424306e+12  7.645191e+19  1.074681e+13  8.993108e+19  1.699535e+11  1.754940e+12  2.207811e+19  9.769629e+08  1.012896e+10  1.274721e+17 
 2.069069e+02  2.915452e+08  9.423189e+12  7.643693e+19  1.074791e+13  8.993820e+19  1.699626e+11  1.754991e+12  2.207807e+19  9.768350e+08  1.012739e+10  1.274484e+17 
 2.072072e+02  2.915490e+08  9.422073e+12  7.642198e+19  1.074901e+13  8.994531e+19  1.699718e+11  1.755042e+12  2.207804e+19  9.767072e+08  1.012581e+10  1.274247e+17 
 2.075075e+02  2.915529e+08  9.420958e+12  7.640703e+19  1.075011e+13  8.995241e+19  1.699809e+11  1.755093e+12  2.207800e+19  9.765795e+08  1.012424e+10  1.274010e+17 
 2.078078e+02  2.915567e+08  9.419844e+12  7.639210e+19  1.075120e+13  8.995952e+19  1.699900e+11  1.755144e+12  2.207796e+19  9.764518e+08  1.012267e+10  1.273773e+17 
 2.081081e+02  2.915605e+08  9.418731e+12  7.637719e+19  1.075230e+13  8.996662e+19  1.699991e+11  1.755194e+12  2.207793e+19  9.763243e+08  1.012110e+10  1.273536e+17 
 2.084084e+02  2.915643e+08  9.417619e+12  7.636229e+19  1.075340e+13  8.997372e+19  1.700082e+11  1.755245e+12  2.207789e+19  9.761968e+08  1.011953e+10  1.273300e+17 
 2.087087e+02  2.915681e+08  9.416508e+12  7.634741e+19  1.075449e+13  8.998081e+19  1.700173e+11  1.755296e+12  2.207785e+19  9.760694e+08  1.011796e+10  1.273064e+17 
 2.090090e+02  2.915719e+08  9.415397e+12  7.633254e+19  1.075558e+13  8.998790e+19  1.700263e+11  1.755346e+12  2.207782e+19  9.759421e+08  1.011640e+10  1.272828e+17 
 2.093093e+02  2.915757e+08  9.414288e+12  7.631768e+19  1.075668e+13  8.999498e+19  1.700354e+11  1.755397e+12  2.207778e+19  9.758149e+08  1.011483e+10  1.272592e+17 
 2.096096e+02  2.915795e+08  9.413179e+12  7.630285e+19  1.075777e+13  9.000206e+19  1.700444e+11  1.755447e+12  2.207775e+19  9.756877e+08  1.011327e+10  1.272357e+17 
 2.099099e+02  2.915833e+08  9.412071e+12  7.628802e+19  1.075886e+13  9.000914e+19  1.700534e+11  1.755497e+12  2.207771e+19  9.755606e+08  1.011171e+10  1.272122e+17 
 2.102102e+02  2.915871e+08  9.410965e+12  7.627322e+19  1.075995e+13  9.001622e+19  1.700624e+11  1.755548e+12  2.207767e+19  9.754336e+08  1.011015e+10  1.271887e+17 
 2.105105e+02  2.915909e+08  9.409859e+12  7.625842e+19  1.076104e+13  9.002329e+19  1.700714e+11  1.755598e+12  2.207764e+19  9.753067e+08  1.010858e+10  1.271652e+17 
 2.108108e+02  2.915948e+08  9.408754e+12  7.624364e+19  1.076213e+13  9.003035e+19  1.700804e+11  1.755648e+12  2.207760e+19  9.751799e+08  1.010703e+10  1.271417e+17 
 2.111111e+02  2.915986e+08  9.407650e+12  7.622888e+19  1.076321e+13  9.003742e+19  1.700894e+11  1.755698e+12  2.207756e+19  9.750531e+08  1.010547e+10  1.271183e+17 
 2.114114e+02  2.916024e+08  9.406546e+12  7.621413e+19  1.076430e+13  9.004447e+19  1.700984e+11  1.755748e+12  2.207753e+19  9.749265e+08  1.010391e+10  1.270948e+17 
 2.117117e+02  2.916062e+08  9.405444e+12  7.619940e+19  1.076539e+13  9.005153e+19  1.701073e+11  1.755798e+12  2.207749e+19  9.747999e+08  1.010236e+10  1.270715e+17 
 2.120120e+02  2.916100e+08  9.404343e+12  7.618468e+19  1.076647e+13  9.005858e+19  1.701163e+11  1.755848e+12  2.207745e+19  9.746734e+08  1.010080e+10  1.270481e+17 
 2.123123e+02  2.916138e+08  9.403242e+12  7.616998e+19  1.076756e+13  9.006563e+19  1.701252e+11  1.755898e+12  2.207742e+19  9.745470e+08  1.009925e+10  1.270247e+17 
 2.126126e+02  2.916176e+08  9.402143e+12  7.615529e+19  1.076864e+13  9.007267e+19  1.701341e+11  1.755947e+12  2.207738e+19  9.744206e+08  1.009770e+10  1.270014e+17 
 2.129129e+02  2.916214e+08  9.401044e+12  7.614062e+19  1.076972e+13  9.007972e+19  1.701430e+11  1.755997e+12  2.207735e+19  9.742944e+08  1.009615e+10  1.269781e+17 
 2.132132e+02  2.916253e+08  9.399946e+12  7.612596e+19  1.077080e+13  9.008675e+19  1.701519e+11  1.756047e+12  2.207731e+19  9.741682e+08  1.009460e+10  1.269548e+17 
 2.135135e+02  2.916291e+08  9.398849e+12  7.611132e+19  1.077188e+13  9.009379e+19  1.701608e+11  1.756096e+12  2.207727e+19  9.740421e+08  1.009305e+10  1.269315e+17 
 2.138138e+02  2.916329e+08  9.397753e+12  7.609669e+19  1.077296e+13  9.010082e+19  1.701697e+11  1.756146e+12  2.207724e+19  9.739161e+08  1.009150e+10  1.269083e+17 
 2.141141e+02  2.916367e+08  9.396658e+12  7.608208e+19  1.077404e+13  9.010784e+19  1.701785e+11  1.756195e+12  2.207720e+19  9.737902e+08  1.008996e+10  1.268851e+17 
 2.144144e+02  2.916405e+08  9.395563e+12  7.606748e+19  1.077512e+13  9.011487e+19  1.701874e+11  1.756244e+12  2.207717e+19  9.736644e+08  1.008841e+10  1.268619e+17 
 2.147147e+02  2.916444e+08  9.394470e+12  7.605290e+19  1.077620e+13  9.012189e+19  1.701962e+11  1.756294e+12  2.207713e+19  9.735386e+08  1.008687e+10  1.268387e+17 
 2.150150e+02  2.916482e+08  9.393377e+12  7.603834e+19  1.077727e+13  9.012890e+19  1.702050e+11  1.756343e+12  2.207710e+19  9.734130e+08  1.008533e+10  1.268155e+17 
 2.153153e+02  2.916520e+08  9.392286e+12  7.602378e+19  1.077835e+13  9.013592e+19  1.702138e+11  1.756392e+12  2.207706e+19  9.732874e+08  1.008379e+10  1.267924e+17 
 2.156156e+02  2.916558e+08  9.391195e+12  7.600925e+19  1.077942e+13  9.014292e+19  1.702226e+11  1.756441e+12  2.207703e+19  9.731619e+08  1.008225e+10  1.267693e+17 
 2.159159e+02  2.916596e+08  9.390105e+12  7.599472e+19  1.078050e+13  9.014993e+19  1.702314e+11  1.756490e+12  2.207699e+19  9.730365e+08  1.008071e+10  1.267462e+17 
 2.162162e+02  2.916635e+08  9.389016e+12  7.598022e+19  1.078157e+13  9.015693e+19  1.702402e+11  1.756539e+12  2.207696e+19  9.729112e+08  1.007917e+10  1.267231e+17 
 2.165165e+02  2.916673e+08  9.387927e+12  7.596572e+19  1.078264e+13  9.016393e+19  1.702490e+11  1.756588e+12  2.207692e+19  9.727860e+08  1.007764e+10  1.267001e+17 
 2.168168e+02  2.916711e+08  9.386840e+12  7.595125e+19  1.078371e+13  9.017093e+19  1.702577e+11  1.756637e+12  2.207689e+19  9.726608e+08  1.007610e+10  1.266770e+17 
 2.171171e+02  2.916750e+08  9.385754e+12  7.593678e+19  1.078478e+13  9.017792e+19  1.702665e+11  1.756686e+12  2.207686e+19  9.725358e+08  1.007457e+10  1.266540e+17 
 2.174174e+02  2.916788e+08  9.384668e+12  7.592234e+19  1.078585e+13  9.018491e+19  1.702752e+11  1.756735e+12  2.207682e+19  9.724108e+08  1.007304e+10  1.266311e+17 
 2.177177e+02  2.916826e+08  9.383583e+12  7.590790e+19  1.078692e+13  9.019189e+19  1.702839e+11  1.756784e+12  2.207679e+19  9.722859e+08  1.007151e+10  1.266081e+17 
 2.180180e+02  2.916865e+08  9.382499e+12  7.589349e+19  1.078799e+13  9.019887e+19  1.702926e+11  1.756832e+12  2.207676e+19  9.721611e+08  1.006998e+10  1.265852e+17 
 2.183183e+02  2.916903e+08  9.381416e+12  7.587909e+19  1.078906e+13  9.020585e+19  1.703013e+11  1.756881e+12  2.207673e+19  9.720364e+08  1.006845e+10  1.265623e+17 
 2.186186e+02  2.916941e+08  9.380334e+12  7.586470e+19  1.079012e+13  9.021283e+19  1.703100e+11  1.756930e+12  2.207669e+19  9.719118e+08  1.006692e+10  1.265394e+17 
 2.189189e+02  2.916980e+08  9.379253e+12  7.585033e+19  1.079119e+13  9.021980e+19  1.703187e+11  1.756978e+12  2.207666e+19  9.717873e+08  1.006540e+10  1.265165e+17 
 2.192192e+02  2.917018e+08  9.378172e+12  7.583597e+19  1.079225e+13  9.022677e+19  1.703273e+11  1.757027e+12  2.207663e+19  9.716629e+08  1.006387e+10  1.264937e+17 
 2.195195e+02  2.917057e+08  9.377092e+12  7.582163e+19  1.079331e+13  9.023373e+19  1.703360e+11  1.757075e+12  2.207660e+19  9.715385e+08  1.006235e+10  1.264709e+17 
 2.198198e+02  2.917095e+08  9.376014e+12  7.580730e+19  1.079438e+13  9.024069e+19  1.703446e+11  1.757124e+12  2.207657e+19  9.714143e+08  1.006083e+10  1.264481e+17 
 2.201201e+02  2.917134e+08  9.374936e+12  7.579298e+19  1.079544e+13  9.024765e+19  1.703533e+11  1.757172e+12  2.207654e+19  9.712901e+08  1.005931e+10  1.264253e+17 
 2.204204e+02  2.917172e+08  9.373859e+12  7.577869e+19  1.079650e+13  9.025461e+19  1.703619e+11  1.757221e+12  2.207651e+19  9.711661e+08  1.005779e+10  1.264025e+17 
 2.207207e+02  2.917211e+08  9.372782e+12  7.576440e+19  1.079756e+13  9.026156e+19  1.703705e+11  1.757269e+12  2.207648e+19  9.710421e+08  1.005627e+10  1.263798e+17 
 2.210210e+02  2.917249e+08  9.371707e+12  7.575014e+19  1.079862e+13  9.026850e+19  1.703791e+11  1.757317e+12  2.207645e+19  9.709182e+08  1.005476e+10  1.263571e+17 
 2.213213e+02  2.917288e+08  9.370632e+12  7.573588e+19  1.079967e+13  9.027545e+19  1.703877e+11  1.757365e+12  2.207642e+19  9.707944e+08  1.005324e+10  1.263344e+17 
 2.216216e+02  2.917326e+08  9.369558e+12  7.572165e+19  1.080073e+13  9.028239e+19  1.703962e+11  1.757414e+12  2.207639e+19  9.706705e+08  1.005173e+10  1.263118e+17 
 2.219219e+02  2.917365e+08  9.368484e+12  7.570743e+19  1.080179e+13  9.028933e+19  1.704048e+11  1.757462e+12  2.207636e+19  9.705467e+08  1.005021e+10  1.262891e+17 
 2.222222e+02  2.917403e+08  9.367412e+12  7.569322e+19  1.080284e+13  9.029626e+19  1.704133e+11  1.757510e+12  2.207633e+19  9.704230e+08  1.004870e+10  1.262665e+17 
 2.225225e+02  2.917442e+08  9.366340e+12  7.567903e+19  1.080390e+13  9.030319e+19  1.704218e+11  1.757558e+12  2.207630e+19  9.702994e+08  1.004719e+10  1.262439e+17 
 2.228228e+02  2.917481e+08  9.365269e+12  7.566485e+19  1.080495e+13  9.031012e+19  1.704303e+11  1.757606e+12  2.207627e+19  9.701758e+08  1.004568e+10  1.262213e+17 
 2.231231e+02  2.917519e+08  9.364199e+12  7.565069e+19  1.080601e+13  9.031704e+19  1.704389e+11  1.757654e+12  2.207624e+19  9.700524e+08  1.004417e+10  1.261987e+17 
 2.234234e+02  2.917558e+08  9.363130e+12  7.563654e+19  1.080706e+13  9.032396e+19  1.704473e+11  1.757702e+12  2.207621e+19  9.699290e+08  1.004266e+10  1.261762e+17 
 2.237237e+02  2.917596e+08  9.362061e+12  7.562240e+19  1.080811e+13  9.033087e+19  1.704558e+11  1.757750e+12  2.207618e+19  9.698057e+08  1.004115e+10  1.261537e+17 
 2.240240e+02  2.917635e+08  9.360994e+12  7.560828e+19  1.080916e+13  9.033778e+19  1.704643e+11  1.757798e+12  2.207616e+19  9.696825e+08  1.003965e+10  1.261312e+17 
 2.243243e+02  2.917673e+08  9.359927e+12  7.559418e+19  1.081021e+13  9.034469e+19  1.704728e+11  1.757845e+12  2.207613e+19  9.695593e+08  1.003814e+10  1.261087e+17 
 2.246246e+02  2.917712e+08  9.358862e+12  7.558008e+19  1.081126e+13  9.035160e+19  1.704812e+11  1.757893e+12  2.207610e+19  9.694363e+08  1.003664e+10  1.260862e+17 
 2.249249e+02  2.917750e+08  9.357797e+12  7.556601e+19  1.081231e+13  9.035850e+19  1.704897e+11  1.757941e+12  2.207607e+19  9.693133e+08  1.003514e+10  1.260638e+17 
 2.252252e+02  2.917789e+08  9.356733e+12  7.555194e+19  1.081336e+13  9.036539e+19  1.704981e+11  1.757988e+12  2.207604e+19  9.691904e+08  1.003364e+10  1.260414e+17 
 2.255255e+02  2.917828e+08  9.355670e+12  7.553789e+19  1.081441e+13  9.037229e+19  1.705065e+11  1.758036e+12  2.207601e+19  9.690676e+08  1.003214e+10  1.260190e+17 
 2.258258e+02  2.917866e+08  9.354608e+12  7.552386e+19  1.081545e+13  9.037918e+19  1.705150e+11  1.758083e+12  2.207598e+19  9.689449e+08  1.003064e+10  1.259966e+17 
 2.261261e+02  2.917905e+08  9.353546e+12  7.550984e+19  1.081650e+13  9.038606e+19  1.705234e+11  1.758130e+12  2.207595e+19  9.688223e+08  1.002914e+10  1.259742e+17 
 2.264264e+02  2.917943e+08  9.352486e+12  7.549583e+19  1.081754e+13  9.039294e+19  1.705318e+11  1.758178e+12  2.207592e+19  9.686997e+08  1.002765e+10  1.259519e+17 
 2.267267e+02  2.917982e+08  9.351426e+12  7.548184e+19  1.081859e+13  9.039982e+19  1.705402e+11  1.758225e+12  2.207589e+19  9.685772e+08  1.002615e+10  1.259296e+17 
 2.270270e+02  2.918020e+08  9.350367e+12  7.546786e+19  1.081963e+13  9.040670e+19  1.705485e+11  1.758272e+12  2.207586e+19  9.684548e+08  1.002466e+10  1.259073e+17 
 2.273273e+02  2.918059e+08  9.349309e+12  7.545389e+19  1.082067e+13  9.041357e+19  1.705569e+11  1.758319e+12  2.207583e+19  9.683325e+08  1.002316e+10  1.258850e+17 
 2.276276e+02  2.918098e+08  9.348252e+12  7.543994e+19  1.082171e+13  9.042044e+19  1.705653e+11  1.758366e+12  2.207580e+19  9.682103e+08  1.002167e+10  1.258628e+17 
 2.279279e+02  2.918136e+08  9.347196e+12  7.542601e+19  1.082275e+13  9.042730e+19  1.705736e+11  1.758413e+12  2.207577e+19  9.680881e+08  1.002018e+10  1.258405e+17 
 2.282282e+02  2.918175e+08  9.346141e+12  7.541208e+19  1.082379e+13  9.043416e+19  1.705820e+11  1.758460e+12  2.207575e+19  9.679660e+08  1.001869e+10  1.258183e+17 
 2.285285e+02  2.918213e+08  9.345086e+12  7.539817e+19  1.082483e+13  9.044102e+19  1.705903e+11  1.758507e+12  2.207572e+19  9.678441e+08  1.001721e+10  1.257961e+17 
 2.288288e+02  2.918252e+08  9.344033e+12  7.538428e+19  1.082587e+13  9.044787e+19  1.705986e+11  1.758553e+12  2.207569e+19  9.677222e+08  1.001572e+10  1.257739e+17 
 2.291291e+02  2.918291e+08  9.342980e+12  7.537040e+19  1.082690e+13  9.045472e+19  1.706069e+11  1.758600e+12  2.207566e+19  9.676003e+08  1.001423e+10  1.257518e+17 
 2.294294e+02  2.918329e+08  9.341928e+12  7.535653e+19  1.082794e+13  9.046156e+19  1.706152e+11  1.758647e+12  2.207563e+19  9.674786e+08  1.001275e+10  1.257297e+17 
 2.297297e+02  2.918368e+08  9.340877e+12  7.534268e+19  1.082897e+13  9.046840e+19  1.706235e+11  1.758693e+12  2.207560e+19  9.673569e+08  1.001126e+10  1.257075e+17 
 2.300300e+02  2.918406e+08  9.339827e+12  7.532884e+19  1.083001e+13  9.047524e+19  1.706318e+11  1.758740e+12  2.207557e+19  9.672353e+08  1.000978e+10  1.256855e+17 
 2.303303e+02  2.918445e+08  9.338778e+12  7.531502e+19  1.083104e+13  9.048208e+19  1.706401e+11  1.758786e+12  2.207554e+19  9.671138e+08  1.000830e+10  1.256634e+17 
 2.306306e+02  2.918484e+08  9.337729e+12  7.530121e+19  1.083207e+13  9.048891e+19  1.706483e+11  1.758833e+12  2.207551e+19  9.669924e+08  1.000682e+10  1.256413e+17 
 2.309309e+02  2.918522e+08  9.336682e+12  7.528741e+19  1.083311e+13  9.049573e+19  1.706566e+11  1.758879e+12  2.207549e+19  9.668711e+08  1.000534e+10  1.256193e+17 
 2.312312e+02  2.918561e+08  9.335635e+12  7.527363e+19  1.083414e+13  9.050256e+19  1.706649e+11  1.758925e+12  2.207546e+19  9.667498e+08  1.000387e+10  1.255973e+17 
 2.315315e+02  2.918599e+08  9.334589e+12  7.525986e+19  1.083517e+13  9.050938e+19  1.706731e+11  1.758972e+12  2.207543e+19  9.666287e+08  1.000239e+10  1.255753e+17 
 2.318318e+02  2.918638e+08  9.333544e+12  7.524611e+19  1.083620e+13  9.051619e+19  1.706813e+11  1.759018e+12  2.207540e+19  9.665076e+08  1.000091e+10  1.255533e+17 
 2.321321e+02  2.918677e+08  9.332500e+12  7.523237e+19  1.083723e+13  9.052301e+19  1.706895e+11  1.759064e+12  2.207537e+19  9.663865e+08  9.999440e+09  1.255314e+17 
 2.324324e+02  2.918715e+08  9.331457e+12  7.521864e+19  1.083825e+13  9.052982e+19  1.706977e+11  1.759110e+12  2.207534e+19  9.662656e+08  9.997967e+09  1.255094e+17 
 2.327327e+02  2.918754e+08  9.330414e+12  7.520493e+19  1.083928e+13  9.053662e+19  1.707059e+11  1.759156e+12  2.207531e+19  9.661448e+08  9.996495e+09  1.254875e+17 
 2.330330e+02  2.918793e+08  9.329373e+12  7.519123e+19  1.084031e+13  9.054342e+19  1.707141e+11  1.759202e+12  2.207529e+19  9.660240e+08  9.995025e+09  1.254656e+17 
 2.333333e+02  2.918831e+08  9.328332e+12  7.517754e+19  1.084133e+13  9.055022e+19  1.707223e+11  1.759248e+12  2.207526e+19  9.659033e+08  9.993555e+09  1.254438e+17 
 2.336336e+02  2.918870e+08  9.327292e+12  7.516387e+19  1.084236e+13  9.055701e+19  1.707305e+11  1.759294e+12  2.207523e+19  9.657827e+08  9.992087e+09  1.254219e+17 
 2.339339e+02  2.918908e+08  9.326253e+12  7.515021e+19  1.084338e+13  9.056380e+19  1.707386e+11  1.759339e+12  2.207520e+19  9.656622e+08  9.990620e+09  1.254001e+17 
 2.342342e+02  2.918947e+08  9.325215e+12  7.513657e+19  1.084440e+13  9.057059e+19  1.707468e+11  1.759385e+12  2.207517e+19  9.655417e+08  9.989154e+09  1.253783e+17 
 2.345345e+02  2.918986e+08  9.324177e+12  7.512294e+19  1.084542e+13  9.057737e+19  1.707549e+11  1.759431e+12  2.207514e+19  9.654214e+08  9.987689e+09  1.253565e+17 
 2.348348e+02  2.919024e+08  9.323141e+12  7.510932e+19  1.084645e+13  9.058415e+19  1.707631e+11  1.759476e+12  2.207512e+19  9.653011e+08  9.986226e+09  1.253347e+17 
 2.351351e+02  2.919063e+08  9.322105e+12  7.509572e+19  1.084747e+13  9.059093e+19  1.707712e+11  1.759522e+12  2.207509e+19  9.651809e+08  9.984763e+09  1.253130e+17 
 2.354354e+02  2.919102e+08  9.321070e+12  7.508213e+19  1.084849e+13  9.059770e+19  1.707793e+11  1.759567e+12  2.207506e+19  9.650608e+08  9.983302e+09  1.252912e+17 
 2.357357e+02  2.919140e+08  9.320037e+12  7.506856e+19  1.084950e+13  9.060447e+19  1.707874e+11  1.759613e+12  2.207503e+19  9.649407e+08  9.981842e+09  1.252695e+17 
 2.360360e+02  2.919179e+08  9.319003e+12  7.505500e+19  1.085052e+13  9.061123e+19  1.707955e+11  1.759658e+12  2.207500e+19  9.648208e+08  9.980383e+09  1.252478e+17 
 2.363363e+02  2.919217e+08  9.317971e+12  7.504145e+19  1.085154e+13  9.061800e+19  1.708036e+11  1.759703e+12  2.207498e+19  9.647009e+08  9.978925e+09  1.252262e+17 
 2.366366e+02  2.919256e+08  9.316940e+12  7.502792e+19  1.085255e+13  9.062475e+19  1.708117e+11  1.759748e+12  2.207495e+19  9.645811e+08  9.977468e+09  1.252045e+17 
 2.369369e+02  2.919295e+08  9.315909e+12  7.501440e+19  1.085357e+13  9.063151e+19  1.708198e+11  1.759793e+12  2.207492e+19  9.644614e+08  9.976013e+09  1.251829e+17 
 2.372372e+02  2.919333e+08  9.314879e+12  7.500089e+19  1.085458e+13  9.063826e+19  1.708278e+11  1.759839e+12  2.207489e+19  9.643418e+08  9.974558e+09  1.251613e+17 
 2.375375e+02  2.919372e+08  9.313850e+12  7.498740e+19  1.085560e+13  9.064500e+19  1.708359e+11  1.759884e+12  2.207486e+19  9.642222e+08  9.973105e+09  1.251397e+17 
 2.378378e+02  2.919411e+08  9.312822e+12  7.497392e+19  1.085661e+13  9.065175e+19  1.708439e+11  1.759928e+12  2.207484e+19  9.641027e+08  9.971653e+09  1.251181e+17 
 2.381381e+02  2.919449e+08  9.311795e+12  7.496045e+19  1.085762e+13  9.065849e+19  1.708519e+11  1.759973e+12  2.207481e+19  9.639834e+08  9.970202e+09  1.250965e+17 
 2.384384e+02  2.919488e+08  9.310769e+12  7.494700e+19  1.085863e+13  9.066522e+19  1.708600e+11  1.760018e+12  2.207478e+19  9.638640e+08  9.968752e+09  1.250750e+17 
 2.387387e+02  2.919527e+08  9.309743e+12  7.493356e+19  1.085965e+13  9.067195e+19  1.708680e+11  1.760063e+12  2.207475e+19  9.637448e+08  9.967304e+09  1.250535e+17 
 2.390390e+02  2.919565e+08  9.308719e+12  7.492014e+19  1.086066e+13  9.067868e+19  1.708760e+11  1.760108e+12  2.207473e+19  9.636257e+08  9.965856e+09  1.250320e+17 
 2.393393e+02  2.919604e+08  9.307695e+12  7.490673e+19  1.086166e+13  9.068541e+19  1.708840e+11  1.760152e+12  2.207470e+19  9.635066e+08  9.964410e+09  1.250105e+17 
 2.396396e+02  2.919642e+08  9.306672e+12  7.489333e+19  1.086267e+13  9.069213e+19  1.708920e+11  1.760197e+12  2.207467e+19  9.633876e+08  9.962965e+09  1.249891e+17 
 2.399399e+02  2.919681e+08  9.305650e+12  7.487995e+19  1.086368e+13  9.069885e+19  1.708999e+11  1.760242e+12  2.207464e+19  9.632687e+08  9.961521e+09  1.249677e+17 
 2.402402e+02  2.919720e+08  9.304628e+12  7.486658e+19  1.086469e+13  9.070556e+19  1.709079e+11  1.760286e+12  2.207462e+19  9.631499e+08  9.960078e+09  1.249462e+17 
 2.405405e+02  2.919758e+08  9.303608e+12  7.485322e+19  1.086569e+13  9.071227e+19  1.709159e+11  1.760331e+12  2.207459e+19  9.630311e+08  9.958636e+09  1.249248e+17 
 2.408408e+02  2.919797e+08  9.302588e+12  7.483988e+19  1.086670e+13  9.071898e+19  1.709238e+11  1.760375e+12  2.207456e+19  9.629125e+08  9.957196e+09  1.249035e+17 
 2.411411e+02  2.919836e+08  9.301569e+12  7.482655e+19  1.086770e+13  9.072568e+19  1.709318e+11  1.760419e+12  2.207453e+19  9.627939e+08  9.955756e+09  1.248821e+17 
 2.414414e+02  2.919874e+08  9.300551e+12  7.481323e+19  1.086870e+13  9.073238e+19  1.709397e+11  1.760463e+12  2.207451e+19  9.626754e+08  9.954318e+09  1.248608e+17 
 2.417417e+02  2.919913e+08  9.299534e+12  7.479993e+19  1.086971e+13  9.073907e+19  1.709476e+11  1.760508e+12  2.207448e+19  9.625569e+08  9.952881e+09  1.248395e+17 
 2.420420e+02  2.919952e+08  9.298518e+12  7.478664e+19  1.087071e+13  9.074576e+19  1.709555e+11  1.760552e+12  2.207445e+19  9.624386e+08  9.951445e+09  1.248182e+17 
 2.423423e+02  2.919990e+08  9.297502e+12  7.477336e+19  1.087171e+13  9.075245e+19  1.709634e+11  1.760596e+12  2.207442e+19  9.623203e+08  9.950010e+09  1.247969e+17 
 2.426426e+02  2.920029e+08  9.296487e+12  7.476010e+19  1.087271e+13  9.075914e+19  1.709713e+11  1.760640e+12  2.207440e+19  9.622022e+08  9.948576e+09  1.247756e+17 
 2.429429e+02  2.920068e+08  9.295474e+12  7.474685e+19  1.087371e+13  9.076582e+19  1.709792e+11  1.760684e+12  2.207437e+19  9.620841e+08  9.947143e+09  1.247544e+17 
 2.432432e+02  2.920106e+08  9.294461e+12  7.473361e+19  1.087471e+13  9.077250e+19  1.709871e+11  1.760728e+12  2.207434e+19  9.619660e+08  9.945712e+09  1.247332e+17 
 2.435435e+02  2.920145e+08  9.293448e+12  7.472039e+19  1.087570e+13  9.077917e+19  1.709949e+11  1.760772e+12  2.207431e+19  9.618481e+08  9.944282e+09  1.247120e+17 
 2.438438e+02  2.920184e+08  9.292437e+12  7.470718e+19  1.087670e+13  9.078584e+19  1.710028e+11  1.760815e+12  2.207429e+19  9.617302e+08  9.942852e+09  1.246908e+17 
 2.441441e+02  2.920222e+08  9.291427e+12  7.469399e+19  1.087770e+13  9.079251e+19  1.710106e+11  1.760859e+12  2.207426e+19  9.616124e+08  9.941424e+09  1.246697e+17 
 2.444444e+02  2.920261e+08  9.290417e+12  7.468080e+19  1.087869e+13  9.079917e+19  1.710185e+11  1.760903e+12  2.207423e+19  9.614947e+08  9.939997e+09  1.246485e+17 
 2.447447e+02  2.920300e+08  9.289408e+12  7.466764e+19  1.087968e+13  9.080583e+19  1.710263e+11  1.760946e+12  2.207421e+19  9.613771e+08  9.938571e+09  1.246274e+17 
 2.450450e+02  2.920338e+08  9.288400e+12  7.465448e+19  1.088068e+13  9.081248e+19  1.710341e+11  1.760990e+12  2.207418e+19  9.612596e+08  9.937147e+09  1.246063e+17 
 2.453453e+02  2.920377e+08  9.287393e+12  7.464134e+19  1.088167e+13  9.081913e+19  1.710419e+11  1.761034e+12  2.207415e+19  9.611421e+08  9.935723e+09  1.245852e+17 
 2.456456e+02  2.920416e+08  9.286386e+12  7.462821e+19  1.088266e+13  9.082578e+19  1.710497e+11  1.761077e+12  2.207413e+19  9.610247e+08  9.934301e+09  1.245642e+17 
 2.459459e+02  2.920454e+08  9.285381e+12  7.461509e+19  1.088365e+13  9.083243e+19  1.710575e+11  1.761120e+12  2.207410e+19  9.609074e+08  9.932880e+09  1.245431e+17 
 2.462462e+02  2.920493e+08  9.284376e+12  7.460199e+19  1.088464e+13  9.083907e+19  1.710653e+11  1.761164e+12  2.207407e+19  9.607902e+08  9.931459e+09  1.245221e+17 
 2.465465e+02  2.920531e+08  9.283372e+12  7.458890e+19  1.088563e+13  9.084570e+19  1.710731e+11  1.761207e+12  2.207405e+19  9.606731e+08  9.930040e+09  1.245011e+17 
 2.468468e+02  2.920570e+08  9.282369e+12  7.457583e+19  1.088662e+13  9.085234e+19  1.710809e+11  1.761250e+12  2.207402e+19  9.605560e+08  9.928622e+09  1.244801e+17 
 2.471471e+02  2.920609e+08  9.281367e+12  7.456276e+19  1.088761e+13  9.085897e+19  1.710886e+11  1.761293e+12  2.207399e+19  9.604390e+08  9.927206e+09  1.244591e+17 
 2.474474e+02  2.920647e+08  9.280365e+12  7.454971e+19  1.088860e+13  9.086559e+19  1.710964e+11  1.761337e+12  2.207397e+19  9.603221e+08  9.925790e+09  1.244382e+17 
 2.477477e+02  2.920686e+08  9.279365e+12  7.453668e+19  1.088958e+13  9.087222e+19  1.711041e+11  1.761380e+12  2.207394e+19  9.602053e+08  9.924376e+09  1.244173e+17 
 2.480480e+02  2.920725e+08  9.278365e+12  7.452365e+19  1.089057e+13  9.087884e+19  1.711118e+11  1.761423e+12  2.207391e+19  9.600886e+08  9.922962e+09  1.243964e+17 
 2.483483e+02  2.920763e+08  9.277366e+12  7.451064e+19  1.089155e+13  9.088545e+19  1.711195e+11  1.761466e+12  2.207389e+19  9.599719e+08  9.921550e+09  1.243755e+17 
 2.486486e+02  2.920802e+08  9.276368e+12  7.449765e+19  1.089254e+13  9.089206e+19  1.711273e+11  1.761508e+12  2.207386e+19  9.598553e+08  9.920139e+09  1.243546e+17 
 2.489489e+02  2.920841e+08  9.275370e+12  7.448466e+19  1.089352e+13  9.089867e+19  1.711350e+11  1.761551e+12  2.207383e+19  9.597388e+08  9.918729e+09  1.243338e+17 
 2.492492e+02  2.920879e+08  9.274374e+12  7.447169e+19  1.089450e+13  9.090528e+19  1.711427e+11  1.761594e+12  2.207381e+19  9.596224e+08  9.917320e+09  1.243129e+17 
 2.495495e+02  2.920918e+08  9.273378e+12  7.445873e+19  1.089549e+13  9.091188e+19  1.711503e+11  1.761637e+12  2.207378e+19  9.595061e+08  9.915912e+09  1.242921e+17 
 2.498498e+02  2.920957e+08  9.272383e+12  7.444579e+19  1.089647e+13  9.091847e+19  1.711580e+11  1.761679e+12  2.207376e+19  9.593898e+08  9.914505e+09  1.242713e+17 
 2.501502e+02  2.920995e+08  9.271389e+12  7.443286e+19  1.089745e+13  9.092507e+19  1.711657e+11  1.761722e+12  2.207373e+19  9.592736e+08  9.913100e+09  1.242506e+17 
 2.504505e+02  2.921034e+08  9.270396e+12  7.441994e+19  1.089843e+13  9.093166e+19  1.711733e+11  1.761765e+12  2.207370e+19  9.591575e+08  9.911695e+09  1.242298e+17 
 2.507508e+02  2.921073e+08  9.269403e+12  7.440704e+19  1.089940e+13  9.093824e+19  1.711810e+11  1.761807e+12  2.207368e+19  9.590415e+08  9.910292e+09  1.242091e+17 
 2.510511e+02  2.921111e+08  9.268412e+12  7.439414e+19  1.090038e+13  9.094483e+19  1.711886e+11  1.761850e+12  2.207365e+19  9.589255e+08  9.908890e+09  1.241884e+17 
 2.513514e+02  2.921150e+08  9.267421e+12  7.438126e+19  1.090136e+13  9.095140e+19  1.711963e+11  1.761892e+12  2.207363e+19  9.588097e+08  9.907489e+09  1.241677e+17 
 2.516517e+02  2.921189e+08  9.266431e+12  7.436840e+19  1.090233e+13  9.095798e+19  1.712039e+11  1.761934e+12  2.207360e+19  9.586939e+08  9.906089e+09  1.241470e+17 
 2.519520e+02  2.921227e+08  9.265442e+12  7.435555e+19  1.090331e+13  9.096455e+19  1.712115e+11  1.761977e+12  2.207357e+19  9.585782e+08  9.904690e+09  1.241263e+17 
 2.522523e+02  2.921266e+08  9.264453e+12  7.434271e+19  1.090428e+13  9.097112e+19  1.712191e+11  1.762019e+12  2.207355e+19  9.584626e+08  9.903293e+09  1.241057e+17 
 2.525526e+02  2.921304e+08  9.263466e+12  7.432988e+19  1.090526e+13  9.097768e+19  1.712267e+11  1.762061e+12  2.207352e+19  9.583470e+08  9.901896e+09  1.240851e+17 
 2.528529e+02  2.921343e+08  9.262479e+12  7.431706e+19  1.090623e+13  9.098424e+19  1.712343e+11  1.762103e+12  2.207350e+19  9.582316e+08  9.900500e+09  1.240645e+17 
 2.531532e+02  2.921382e+08  9.261493e+12  7.430426e+19  1.090720e+13  9.099080e+19  1.712419e+11  1.762145e+12  2.207347e+19  9.581162e+08  9.899106e+09  1.240439e+17 
 2.534535e+02  2.921420e+08  9.260508e+12  7.429148e+19  1.090817e+13  9.099735e+19  1.712494e+11  1.762187e+12  2.207344e+19  9.580009e+08  9.897713e+09  1.240233e+17 
 2.537538e+02  2.921459e+08  9.259524e+12  7.427870e+19  1.090914e+13  9.100390e+19  1.712570e+11  1.762229e+12  2.207342e+19  9.578856e+08  9.896321e+09  1.240028e+17 
 2.540541e+02  2.921498e+08  9.258540e+12  7.426594e+19  1.091011e+13  9.101045e+19  1.712645e+11  1.762271e+12  2.207339e+19  9.577705e+08  9.894930e+09  1.239823e+17 
 2.543544e+02  2.921536e+08  9.257557e+12  7.425319e+19  1.091108e+13  9.101699e+19  1.712721e+11  1.762313e+12  2.207337e+19  9.576554e+08  9.893540e+09  1.239618e+17 
 2.546547e+02  2.921575e+08  9.256575e+12  7.424045e+19  1.091205e+13  9.102353e+19  1.712796e+11  1.762355e+12  2.207334e+19  9.575404e+08  9.892151e+09  1.239413e+17 
 2.549550e+02  2.921614e+08  9.255594e+12  7.422773e+19  1.091302e+13  9.103007e+19  1.712871e+11  1.762396e+12  2.207332e+19  9.574255e+08  9.890763e+09  1.239208e+17 
 2.552553e+02  2.921652e+08  9.254614e+12  7.421502e+19  1.091398e+13  9.103660e+19  1.712946e+11  1.762438e+12  2.207329e+19  9.573107e+08  9.889377e+09  1.239004e+17 
 2.555556e+02  2.921691e+08  9.253635e+12  7.420232e+19  1.091495e+13  9.104313e+19  1.713021e+11  1.762480e+12  2.207327e+19  9.571959e+08  9.887991e+09  1.238799e+17 
 2.558559e+02  2.921730e+08  9.252656e+12  7.418963e+19  1.091592e+13  9.104965e+19  1.713096e+11  1.762521e+12  2.207324e+19  9.570812e+08  9.886607e+09  1.238595e+17 
 2.561562e+02  2.921768e+08  9.251678e+12  7.417696e+19  1.091688e+13  9.105617e+19  1.713171e+11  1.762563e+12  2.207322e+19  9.569667e+08  9.885224e+09  1.238391e+17 
 2.564565e+02  2.921807e+08  9.250701e+12  7.416430e+19  1.091784e+13  9.106269e+19  1.713246e+11  1.762604e+12  2.207319e+19  9.568521e+08  9.883841e+09  1.238188e+17 
 2.567568e+02  2.921845e+08  9.249725e+12  7.415166e+19  1.091881e+13  9.106920e+19  1.713321e+11  1.762645e+12  2.207316e+19  9.567377e+08  9.882460e+09  1.237984e+17 
 2.570571e+02  2.921884e+08  9.248749e+12  7.413902e+19  1.091977e+13  9.107571e+19  1.713395e+11  1.762687e+12  2.207314e+19  9.566233e+08  9.881080e+09  1.237781e+17 
 2.573574e+02  2.921923e+08  9.247774e+12  7.412640e+19  1.092073e+13  9.108222e+19  1.713470e+11  1.762728e+12  2.207311e+19  9.565091e+08  9.879702e+09  1.237578e+17 
 2.576577e+02  2.921961e+08  9.246801e+12  7.411379e+19  1.092169e+13  9.108872e+19  1.713544e+11  1.762769e+12  2.207309e+19  9.563949e+08  9.878324e+09  1.237375e+17 
 2.579580e+02  2.922000e+08  9.245827e+12  7.410120e+19  1.092265e+13  9.109522e+19  1.713619e+11  1.762811e+12  2.207306e+19  9.562807e+08  9.876947e+09  1.237172e+17 
 2.582583e+02  2.922039e+08  9.244855e+12  7.408861e+19  1.092361e+13  9.110172e+19  1.713693e+11  1.762852e+12  2.207304e+19  9.561667e+08  9.875572e+09  1.236969e+17 
 2.585586e+02  2.922077e+08  9.243884e+12  7.407604e+19  1.092456e+13  9.110821e+19  1.713767e+11  1.762893e+12  2.207301e+19  9.560527e+08  9.874197e+09  1.236767e+17 
 2.588589e+02  2.922116e+08  9.242913e+12  7.406349e+19  1.092552e+13  9.111470e+19  1.713841e+11  1.762934e+12  2.207299e+19  9.559389e+08  9.872824e+09  1.236565e+17 
 2.591592e+02  2.922154e+08  9.241943e+12  7.405094e+19  1.092648e+13  9.112118e+19  1.713915e+11  1.762975e+12  2.207296e+19  9.558250e+08  9.871452e+09  1.236363e+17 
 2.594595e+02  2.922193e+08  9.240974e+12  7.403841e+19  1.092743e+13  9.112766e+19  1.713989e+11  1.763016e+12  2.207294e+19  9.557113e+08  9.870081e+09  1.236161e+17 
 2.597598e+02  2.922232e+08  9.240006e+12  7.402589e+19  1.092839e+13  9.113414e+19  1.714063e+11  1.763057e+12  2.207292e+19  9.555977e+08  9.868711e+09  1.235959e+17 
 2.600601e+02  2.922270e+08  9.239038e+12  7.401338e+19  1.092934e+13  9.114061e+19  1.714137e+11  1.763097e+12  2.207289e+19  9.554841e+08  9.867342e+09  1.235758e+17 
 2.603604e+02  2.922309e+08  9.238071e+12  7.400089e+19  1.093030e+13  9.114708e+19  1.714210e+11  1.763138e+12  2.207287e+19  9.553706e+08  9.865974e+09  1.235556e+17 
 2.606607e+02  2.922347e+08  9.237106e+12  7.398841e+19  1.093125e+13  9.115355e+19  1.714284e+11  1.763179e+12  2.207284e+19  9.552572e+08  9.864607e+09  1.235355e+17 
 2.609610e+02  2.922386e+08  9.236140e+12  7.397594e+19  1.093220e+13  9.116001e+19  1.714357e+11  1.763220e+12  2.207282e+19  9.551439e+08  9.863241e+09  1.235154e+17 
 2.612613e+02  2.922425e+08  9.235176e+12  7.396348e+19  1.093315e+13  9.116647e+19  1.714431e+11  1.763260e+12  2.207279e+19  9.550306e+08  9.861877e+09  1.234954e+17 
 2.615616e+02  2.922463e+08  9.234213e+12  7.395104e+19  1.093410e+13  9.117293e+19  1.714504e+11  1.763301e+12  2.207277e+19  9.549174e+08  9.860513e+09  1.234753e+17 
 2.618619e+02  2.922502e+08  9.233250e+12  7.393861e+19  1.093505e+13  9.117938e+19  1.714577e+11  1.763341e+12  2.207274e+19  9.548043e+08  9.859151e+09  1.234553e+17 
 2.621622e+02  2.922540e+08  9.232288e+12  7.392619e+19  1.093600e+13  9.118583e+19  1.714650e+11  1.763382e+12  2.207272e+19  9.546913e+08  9.857790e+09  1.234353e+17 
 2.624625e+02  2.922579e+08  9.231327e+12  7.391378e+19  1.093695e+13  9.119227e+19  1.714723e+11  1.763422e+12  2.207269e+19  9.545784e+08  9.856430e+09  1.234153e+17 
 2.627628e+02  2.922618e+08  9.230366e+12  7.390139e+19  1.093790e+13  9.119871e+19  1.714796e+11  1.763462e+12  2.207267e+19  9.544655e+08  9.855070e+09  1.233953e+17 
 2.630631e+02  2.922656e+08  9.229407e+12  7.388901e+19  1.093884e+13  9.120515e+19  1.714869e+11  1.763503e+12  2.207265e+19  9.543527e+08  9.853712e+09  1.233753e+17 
 2.633634e+02  2.922695e+08  9.228448e+12  7.387664e+19  1.093979e+13  9.121158e+19  1.714942e+11  1.763543e+12  2.207262e+19  9.542400e+08  9.852356e+09  1.233554e+17 
 2.636637e+02  2.922733e+08  9.227490e+12  7.386428e+19  1.094073e+13  9.121801e+19  1.715015e+11  1.763583e+12  2.207260e+19  9.541274e+08  9.851000e+09  1.233354e+17 
 2.639640e+02  2.922772e+08  9.226533e+12  7.385194e+19  1.094168e+13  9.122444e+19  1.715087e+11  1.763623e+12  2.207257e+19  9.540149e+08  9.849645e+09  1.233155e+17 
 2.642643e+02  2.922811e+08  9.225576e+12  7.383961e+19  1.094262e+13  9.123086e+19  1.715160e+11  1.763663e+12  2.207255e+19  9.539024e+08  9.848291e+09  1.232957e+17 
 2.645646e+02  2.922849e+08  9.224621e+12  7.382729e+19  1.094356e+13  9.123728e+19  1.715232e+11  1.763703e+12  2.207253e+19  9.537900e+08  9.846939e+09  1.232758e+17 
 2.648649e+02  2.922888e+08  9.223666e+12  7.381498e+19  1.094450e+13  9.124370e+19  1.715304e+11  1.763743e+12  2.207250e+19  9.536777e+08  9.845587e+09  1.232559e+17 
 2.651652e+02  2.922926e+08  9.222712e+12  7.380269e+19  1.094544e+13  9.125011e+19  1.715377e+11  1.763783e+12  2.207248e+19  9.535655e+08  9.844237e+09  1.232361e+17 
 2.654655e+02  2.922965e+08  9.221758e+12  7.379040e+19  1.094638e+13  9.125652e+19  1.715449e+11  1.763823e+12  2.207245e+19  9.534533e+08  9.842888e+09  1.232163e+17 
 2.657658e+02  2.923003e+08  9.220806e+12  7.377814e+19  1.094732e+13  9.126292e+19  1.715521e+11  1.763863e+12  2.207243e+19  9.533412e+08  9.841539e+09  1.231965e+17 
 2.660661e+02  2.923042e+08  9.219854e+12  7.376588e+19  1.094826e+13  9.126932e+19  1.715593e+11  1.763903e+12  2.207241e+19  9.532292e+08  9.840192e+09  1.231767e+17 
 2.663664e+02  2.923081e+08  9.218903e+12  7.375363e+19  1.094920e+13  9.127572e+19  1.715665e+11  1.763942e+12  2.207238e+19  9.531173e+08  9.838846e+09  1.231569e+17 
 2.666667e+02  2.923119e+08  9.217953e+12  7.374140e+19  1.095014e+13  9.128212e+19  1.715737e+11  1.763982e+12  2.207236e+19  9.530055e+08  9.837501e+09  1.231372e+17 
 2.669670e+02  2.923158e+08  9.217004e+12  7.372918e+19  1.095107e+13  9.128851e+19  1.715808e+11  1.764022e+12  2.207234e+19  9.528937e+08  9.836157e+09  1.231175e+17 
 2.672673e+02  2.923196e+08  9.216055e+12  7.371697e+19  1.095201e+13  9.129489e+19  1.715880e+11  1.764061e+12  2.207231e+19  9.527820e+08  9.834815e+09  1.230978e+17 
 2.675676e+02  2.923235e+08  9.215107e+12  7.370478e+19  1.095295e+13  9.130128e+19  1.715952e+11  1.764101e+12  2.207229e+19  9.526704e+08  9.833473e+09  1.230781e+17 
 2.678679e+02  2.923273e+08  9.214160e+12  7.369260e+19  1.095388e+13  9.130766e+19  1.716023e+11  1.764140e+12  2.207226e+19  9.525589e+08  9.832132e+09  1.230584e+17 
 2.681682e+02  2.923312e+08  9.213214e+12  7.368043e+19  1.095481e+13  9.131403e+19  1.716094e+11  1.764180e+12  2.207224e+19  9.524474e+08  9.830793e+09  1.230388e+17 
 2.684685e+02  2.923350e+08  9.212268e+12  7.366827e+19  1.095575e+13  9.132040e+19  1.716166e+11  1.764219e+12  2.207222e+19  9.523360e+08  9.829454e+09  1.230191e+17 
 2.687688e+02  2.923389e+08  9.211324e+12  7.365612e+19  1.095668e+13  9.132677e+19  1.716237e+11  1.764258e+12  2.207219e+19  9.522248e+08  9.828117e+09  1.229995e+17 
 2.690691e+02  2.923428e+08  9.210380e+12  7.364399e+19  1.095761e+13  9.133314e+19  1.716308e+11  1.764298e+12  2.207217e+19  9.521135e+08  9.826780e+09  1.229799e+17 
 2.693694e+02  2.923466e+08  9.209436e+12  7.363187e+19  1.095854e+13  9.133950e+19  1.716379e+11  1.764337e+12  2.207215e+19  9.520024e+08  9.825445e+09  1.229604e+17 
 2.696697e+02  2.923505e+08  9.208494e+12  7.361976e+19  1.095947e+13  9.134586e+19  1.716450e+11  1.764376e+12  2.207213e+19  9.518913e+08  9.824111e+09  1.229408e+17 
 2.699700e+02  2.923543e+08  9.207552e+12  7.360766e+19  1.096040e+13  9.135221e+19  1.716521e+11  1.764415e+12  2.207210e+19  9.517803e+08  9.822778e+09  1.229213e+17 
 2.702703e+02  2.923582e+08  9.206612e+12  7.359557e+19  1.096133e+13  9.135856e+19  1.716592e+11  1.764454e+12  2.207208e+19  9.516694e+08  9.821446e+09  1.229017e+17 
 2.705706e+02  2.923620e+08  9.205672e+12  7.358350e+19  1.096225e+13  9.136491e+19  1.716663e+11  1.764493e+12  2.207206e+19  9.515586e+08  9.820115e+09  1.228822e+17 
 2.708709e+02  2.923659e+08  9.204732e+12  7.357144e+19  1.096318e+13  9.137125e+19  1.716733e+11  1.764532e+12  2.207203e+19  9.514479e+08  9.818785e+09  1.228627e+17 
 2.711712e+02  2.923697e+08  9.203794e+12  7.355939e+19  1.096410e+13  9.137759e+19  1.716804e+11  1.764571e+12  2.207201e+19  9.513372e+08  9.817456e+09  1.228433e+17 
 2.714715e+02  2.923736e+08  9.202856e+12  7.354735e+19  1.096503e+13  9.138393e+19  1.716874e+11  1.764610e+12  2.207199e+19  9.512266e+08  9.816128e+09  1.228238e+17 
 2.717718e+02  2.923774e+08  9.201919e+12  7.353533e+19  1.096595e+13  9.139026e+19  1.716944e+11  1.764649e+12  2.207196e+19  9.511161e+08  9.814802e+09  1.228044e+17 
 2.720721e+02  2.923813e+08  9.200983e+12  7.352332e+19  1.096688e+13  9.139659e+19  1.717015e+11  1.764688e+12  2.207194e+19  9.510056e+08  9.813476e+09  1.227850e+17 
 2.723724e+02  2.923851e+08  9.200047e+12  7.351132e+19  1.096780e+13  9.140292e+19  1.717085e+11  1.764726e+12  2.207192e+19  9.508953e+08  9.812151e+09  1.227656e+17 
 2.726727e+02  2.923890e+08  9.199113e+12  7.349933e+19  1.096872e+13  9.140924e+19  1.717155e+11  1.764765e+12  2.207190e+19  9.507850e+08  9.810828e+09  1.227462e+17 
 2.729730e+02  2.923928e+08  9.198179e+12  7.348735e+19  1.096964e+13  9.141556e+19  1.717225e+11  1.764804e+12  2.207187e+19  9.506748e+08  9.809506e+09  1.227268e+17 
 2.732733e+02  2.923967e+08  9.197246e+12  7.347539e+19  1.097056e+13  9.142187e+19  1.717295e+11  1.764842e+12  2.207185e+19  9.505646e+08  9.808184e+09  1.227075e+17 
 2.735736e+02  2.924005e+08  9.196313e+12  7.346344e+19  1.097148e+13  9.142818e+19  1.717365e+11  1.764881e+12  2.207183e+19  9.504546e+08  9.806864e+09  1.226882e+17 
 2.738739e+02  2.924044e+08  9.195382e+12  7.345150e+19  1.097240e+13  9.143449e+19  1.717435e+11  1.764919e+12  2.207181e+19  9.503446e+08  9.805545e+09  1.226689e+17 
 2.741742e+02  2.924082e+08  9.194451e+12  7.343957e+19  1.097332e+13  9.144079e+19  1.717504e+11  1.764958e+12  2.207178e+19  9.502347e+08  9.804227e+09  1.226496e+17 
 2.744745e+02  2.924121e+08  9.193521e+12  7.342765e+19  1.097424e+13  9.144709e+19  1.717574e+11  1.764996e+12  2.207176e+19  9.501249e+08  9.802910e+09  1.226303e+17 
 2.747748e+02  2.924159e+08  9.192591e+12  7.341575e+19  1.097516e+13  9.145339e+19  1.717643e+11  1.765034e+12  2.207174e+19  9.500152e+08  9.801593e+09  1.226110e+17 
 2.750751e+02  2.924198e+08  9.191663e+12  7.340386e+19  1.097607e+13  9.145968e+19  1.717713e+11  1.765073e+12  2.207172e+19  9.499055e+08  9.800279e+09  1.225918e+17 
 2.753754e+02  2.924236e+08  9.190735e+12  7.339198e+19  1.097699e+13  9.146597e+19  1.717782e+11  1.765111e+12  2.207169e+19  9.497959e+08  9.798965e+09  1.225726e+17 
 2.756757e+02  2.924275e+08  9.189808e+12  7.338011e+19  1.097790e+13  9.147226e+19  1.717851e+11  1.765149e+12  2.207167e+19  9.496864e+08  9.797652e+09  1.225534e+17 
 2.759760e+02  2.924313e+08  9.188882e+12  7.336825e+19  1.097882e+13  9.147854e+19  1.717921e+11  1.765187e+12  2.207165e+19  9.495770e+08  9.796340e+09  1.225342e+17 
 2.762763e+02  2.924352e+08  9.187956e+12  7.335641e+19  1.097973e+13  9.148482e+19  1.717990e+11  1.765225e+12  2.207163e+19  9.494676e+08  9.795029e+09  1.225150e+17 
 2.765766e+02  2.924390e+08  9.187031e+12  7.334458e+19  1.098064e+13  9.149109e+19  1.718059e+11  1.765263e+12  2.207161e+19  9.493583e+08  9.793720e+09  1.224959e+17 
 2.768769e+02  2.924429e+08  9.186107e+12  7.333276e+19  1.098155e+13  9.149736e+19  1.718128e+11  1.765301e+12  2.207158e+19  9.492491e+08  9.792411e+09  1.224768e+17 
 2.771772e+02  2.924467e+08  9.185184e+12  7.332095e+19  1.098246e+13  9.150363e+19  1.718197e+11  1.765339e+12  2.207156e+19  9.491400e+08  9.791103e+09  1.224577e+17 
 2.774775e+02  2.924505e+08  9.184262e+12  7.330915e+19  1.098337e+13  9.150990e+19  1.718265e+11  1.765377e+12  2.207154e+19  9.490310e+08  9.789797e+09  1.224386e+17 
 2.777778e+02  2.924544e+08  9.183340e+12  7.329737e+19  1.098428e+13  9.151616e+19  1.718334e+11  1.765415e+12  2.207152e+19  9.489220e+08  9.788492e+09  1.224195e+17 
 2.780781e+02  2.924582e+08  9.182419e+12  7.328559e+19  1.098519e+13  9.152241e+19  1.718403e+11  1.765453e+12  2.207150e+19  9.488131e+08  9.787187e+09  1.224004e+17 
 2.783784e+02  2.924621e+08  9.181499e+12  7.327383e+19  1.098610e+13  9.152867e+19  1.718471e+11  1.765491e+12  2.207148e+19  9.487043e+08  9.785884e+09  1.223814e+17 
 2.786787e+02  2.924659e+08  9.180579e+12  7.326208e+19  1.098701e+13  9.153492e+19  1.718540e+11  1.765528e+12  2.207145e+19  9.485955e+08  9.784582e+09  1.223624e+17 
 2.789790e+02  2.924698e+08  9.179661e+12  7.325034e+19  1.098791e+13  9.154116e+19  1.718608e+11  1.765566e+12  2.207143e+19  9.484869e+08  9.783280e+09  1.223434e+17 
 2.792793e+02  2.924736e+08  9.178743e+12  7.323862e+19  1.098882e+13  9.154740e+19  1.718676e+11  1.765603e+12  2.207141e+19  9.483783e+08  9.781980e+09  1.223244e+17 
 2.795796e+02  2.924774e+08  9.177826e+12  7.322690e+19  1.098972e+13  9.155364e+19  1.718744e+11  1.765641e+12  2.207139e+19  9.482698e+08  9.780681e+09  1.223054e+17 
 2.798799e+02  2.924813e+08  9.176909e+12  7.321520e+19  1.099063e+13  9.155988e+19  1.718812e+11  1.765679e+12  2.207137e+19  9.481614e+08  9.779383e+09  1.222864e+17 
 2.801802e+02  2.924851e+08  9.175994e+12  7.320351e+19  1.099153e+13  9.156611e+19  1.718880e+11  1.765716e+12  2.207135e+19  9.480530e+08  9.778086e+09  1.222675e+17 
 2.804805e+02  2.924890e+08  9.175079e+12  7.319183e+19  1.099243e+13  9.157234e+19  1.718948e+11  1.765753e+12  2.207133e+19  9.479447e+08  9.776790e+09  1.222486e+17 
 2.807808e+02  2.924928e+08  9.174164e+12  7.318016e+19  1.099334e+13  9.157856e+19  1.719016e+11  1.765791e+12  2.207130e+19  9.478365e+08  9.775495e+09  1.222297e+17 
 2.810811e+02  2.924966e+08  9.173251e+12  7.316851e+19  1.099424e+13  9.158478e+19  1.719084e+11  1.765828e+12  2.207128e+19  9.477284e+08  9.774201e+09  1.222108e+17 
 2.813814e+02  2.925005e+08  9.172338e+12  7.315687e+19  1.099514e+13  9.159100e+19  1.719152e+11  1.765865e+12  2.207126e+19  9.476204e+08  9.772908e+09  1.221919e+17 
 2.816817e+02  2.925043e+08  9.171426e+12  7.314523e+19  1.099604e+13  9.159721e+19  1.719219e+11  1.765903e+12  2.207124e+19  9.475124e+08  9.771617e+09  1.221731e+17 
 2.819820e+02  2.925082e+08  9.170515e+12  7.313361e+19  1.099694e+13  9.160342e+19  1.719287e+11  1.765940e+12  2.207122e+19  9.474045e+08  9.770326e+09  1.221543e+17 
 2.822823e+02  2.925120e+08  9.169605e+12  7.312200e+19  1.099783e+13  9.160963e+19  1.719354e+11  1.765977e+12  2.207120e+19  9.472967e+08  9.769036e+09  1.221355e+17 
 2.825826e+02  2.925158e+08  9.168695e+12  7.311041e+19  1.099873e+13  9.161583e+19  1.719422e+11  1.766014e+12  2.207118e+19  9.471890e+08  9.767748e+09  1.221167e+17 
 2.828829e+02  2.925197e+08  9.167786e+12  7.309882e+19  1.099963e+13  9.162203e+19  1.719489e+11  1.766051e+12  2.207116e+19  9.470813e+08  9.766460e+09  1.220979e+17 
 2.831832e+02  2.925235e+08  9.166878e+12  7.308725e+19  1.100053e+13  9.162823e+19  1.719556e+11  1.766088e+12  2.207114e+19  9.469737e+08  9.765173e+09  1.220791e+17 
 2.834835e+02  2.925273e+08  9.165971e+12  7.307568e+19  1.100142e+13  9.163442e+19  1.719623e+11  1.766125e+12  2.207112e+19  9.468662e+08  9.763888e+09  1.220604e+17 
 2.837838e+02  2.925312e+08  9.165064e+12  7.306413e+19  1.100232e+13  9.164061e+19  1.719690e+11  1.766162e+12  2.207109e+19  9.467588e+08  9.762603e+09  1.220417e+17 
 2.840841e+02  2.925350e+08  9.164158e+12  7.305259e+19  1.100321e+13  9.164679e+19  1.719757e+11  1.766199e+12  2.207107e+19  9.466514e+08  9.761320e+09  1.220229e+17 
 2.843844e+02  2.925389e+08  9.163253e+12  7.304107e+19  1.100410e+13  9.165298e+19  1.719824e+11  1.766236e+12  2.207105e+19  9.465441e+08  9.760038e+09  1.220043e+17 
 2.846847e+02  2.925427e+08  9.162348e+12  7.302955e+19  1.100499e+13  9.165915e+19  1.719891e+11  1.766272e+12  2.207103e+19  9.464369e+08  9.758756e+09  1.219856e+17 
 2.849850e+02  2.925465e+08  9.161445e+12  7.301805e+19  1.100589e+13  9.166533e+19  1.719957e+11  1.766309e+12  2.207101e+19  9.463298e+08  9.757476e+09  1.219669e+17 
 2.852853e+02  2.925504e+08  9.160542e+12  7.300655e+19  1.100678e+13  9.167150e+19  1.720024e+11  1.766346e+12  2.207099e+19  9.462228e+08  9.756197e+09  1.219483e+17 
 2.855856e+02  2.925542e+08  9.159640e+12  7.299507e+19  1.100767e+13  9.167766e+19  1.720090e+11  1.766382e+12  2.207097e+19  9.461158e+08  9.754918e+09  1.219297e+17 
 2.858859e+02  2.925580e+08  9.158738e+12  7.298360e+19  1.100856e+13  9.168383e+19  1.720157e+11  1.766419e+12  2.207095e+19  9.460089e+08  9.753641e+09  1.219111e+17 
 2.861862e+02  2.925618e+08  9.157837e+12  7.297214e+19  1.100945e+13  9.168999e+19  1.720223e+11  1.766456e+12  2.207093e+19  9.459021e+08  9.752365e+09  1.218925e+17 
 2.864865e+02  2.925657e+08  9.156937e+12  7.296069e+19  1.101033e+13  9.169614e+19  1.720290e+11  1.766492e+12  2.207091e+19  9.457953e+08  9.751090e+09  1.218739e+17 
 2.867868e+02  2.925695e+08  9.156038e+12  7.294926e+19  1.101122e+13  9.170230e+19  1.720356e+11  1.766528e+12  2.207089e+19  9.456887e+08  9.749816e+09  1.218553e+17 
 2.870871e+02  2.925733e+08  9.155140e+12  7.293783e+19  1.101211e+13  9.170845e+19  1.720422e+11  1.766565e+12  2.207087e+19  9.455821e+08  9.748543e+09  1.218368e+17 
 2.873874e+02  2.925772e+08  9.154242e+12  7.292642e+19  1.101299e+13  9.171459e+19  1.720488e+11  1.766601e+12  2.207085e+19  9.454756e+08  9.747271e+09  1.218183e+17 
 2.876877e+02  2.925810e+08  9.153345e+12  7.291502e+19  1.101388e+13  9.172073e+19  1.720554e+11  1.766638e+12  2.207083e+19  9.453691e+08  9.746000e+09  1.217998e+17 
 2.879880e+02  2.925848e+08  9.152448e+12  7.290363e+19  1.101476e+13  9.172687e+19  1.720620e+11  1.766674e+12  2.207081e+19  9.452628e+08  9.744730e+09  1.217813e+17 
 2.882883e+02  2.925887e+08  9.151553e+12  7.289225e+19  1.101565e+13  9.173301e+19  1.720686e+11  1.766710e+12  2.207079e+19  9.451565e+08  9.743461e+09  1.217628e+17 
 2.885886e+02  2.925925e+08  9.150658e+12  7.288088e+19  1.101653e+13  9.173914e+19  1.720751e+11  1.766746e+12  2.207077e+19  9.450503e+08  9.742193e+09  1.217444e+17 
 2.888889e+02  2.925963e+08  9.149764e+12  7.286953e+19  1.101741e+13  9.174526e+19  1.720817e+11  1.766782e+12  2.207075e+19  9.449441e+08  9.740926e+09  1.217260e+17 
 2.891892e+02  2.926001e+08  9.148870e+12  7.285818e+19  1.101829e+13  9.175139e+19  1.720882e+11  1.766818e+12  2.207073e+19  9.448381e+08  9.739660e+09  1.217075e+17 
 2.894895e+02  2.926040e+08  9.147978e+12  7.284685e+19  1.101918e+13  9.175751e+19  1.720948e+11  1.766854e+12  2.207071e+19  9.447321e+08  9.738396e+09  1.216891e+17 
 2.897898e+02  2.926078e+08  9.147086e+12  7.283552e+19  1.102006e+13  9.176363e+19  1.721013e+11  1.766890e+12  2.207069e+19  9.446262e+08  9.737132e+09  1.216708e+17 
 2.900901e+02  2.926116e+08  9.146195e+12  7.282421e+19  1.102093e+13  9.176974e+19  1.721079e+11  1.766926e+12  2.207067e+19  9.445204e+08  9.735869e+09  1.216524e+17 
 2.903904e+02  2.926154e+08  9.145304e+12  7.281291e+19  1.102181e+13  9.177585e+19  1.721144e+11  1.766962e+12  2.207065e+19  9.444146e+08  9.734607e+09  1.216340e+17 
 2.906907e+02  2.926193e+08  9.144415e+12  7.280163e+19  1.102269e+13  9.178195e+19  1.721209e+11  1.766998e+12  2.207063e+19  9.443089e+08  9.733347e+09  1.216157e+17 
 2.909910e+02  2.926231e+08  9.143526e+12  7.279035e+19  1.102357e+13  9.178806e+19  1.721274e+11  1.767034e+12  2.207062e+19  9.442033e+08  9.732087e+09  1.215974e+17 
 2.912913e+02  2.926269e+08  9.142637e+12  7.277908e+19  1.102445e+13  9.179416e+19  1.721339e+11  1.767070e+12  2.207060e+19  9.440978e+08  9.730828e+09  1.215791e+17 
 2.915916e+02  2.926307e+08  9.141750e+12  7.276783e+19  1.102532e+13  9.180025e+19  1.721404e+11  1.767106e+12  2.207058e+19  9.439924e+08  9.729571e+09  1.215608e+17 
 2.918919e+02  2.926345e+08  9.140863e+12  7.275658e+19  1.102620e+13  9.180634e+19  1.721469e+11  1.767141e+12  2.207056e+19  9.438870e+08  9.728314e+09  1.215426e+17 
 2.921922e+02  2.926384e+08  9.139977e+12  7.274535e+19  1.102707e+13  9.181243e+19  1.721534e+11  1.767177e+12  2.207054e+19  9.437817e+08  9.727058e+09  1.215243e+17 
 2.924925e+02  2.926422e+08  9.139092e+12  7.273413e+19  1.102794e+13  9.181851e+19  1.721598e+11  1.767212e+12  2.207052e+19  9.436765e+08  9.725804e+09  1.215061e+17 
 2.927928e+02  2.926460e+08  9.138207e+12  7.272292e+19  1.102882e+13  9.182460e+19  1.721663e+11  1.767248e+12  2.207050e+19  9.435713e+08  9.724550e+09  1.214879e+17 
 2.930931e+02  2.926498e+08  9.137323e+12  7.271172e+19  1.102969e+13  9.183067e+19  1.721727e+11  1.767284e+12  2.207048e+19  9.434663e+08  9.723298e+09  1.214697e+17 
 2.933934e+02  2.926536e+08  9.136440e+12  7.270053e+19  1.103056e+13  9.183675e+19  1.721792e+11  1.767319e+12  2.207046e+19  9.433613e+08  9.722046e+09  1.214515e+17 
 2.936937e+02  2.926575e+08  9.135557e+12  7.268936e+19  1.103143e+13  9.184282e+19  1.721856e+11  1.767354e+12  2.207044e+19  9.432563e+08  9.720796e+09  1.214333e+17 
 2.939940e+02  2.926613e+08  9.134676e+12  7.267819e+19  1.103230e+13  9.184888e+19  1.721920e+11  1.767390e+12  2.207042e+19  9.431515e+08  9.719546e+09  1.214152e+17 
 2.942943e+02  2.926651e+08  9.133795e+12  7.266704e+19  1.103317e+13  9.185495e+19  1.721984e+11  1.767425e+12  2.207041e+19  9.430467e+08  9.718298e+09  1.213971e+17 
 2.945946e+02  2.926689e+08  9.132914e+12  7.265589e+19  1.103404e+13  9.186101e+19  1.722049e+11  1.767460e+12  2.207039e+19  9.429420e+08  9.717050e+09  1.213789e+17 
 2.948949e+02  2.926727e+08  9.132035e+12  7.264476e+19  1.103491e+13  9.186706e+19  1.722113e+11  1.767496e+12  2.207037e+19  9.428374e+08  9.715804e+09  1.213608e+17 
 2.951952e+02  2.926765e+08  9.131156e+12  7.263364e+19  1.103578e+13  9.187311e+19  1.722177e+11  1.767531e+12  2.207035e+19  9.427329e+08  9.714558e+09  1.213428e+17 
 2.954955e+02  2.926804e+08  9.130278e+12  7.262253e+19  1.103664e+13  9.187916e+19  1.722240e+11  1.767566e+12  2.207033e+19  9.426284e+08  9.713314e+09  1.213247e+17 
 2.957958e+02  2.926842e+08  9.129401e+12  7.261143e+19  1.103751e+13  9.188521e+19  1.722304e+11  1.767601e+12  2.207031e+19  9.425240e+08  9.712071e+09  1.213067e+17 
 2.960961e+02  2.926880e+08  9.128524e+12  7.260034e+19  1.103837e+13  9.189125e+19  1.722368e+11  1.767636e+12  2.207030e+19  9.424197e+08  9.710828e+09  1.212886e+17 
 2.963964e+02  2.926918e+08  9.127648e+12  7.258927e+19  1.103924e+13  9.189729e+19  1.722432e+11  1.767671e+12  2.207028e+19  9.423155e+08  9.709587e+09  1.212706e+17 
 2.966967e+02  2.926956e+08  9.126773e+12  7.257820e+19  1.104010e+13  9.190332e+19  1.722495e+11  1.767706e+12  2.207026e+19  9.422113e+08  9.708347e+09  1.212526e+17 
 2.969970e+02  2.926994e+08  9.125898e+12  7.256715e+19  1.104096e+13  9.190935e+19  1.722559e+11  1.767741e+12  2.207024e+19  9.421072e+08  9.707107e+09  1.212347e+17 
 2.972973e+02  2.927032e+08  9.125024e+12  7.255610e+19  1.104183e+13  9.191538e+19  1.722622e+11  1.767776e+12  2.207022e+19  9.420032e+08  9.705869e+09  1.212167e+17 
 2.975976e+02  2.927070e+08  9.124151e+12  7.254507e+19  1.104269e+13  9.192140e+19  1.722685e+11  1.767811e+12  2.207020e+19  9.418993e+08  9.704632e+09  1.211987e+17 
 2.978979e+02  2.927109e+08  9.123279e+12  7.253405e+19  1.104355e+13  9.192742e+19  1.722749e+11  1.767846e+12  2.207019e+19  9.417954e+08  9.703395e+09  1.211808e+17 
 2.981982e+02  2.927147e+08  9.122407e+12  7.252303e+19  1.104441e+13  9.193344e+19  1.722812e+11  1.767881e+12  2.207017e+19  9.416916e+08  9.702160e+09  1.211629e+17 
 2.984985e+02  2.927185e+08  9.121536e+12  7.251203e+19  1.104527e+13  9.193945e+19  1.722875e+11  1.767915e+12  2.207015e+19  9.415879e+08  9.700926e+09  1.211450e+17 
 2.987988e+02  2.927223e+08  9.120666e+12  7.250104e+19  1.104613e+13  9.194546e+19  1.722938e+11  1.767950e+12  2.207013e+19  9.414843e+08  9.699692e+09  1.211271e+17 
 2.990991e+02  2.927261e+08  9.119797e+12  7.249007e+19  1.104699e+13  9.195147e+19  1.723001e+11  1.767985e+12  2.207012e+19  9.413807e+08  9.698460e+09  1.211093e+17 
 2.993994e+02  2.927299e+08  9.118928e+12  7.247910e+19  1.104784e+13  9.195747e+19  1.723063e+11  1.768019e+12  2.207010e+19  9.412772e+08  9.697229e+09  1.210914e+17 
 2.996997e+02  2.927337e+08  9.118060e+12  7.246814e+19  1.104870e+13  9.196347e+19  1.723126e+11  1.768054e+12  2.207008e+19  9.411738e+08  9.695999e+09  1.210736e+17 
 3.000000e+02  2.927375e+08  9.117192e+12  7.245719e+19  1.104956e+13  9.196946e+19  1.723189e+11  1.768089e+12  2.207006e+19  9.410705e+08  9.694769e+09  1.210558e+17 
